id,year,qnum,raw_subject,subject,subtopic,difficulty_source_tag,format,statement_count,negative_stem,explicit_current_affairs_tag,news_cue,stem_word_count,option_count,answer,answer_valid,cancelled,data_quality_flags,content_fingerprint
UPSC-2014-GS1-Q001,2014,1,Environment & Ecology,Environment & Ecology,Sustainable Agriculture & Forestry,moderate,Single-answer,4.0,False,False,False,78,4,b,True,False,,c897b2f830e2dfe8
UPSC-2014-GS1-Q002,2014,2,Environment & Ecology,Environment & Ecology,International Environmental Treaties & Summits,easy,Single-answer,0.0,False,False,False,16,4,a,True,False,,7a78e1f647dfb23e
UPSC-2014-GS1-Q003,2014,3,Geography,Geography,Oceanography,easy,Single-answer,0.0,False,False,False,18,4,a,True,False,,cb84a6ad452cdaf4
UPSC-2014-GS1-Q004,2014,4,Indian Economy,Economy,Agriculture & Rural Development,difficult,Match/Pair,3.0,False,False,False,47,4,d,True,False,,26b137d27388ad40
UPSC-2014-GS1-Q005,2014,5,Environment & Ecology,Environment & Ecology,Environmental Governance & Legislation,moderate,Multi-statement,3.0,False,False,False,60,4,c,True,False,,d3de809b252f3d31
UPSC-2014-GS1-Q006,2014,6,Environment & Ecology,Environment & Ecology,International Environmental Treaties & Summits,moderate,Single-answer,0.0,False,False,False,13,4,a,True,False,,6d81687e49a19904
UPSC-2014-GS1-Q007,2014,7,Science & Technology,Science & Technology,Energy & Environment,moderate,Multi-statement,3.0,True,False,False,84,4,a,True,False,,3ecca9f255e5de1e
UPSC-2014-GS1-Q008,2014,8,Art & Culture,Art & Culture,Literature & Languages,easy,Multi-statement,3.0,False,False,False,24,4,c,True,False,,603c6bdd5b33ddc6
UPSC-2014-GS1-Q009,2014,9,Environment & Ecology,Environment & Ecology,Protected Areas & Wildlife,moderate,Match/Pair,3.0,False,False,False,30,4,c,True,False,,e76c4edfe53a3dd1
UPSC-2014-GS1-Q010,2014,10,Environment & Ecology,Environment & Ecology,Water & Wetland Conservation,moderate,Multi-statement,2.0,False,False,False,63,4,b,True,False,,a41b6d0cfd78efe5
UPSC-2014-GS1-Q011,2014,11,Current Affairs,Current Affairs,International Organisations & Groupings,moderate,Multi-statement,2.0,False,True,False,48,4,b,True,False,,9dfdf738a75a148f
UPSC-2014-GS1-Q012,2014,12,Science & Technology,Science & Technology,Health & Diseases,easy,Multi-statement,3.0,False,False,False,21,4,b,True,False,,0814951e1a443478
UPSC-2014-GS1-Q013,2014,13,Science & Technology,Science & Technology,Biology,moderate,Multi-statement,2.0,False,False,False,27,4,c,True,False,,d56757e950f57920
UPSC-2014-GS1-Q014,2014,14,Environment & Ecology,Environment & Ecology,Biodiversity & Conservation,moderate,Single-answer,4.0,False,False,False,67,4,c,True,False,,759fa537279dbfe2
UPSC-2014-GS1-Q015,2014,15,Modern History,History,Transfer Of Power & Partition (1945-1947),easy,Single-answer,0.0,False,False,False,6,4,c,True,False,,9adbe3c975e1fe81
UPSC-2014-GS1-Q016,2014,16,Environment & Ecology,Environment & Ecology,Pollution & Waste Management,moderate,Single-answer,2.0,False,False,False,50,4,c,True,False,,af0ea214947169d4
UPSC-2014-GS1-Q017,2014,17,Science & Technology,Science & Technology,Biology,easy,Multi-statement,3.0,False,False,False,25,4,c,True,False,,a51ae57970f325c9
UPSC-2014-GS1-Q018,2014,18,Indian Polity,Polity & Governance,Parliament & State Legislatures,easy,Single-answer,0.0,False,False,False,12,4,b,True,False,,fcb9eefd2482460e
UPSC-2014-GS1-Q019,2014,19,Environment & Ecology,Environment & Ecology,Biogeochemical Cycles & Earth Systems,moderate,Multi-statement,4.0,False,False,False,36,4,c,True,False,,5fea283d24a09e09
UPSC-2014-GS1-Q020,2014,20,Environment & Ecology,Environment & Ecology,Ecosystems & Ecology Concepts,moderate,Multi-statement,3.0,False,False,False,51,4,b,True,False,,3c4e12e06c74d898
UPSC-2014-GS1-Q021,2014,21,Medieval History,History,Medieval Administration & Socio-Economic Institutions,moderate,Single-answer,0.0,False,False,False,11,4,b,True,False,,4f56f69046645971
UPSC-2014-GS1-Q022,2014,22,Science & Technology,Science & Technology,Biology,easy,Single-answer,0.0,False,False,False,19,4,b,True,False,,c4dfbf6a59ec8f06
UPSC-2014-GS1-Q023,2014,23,Geography,Geography,Biogeography & Natural Vegetation,moderate,Multi-statement,3.0,False,False,False,34,4,a,True,False,,924f0a72b940cf90
UPSC-2014-GS1-Q024,2014,24,Environment & Ecology,Environment & Ecology,Pollution & Waste Management,moderate,Multi-statement,4.0,False,False,False,37,4,d,True,False,,4a8e68c6f85c4f95
UPSC-2014-GS1-Q025,2014,25,Ancient History,History,Mahajanapadas & Early Kingdoms,moderate,Multi-statement,4.0,False,False,False,30,4,c,True,False,,dd0a4806ee7580c1
UPSC-2014-GS1-Q026,2014,26,Environment & Ecology,Environment & Ecology,Sustainable Agriculture & Forestry,moderate,Single-answer,0.0,False,False,False,25,4,b,True,False,,9aac3158659ee150
UPSC-2014-GS1-Q027,2014,27,Indian Economy,Economy,Taxation,easy,Single-answer,0.0,False,False,False,11,4,d,True,False,,1ab14cbc567d4651
UPSC-2014-GS1-Q028,2014,28,Indian Economy,Economy,Financial Markets & Capital Markets,easy,Single-answer,0.0,False,False,False,5,4,b,True,False,,34364ab4030ec24a
UPSC-2014-GS1-Q029,2014,29,Indian Economy,Economy,Economic Planning & Five-Year Plans,easy,Single-answer,0.0,False,False,False,9,4,d,True,False,,608f78b967c5d40a
UPSC-2014-GS1-Q030,2014,30,Indian Economy,Economy,External Sector & Balance Of Payments,moderate,Multi-statement,4.0,False,False,False,38,4,c,True,False,,236ae61d4ef43a4a
UPSC-2014-GS1-Q031,2014,31,Indian Economy,Economy,Monetary Policy & Money Supply,easy,Single-answer,0.0,False,False,False,21,4,a,True,False,,5078e64a0a12bca2
UPSC-2014-GS1-Q032,2014,32,Indian Economy,Economy,Digital Payments & Financial Inclusion,easy,Single-answer,2.0,False,False,False,58,4,c,True,False,,9a5f92a455101834
UPSC-2014-GS1-Q033,2014,33,Indian Economy,Economy,Monetary Policy & Money Supply,moderate,Multi-statement,4.0,False,False,False,78,4,a,True,False,,b931b7c06b3264c3
UPSC-2014-GS1-Q034,2014,34,Current Affairs,Current Affairs,International Conflicts & Security,easy,Single-answer,0.0,False,True,True,15,4,d,True,False,,73414f8b238ce059
UPSC-2014-GS1-Q035,2014,35,Geography,Geography,World Political Geography & Borders,moderate,Multi-statement,5.0,False,False,False,31,4,d,True,False,,3b49cec28034d81b
UPSC-2014-GS1-Q036,2014,36,Current Affairs,Current Affairs,International Conflicts & Security,easy,Match/Pair,3.0,False,True,False,24,4,a,True,False,,c10d22becf00370d
UPSC-2014-GS1-Q037,2014,37,Science & Technology,Science & Technology,Defence Technology,moderate,Multi-statement,3.0,False,False,False,46,4,a,True,False,,6129f083c82efc33
UPSC-2014-GS1-Q038,2014,38,Indian Economy,Economy,Infrastructure & Industry,moderate,Multi-statement,2.0,False,False,False,75,4,d,True,False,,fc41595a73272837
UPSC-2014-GS1-Q039,2014,39,Geography,Geography,Population & Demography,moderate,Multi-statement,3.0,False,False,False,50,4,b,True,False,,7dcef7c972069e39
UPSC-2014-GS1-Q040,2014,40,Science & Technology,Science & Technology,Energy & Environment,moderate,Single-answer,0.0,False,False,True,34,4,b,True,False,,4ddbfc3b5db9b9cd
UPSC-2014-GS1-Q041,2014,41,Environment & Ecology,Environment & Ecology,Ecosystems & Ecology Concepts,moderate,Multi-statement,4.0,False,False,False,31,4,a,True,False,,07e4b3e5513ddcd3
UPSC-2014-GS1-Q042,2014,42,Geography,Geography,Physical Geography & Geomorphology,easy,Multi-statement,3.0,False,False,False,31,4,b,True,False,,abe9e296c6df446d
UPSC-2014-GS1-Q043,2014,43,Geography,Geography,Atmosphere & Climatology,easy,Single-answer,0.0,False,False,False,10,4,c,True,False,,3efbabc6f4a7fa20
UPSC-2014-GS1-Q044,2014,44,Art & Culture,Art & Culture,Architecture & World Heritage,moderate,Single-answer,0.0,False,False,False,13,4,c,True,False,,ecea19f4a19bc091
UPSC-2014-GS1-Q045,2014,45,Geography,Geography,Indian Rivers & Water Resources,moderate,Multi-statement,3.0,False,False,False,19,4,b,True,False,,78c019939fc0b479
UPSC-2014-GS1-Q046,2014,46,Geography,Geography,Biogeography & Natural Vegetation,moderate,Match/Pair,3.0,False,False,False,43,4,a,True,False,,34af5fd68d4f8980
UPSC-2014-GS1-Q047,2014,47,Art & Culture,Art & Culture,Philosophy & Religion,easy,Single-answer,0.0,True,False,False,17,4,c,True,False,,6ea8768455f59e22
UPSC-2014-GS1-Q048,2014,48,Geography,Geography,Indian Physical Geography,moderate,Match/Pair,4.0,False,False,False,38,4,c,True,False,,2378e79d38fa385a
UPSC-2014-GS1-Q049,2014,49,Indian Polity,Polity & Governance,Elections & Electoral Reforms,easy,Single-answer,0.0,False,False,False,15,4,d,True,False,,1ab02846a5e3fde9
UPSC-2014-GS1-Q050,2014,50,Environment & Ecology,Environment & Ecology,Protected Areas & Wildlife,easy,Single-answer,0.0,False,False,False,18,4,a,True,False,,b09f7aa89923e418
UPSC-2014-GS1-Q051,2014,51,Geography,Geography,World Physical Geography,easy,Single-answer,0.0,False,False,False,4,4,b,True,False,,4750f72cf0007055
UPSC-2014-GS1-Q052,2014,52,Geography,Geography,Cartography & Map Skills,moderate,Single-answer,4.0,False,False,False,38,4,c,True,False,,d31d5e005ea22151
UPSC-2014-GS1-Q053,2014,53,Environment & Ecology,Environment & Ecology,Climate Change & Greenhouse Gases,moderate,Single-answer,4.0,True,False,False,83,4,b,True,False,,b1983a9bcfc26420
UPSC-2014-GS1-Q054,2014,54,Art & Culture,Art & Culture,Philosophy & Religion,easy,Single-answer,0.0,False,False,False,16,4,d,True,False,,5b469b66bc621034
UPSC-2014-GS1-Q055,2014,55,Indian Polity,Polity & Governance,Directive Principles Of State Policy,easy,Single-answer,0.0,False,False,False,15,4,b,True,False,,5c88adeee032c241
UPSC-2014-GS1-Q056,2014,56,Environment & Ecology,Environment & Ecology,Water & Wetland Conservation,moderate,Single-answer,4.0,False,False,False,47,4,c,True,False,,496497712c15d1ee
UPSC-2014-GS1-Q057,2014,57,Indian Economy,Economy,Economic Planning & Five-Year Plans,moderate,Multi-statement,5.0,False,False,False,45,4,b,True,False,,04192a937d25ddd3
UPSC-2014-GS1-Q058,2014,58,Indian Polity,Polity & Governance,Union & State Executive,moderate,Multi-statement,3.0,False,False,False,41,4,c,True,False,,6d95b735e4055083
UPSC-2014-GS1-Q059,2014,59,Indian Polity,Polity & Governance,Constitutional Framework & Development,easy,Multi-statement,2.0,False,False,False,48,4,b,True,False,,3bf50e76dc65764a
UPSC-2014-GS1-Q060,2014,60,Indian Polity,Polity & Governance,Union & State Executive,moderate,Multi-statement,4.0,False,False,False,70,4,b,True,False,,8b45324662f33635
UPSC-2014-GS1-Q061,2014,61,Indian Economy,Economy,Money & Banking / Monetary Policy,easy,Single-answer,0.0,False,False,False,11,4,c,True,False,,9029f0201a9305c6
UPSC-2014-GS1-Q062,2014,62,Indian Polity,Polity & Governance,Union & State Executive,moderate,Multi-statement,2.0,False,False,False,64,4,a,True,False,,182093e55bc42d3e
UPSC-2014-GS1-Q063,2014,63,Indian Polity,Polity & Governance,Parliament & State Legislatures,easy,Multi-statement,2.0,False,False,False,46,4,c,True,False,,efc6a06fca39ac21
UPSC-2014-GS1-Q064,2014,64,Environment & Ecology,Environment & Ecology,Sustainable Agriculture & Forestry,moderate,Multi-statement,3.0,False,False,False,59,4,c,True,False,,c78851c4b874411d
UPSC-2014-GS1-Q065,2014,65,Science & Technology,Science & Technology,Biology,easy,Single-answer,0.0,False,False,False,11,4,b,True,False,,ab09578784684daf
UPSC-2014-GS1-Q066,2014,66,Science & Technology,Science & Technology,Computer & Information Technology,moderate,Multi-statement,3.0,False,False,False,37,4,d,True,False,,a18594cd9e20f4c7
UPSC-2014-GS1-Q067,2014,67,Science & Technology,Science & Technology,Biotechnology & Genetics,moderate,Multi-statement,3.0,False,False,False,45,4,c,True,False,,77d3199e9e99eb60
UPSC-2014-GS1-Q068,2014,68,Science & Technology,Science & Technology,Space Technology & Astronomy,moderate,Match/Pair,3.0,False,False,False,51,4,b,True,False,,688339c7cb287928
UPSC-2014-GS1-Q069,2014,69,Geography,Geography,Indian Agriculture & Land Use,difficult,Match/Pair,3.0,False,False,False,34,4,d,True,False,,9c7c7e5b2aa7b191
UPSC-2014-GS1-Q070,2014,70,Science & Technology,Science & Technology,Chemistry,easy,Multi-statement,3.0,False,False,False,32,4,b,True,False,,cc4650cd2cfe30c8
UPSC-2014-GS1-Q071,2014,71,Indian Polity,Polity & Governance,Judiciary,easy,Single-answer,0.0,False,False,False,20,4,c,True,False,,98f9b3ffb8b1f753
UPSC-2014-GS1-Q072,2014,72,Science & Technology,Science & Technology,Biotechnology & Genetics,moderate,Multi-statement,3.0,False,False,False,29,4,b,True,False,,2c790cfd279284c6
UPSC-2014-GS1-Q073,2014,73,Science & Technology,Science & Technology,Biology,easy,Multi-statement,3.0,False,False,False,43,4,d,True,False,,1e932ef8aac54eb1
UPSC-2014-GS1-Q074,2014,74,Science & Technology,Science & Technology,Biology,easy,Single-answer,0.0,True,False,False,15,4,a,True,False,,3715488486554880
UPSC-2014-GS1-Q075,2014,75,Indian Polity,Polity & Governance,Judiciary,easy,Single-answer,0.0,False,False,False,17,4,b,True,False,,711a1affd45bbf28
UPSC-2014-GS1-Q076,2014,76,Art & Culture,Art & Culture,"Festivals, Crafts & Folk Traditions",moderate,Multi-statement,4.0,False,False,False,27,4,b,True,False,,58fdb246abedfc98
UPSC-2014-GS1-Q077,2014,77,Geography,Geography,Transport & Infrastructure Geography,moderate,Match/Pair,3.0,False,False,False,36,4,d,True,False,,c551c32c1d35b99b
UPSC-2014-GS1-Q078,2014,78,Environment & Ecology,Environment & Ecology,International Environmental Treaties & Summits,moderate,Multi-statement,3.0,False,False,False,41,4,d,True,False,,59de4b2b9bf54748
UPSC-2014-GS1-Q079,2014,79,Environment & Ecology,Environment & Ecology,Climate Change & Greenhouse Gases,moderate,Multi-statement,3.0,False,False,False,67,4,c,True,False,,399dad90cb7864a5
UPSC-2014-GS1-Q080,2014,80,Environment & Ecology,Environment & Ecology,Ecosystems & Ecology Concepts,moderate,Single-answer,0.0,False,False,False,13,4,a,True,False,,ea3b35699495bac5
UPSC-2014-GS1-Q081,2014,81,Modern History,History,Early Nationalism & Indian National Congress (1885-1915),easy,Single-answer,0.0,False,False,False,12,4,b,True,False,,46373d180699310c
UPSC-2014-GS1-Q082,2014,82,Modern History,History,Gandhian Mass Movements (1915-1942),moderate,Single-answer,0.0,False,False,False,19,4,b,True,False,,442c2fb9176c2523
UPSC-2014-GS1-Q083,2014,83,Art & Culture,Art & Culture,Classical Dance Forms,moderate,Multi-statement,3.0,False,False,False,59,4,b,True,False,,afc4ab90e3a122e8
UPSC-2014-GS1-Q084,2014,84,Art & Culture,Art & Culture,Cultural Institutions & Awards,easy,Single-answer,0.0,False,False,False,30,4,a,True,False,,004e048ad666f688
UPSC-2014-GS1-Q085,2014,85,Art & Culture,Art & Culture,Sculpture & Iconography,moderate,Match/Pair,3.0,False,False,False,92,4,c,True,False,,507454387842ba9c
UPSC-2014-GS1-Q086,2014,86,Modern History,History,Revolutionary & Communist Movements,easy,Single-answer,0.0,False,False,False,5,4,a,True,False,,f6a82e5be011e541
UPSC-2014-GS1-Q087,2014,87,Art & Culture,Art & Culture,"Festivals, Crafts & Folk Traditions",easy,Single-answer,0.0,False,False,False,10,4,d,True,False,,c4a57999336cc288
UPSC-2014-GS1-Q088,2014,88,Art & Culture,Art & Culture,Classical Dance Forms,easy,Match/Pair,3.0,False,False,False,26,4,c,True,False,,f8878cb5b3e11885
UPSC-2014-GS1-Q089,2014,89,Art & Culture,Art & Culture,Architecture & World Heritage,moderate,Match/Pair,3.0,False,False,False,49,4,c,True,False,,d87485caae64b212
UPSC-2014-GS1-Q090,2014,90,Art & Culture,Art & Culture,Philosophy & Religion,moderate,Multi-statement,2.0,False,False,False,35,4,d,True,False,,c21a972869560716
UPSC-2014-GS1-Q091,2014,91,Art & Culture,Art & Culture,Music,easy,Single-answer,0.0,False,False,False,10,4,b,True,False,,9e7f698cb368c6d7
UPSC-2014-GS1-Q092,2014,92,Modern History,History,Constitutional Developments & British Plans (1909-1947),moderate,Single-answer,3.0,False,False,False,46,4,a,True,False,,8b4526ee600e270b
UPSC-2014-GS1-Q093,2014,93,Medieval History,History,Mughal Empire,easy,Single-answer,0.0,False,False,False,6,4,c,True,False,,e0707fc06c921e76
UPSC-2014-GS1-Q094,2014,94,Indian Economy,Economy,Agriculture & Rural Development,moderate,Single-answer,3.0,False,False,False,97,4,b,True,False,,134e25eb98643c99
UPSC-2014-GS1-Q095,2014,95,Environment & Ecology,Environment & Ecology,Environmental Governance & Legislation,moderate,Multi-statement,2.0,True,False,False,58,4,d,True,False,,2bf048ff4ae2c26f
UPSC-2014-GS1-Q096,2014,96,Environment & Ecology,Environment & Ecology,Environmental Governance & Legislation,moderate,Multi-statement,3.0,False,False,False,48,4,b,True,False,,0d75cd40625a9aa2
UPSC-2014-GS1-Q097,2014,97,Science & Technology,Science & Technology,Health & Diseases,easy,Match/Pair,3.0,False,False,False,31,4,a,True,False,,eb5f6d51ff1fd5a0
UPSC-2014-GS1-Q098,2014,98,Science & Technology,Science & Technology,Materials & Engineering,moderate,Single-answer,3.0,False,False,False,61,4,d,True,False,,467e35276121b91c
UPSC-2014-GS1-Q099,2014,99,Indian Economy,Economy,International Institutions & Reports,easy,Single-answer,0.0,False,False,False,14,4,a,True,False,,39fae556368ec8d1
UPSC-2014-GS1-Q100,2014,100,Indian Economy,Economy,Fiscal Policy & Budget,moderate,Multi-statement,4.0,False,False,False,35,4,c,True,False,,720ca20e37a7bb02
UPSC-2015-GS1-Q001,2015,1,Indian Economy,Economy,Digital Payments & Financial Inclusion,easy,Single-answer,0.0,False,False,False,8,4,c,True,False,,bcb8aa518282db05
UPSC-2015-GS1-Q002,2015,2,Indian Economy,Economy,Fiscal Policy & Budget,moderate,Multi-statement,2.0,False,False,False,50,4,a,True,False,,7c78528afb4f8c81
UPSC-2015-GS1-Q003,2015,3,Current Affairs,Current Affairs,International Organisations & Groupings,easy,Single-answer,0.0,False,True,True,13,4,b,True,False,,7cbe4fc9d25b9d5a
UPSC-2015-GS1-Q004,2015,4,Indian Economy,Economy,Fiscal Policy & Budget,moderate,Multi-statement,2.0,False,False,False,36,4,a,True,False,,2c5952386e5d821d
UPSC-2015-GS1-Q005,2015,5,Geography,Geography,Atmosphere & Climatology,moderate,Single-answer,0.0,True,False,False,19,4,b,True,False,,c3d68096cb811704
UPSC-2015-GS1-Q006,2015,6,Geography,Geography,Cartography & Map Skills,easy,Single-answer,0.0,False,False,False,16,4,d,True,False,,67db902425384d1e
UPSC-2015-GS1-Q007,2015,7,Indian Polity,Polity & Governance,Directive Principles Of State Policy,easy,Multi-statement,2.0,True,False,False,44,4,c,True,False,,e4ae2636a1a35fe3
UPSC-2015-GS1-Q008,2015,8,Indian Economy,Economy,Infrastructure & Industry,easy,Single-answer,0.0,False,False,False,17,4,b,True,False,,ddafc642879c8b5d
UPSC-2015-GS1-Q009,2015,9,Environment & Ecology,Environment & Ecology,Protected Areas & Wildlife,easy,Single-answer,0.0,False,False,False,20,4,b,True,False,,e9c188fddd1821de
UPSC-2015-GS1-Q010,2015,10,Science & Technology,Science & Technology,Science & Technology Institutions,moderate,Multi-statement,2.0,False,False,False,63,4,a,True,False,,79a3d9456ab5d1b8
UPSC-2015-GS1-Q011,2015,11,Environment & Ecology,Environment & Ecology,Pollution & Waste Management,moderate,Single-answer,3.0,False,False,False,50,4,c,True,False,,8b6da9ffdcc1e90f
UPSC-2015-GS1-Q012,2015,12,Environment & Ecology,Environment & Ecology,International Environmental Treaties & Summits,moderate,Multi-statement,3.0,True,False,False,100,4,b,True,False,,8ff9c3aff597c632
UPSC-2015-GS1-Q013,2015,13,Indian Economy,Economy,Agriculture & Rural Development,easy,Single-answer,0.0,False,False,False,12,4,a,True,False,,b37c0add9e3c0226
UPSC-2015-GS1-Q014,2015,14,Geography,Geography,Oceanography,moderate,Single-answer,0.0,False,False,False,9,4,b,True,False,,f1cf6b070db9e4ed
UPSC-2015-GS1-Q015,2015,15,Geography,Geography,Indian Physical Geography,moderate,Match/Pair,3.0,False,False,False,31,4,a,True,False,,d8337ba13e64e3c7
UPSC-2015-GS1-Q016,2015,16,Modern History,History,Gandhian Mass Movements (1915-1942),moderate,Multi-statement,3.0,False,False,False,58,4,b,True,False,,4a2b6a28819491f3
UPSC-2015-GS1-Q017,2015,17,Current Affairs,Current Affairs,Disasters & Humanitarian Issues,easy,Single-answer,0.0,False,True,True,17,4,b,True,False,,3597764f93e47926
UPSC-2015-GS1-Q018,2015,18,Environment & Ecology,Environment & Ecology,Pollution & Waste Management,moderate,Multi-statement,3.0,True,False,False,82,4,a,True,False,,00f23eeba649d905
UPSC-2015-GS1-Q019,2015,19,Environment & Ecology,Environment & Ecology,Biodiversity & Conservation,moderate,Multi-statement,3.0,False,False,False,57,4,c,True,False,,54d7589e4459d9fb
UPSC-2015-GS1-Q020,2015,20,Modern History,History,British Administration & Economic Policies,moderate,Single-answer,3.0,False,False,False,31,4,d,True,False,,452b3c9e0d84cffe
UPSC-2015-GS1-Q021,2015,21,Indian Economy,Economy,International Institutions & Reports,easy,Single-answer,0.0,False,False,False,12,4,d,True,False,,bd394a87aa478ac1
UPSC-2015-GS1-Q022,2015,22,Indian Economy,Economy,Monetary Policy & Money Supply,moderate,Single-answer,0.0,False,False,False,23,4,c,True,False,,701d3d984c9c1e47
UPSC-2015-GS1-Q023,2015,23,Science & Technology,Science & Technology,Health & Diseases,moderate,Multi-statement,2.0,False,False,False,43,4,c,True,False,,82042b48c3a91c34
UPSC-2015-GS1-Q024,2015,24,Indian Economy,Economy,Agriculture & Rural Development,easy,Single-answer,0.0,False,False,False,10,4,b,True,False,,8758dc5b8fbed845
UPSC-2015-GS1-Q025,2015,25,Environment & Ecology,Environment & Ecology,Biodiversity & Conservation,easy,Single-answer,0.0,False,False,False,12,4,c,True,False,,acdbfca6118e62e8
UPSC-2015-GS1-Q026,2015,26,Modern History,History,Revolutionary & Communist Movements,moderate,Multi-statement,3.0,False,False,False,50,4,d,True,False,,17edad64eb71fae3
UPSC-2015-GS1-Q027,2015,27,Indian Polity,Polity & Governance,Parliament & State Legislatures,moderate,Multi-statement,3.0,False,False,False,50,4,b,True,False,,134a608e5d6a1696
UPSC-2015-GS1-Q028,2015,28,Modern History,History,Constitutional Developments & British Plans (1909-1947),easy,Single-answer,0.0,False,False,False,9,4,b,True,False,,b3fcd7a81c22a745
UPSC-2015-GS1-Q029,2015,29,Indian Economy,Economy,Inflation & Price Indices,easy,Single-answer,0.0,False,False,False,14,4,c,True,False,,884c8d0a45e94868
UPSC-2015-GS1-Q030,2015,30,Science & Technology,Science & Technology,Physics,moderate,Multi-statement,3.0,False,False,True,68,4,d,True,False,,01e0f9e2a6ad815d
UPSC-2015-GS1-Q031,2015,31,Indian Economy,Economy,International Trade & WTO,easy,Single-answer,0.0,False,False,True,30,4,c,True,False,,5977368350a0f872
UPSC-2015-GS1-Q032,2015,32,Science & Technology,Science & Technology,Computer & Information Technology,moderate,Multi-statement,3.0,False,False,False,66,4,c,True,False,,f71fd0091b327015
UPSC-2015-GS1-Q033,2015,33,Geography,Geography,World Political Geography & Borders,easy,Single-answer,0.0,False,False,True,19,4,b,True,False,,5f720db70880715b
UPSC-2015-GS1-Q034,2015,34,Indian Economy,Economy,External Sector & Balance Of Payments,easy,Single-answer,0.0,False,False,False,4,4,c,True,False,,27d2621944dbfacb
UPSC-2015-GS1-Q035,2015,35,Medieval History,History,Regional Kingdoms & Frontier States,difficult,Match/Pair,3.0,False,False,False,31,4,b,True,False,,de53dd6fae0f8e4c
UPSC-2015-GS1-Q036,2015,36,Geography,Geography,Indian Rivers & Water Resources,moderate,Multi-statement,4.0,False,False,False,21,4,d,True,False,,d04163077f170861
UPSC-2015-GS1-Q037,2015,37,Indian Polity,Polity & Governance,Parliament & State Legislatures,easy,Single-answer,0.0,False,False,False,22,4,a,True,False,,8c32415241147e6c
UPSC-2015-GS1-Q038,2015,38,Environment & Ecology,Environment & Ecology,Ecosystems & Ecology Concepts,moderate,Single-answer,0.0,False,False,False,19,4,d,True,False,,27f00545fb224a6f
UPSC-2015-GS1-Q039,2015,39,Ancient History,History,Mahajanapadas & Early Kingdoms,moderate,Multi-statement,4.0,False,False,False,30,4,d,True,False,,dd0a4806ee7580c1
UPSC-2015-GS1-Q040,2015,40,Environment & Ecology,Environment & Ecology,International Environmental Treaties & Summits,easy,Single-answer,0.0,False,False,False,21,4,b,True,False,,c251f8fd9f48cd94
UPSC-2015-GS1-Q041,2015,41,Medieval History,History,Mughal Empire,moderate,Multi-statement,3.0,False,False,False,48,4,b,True,False,,66792789de29ffb5
UPSC-2015-GS1-Q042,2015,42,Indian Economy,Economy,Economic Planning & Five-Year Plans,easy,Single-answer,0.0,False,False,False,11,4,d,True,False,,db34ae2bd5fac4ff
UPSC-2015-GS1-Q043,2015,43,Environment & Ecology,Environment & Ecology,International Environmental Treaties & Summits,easy,Single-answer,0.0,False,False,True,9,4,a,True,False,,cada048218188fac
UPSC-2015-GS1-Q044,2015,44,Indian Polity,Polity & Governance,Union & State Executive,moderate,Multi-statement,2.0,False,False,False,42,4,d,True,False,,26eeb59a19d3e8b8
UPSC-2015-GS1-Q045,2015,45,Science & Technology,Science & Technology,Space Technology & Astronomy,easy,Single-answer,0.0,False,False,True,14,4,c,True,False,,16040bfba8447be1
UPSC-2015-GS1-Q046,2015,46,Modern History,History,Gandhian Mass Movements (1915-1942),moderate,Single-answer,0.0,False,False,False,19,4,b,True,False,,5286e4b320275147
UPSC-2015-GS1-Q047,2015,47,Medieval History,History,Vijayanagara Empire,moderate,Single-answer,0.0,False,False,False,45,4,c,True,False,,07efd94656ba992a
UPSC-2015-GS1-Q048,2015,48,Modern History,History,Early Nationalism & Indian National Congress (1885-1915),easy,Multi-statement,2.0,False,False,False,39,4,b,True,False,,7b13cb814eb642b3
UPSC-2015-GS1-Q049,2015,49,Environment & Ecology,Environment & Ecology,International Environmental Treaties & Summits,moderate,Multi-statement,2.0,False,False,False,54,4,a,True,False,,1a01ed349fc25073
UPSC-2015-GS1-Q050,2015,50,Current Affairs,Current Affairs,Awards & Honours,easy,Single-answer,0.0,False,True,False,18,4,c,True,False,,3571c47283b5ac9a
UPSC-2015-GS1-Q051,2015,51,Modern History,History,Constitutional Developments & British Plans (1909-1947),moderate,Multi-statement,3.0,False,False,False,46,4,a,True,False,,9e96293111e5a9a0
UPSC-2015-GS1-Q052,2015,52,Environment & Ecology,Environment & Ecology,Protected Areas & Wildlife,moderate,Single-answer,0.0,False,False,False,19,4,d,True,False,,1c289e0ba4b84562
UPSC-2015-GS1-Q053,2015,53,Current Affairs,Current Affairs,International Organisations & Groupings,easy,Single-answer,0.0,False,True,False,3,4,b,True,False,,639e450e9605430b
UPSC-2015-GS1-Q054,2015,54,Art & Culture,Art & Culture,Sculpture & Iconography,moderate,Single-answer,0.0,False,False,False,18,4,b,True,False,,5599a61ad0aecc99
UPSC-2015-GS1-Q055,2015,55,Medieval History,History,Medieval Administration & Socio-Economic Institutions,moderate,Multi-statement,3.0,False,False,False,66,4,b,True,False,,6dec3fb1040208e8
UPSC-2015-GS1-Q056,2015,56,Environment & Ecology,Environment & Ecology,International Environmental Treaties & Summits,moderate,Single-answer,0.0,False,False,False,11,4,d,True,False,,e7d23baffe75c119
UPSC-2015-GS1-Q057,2015,57,Current Affairs,Current Affairs,International Organisations & Groupings,easy,Single-answer,3.0,False,True,False,32,4,b,True,False,,b29f9e1596d112e3
UPSC-2015-GS1-Q058,2015,58,Indian Economy,Economy,Infrastructure & Industry,easy,Single-answer,0.0,False,False,False,10,4,c,True,False,,5e37cd134483c6d9
UPSC-2015-GS1-Q059,2015,59,Indian Polity,Polity & Governance,Federalism & Centre–State Relations,easy,Single-answer,0.0,False,False,False,18,4,a,True,False,,390c22e4d1d49c7d
UPSC-2015-GS1-Q060,2015,60,Indian Polity,Polity & Governance,Public Finance & Finance Commission,moderate,Multi-statement,3.0,False,False,False,75,4,c,True,False,,9c2359184b24777a
UPSC-2015-GS1-Q061,2015,61,Indian Polity,Polity & Governance,Judiciary,easy,Single-answer,0.0,False,False,False,12,4,d,True,False,,f0304529b71cdb63
UPSC-2015-GS1-Q062,2015,62,Indian Economy,Economy,Agriculture & Rural Development,moderate,Multi-statement,2.0,False,False,False,46,4,b,True,False,,681d3389fdaa4f78
UPSC-2015-GS1-Q063,2015,63,Environment & Ecology,Environment & Ecology,Environmental Governance & Legislation,moderate,Single-answer,0.0,False,False,False,9,4,c,True,False,,c6811b88203f8537
UPSC-2015-GS1-Q064,2015,64,Current Affairs,Current Affairs,International Relations & Treaties,moderate,Multi-statement,5.0,True,True,False,36,4,c,True,False,,03c88abe761af353
UPSC-2015-GS1-Q065,2015,65,Indian Economy,Economy,Banking & Financial Sector,moderate,Single-answer,0.0,False,False,True,14,4,b,True,False,,66d71dbab0915d26
UPSC-2015-GS1-Q066,2015,66,Geography,Geography,Atmosphere & Climatology,moderate,Multi-statement,2.0,False,False,False,50,4,b,True,False,,1b04faf7bd66340d
UPSC-2015-GS1-Q067,2015,67,Current Affairs,Current Affairs,International Organisations & Groupings,moderate,Multi-statement,2.0,False,True,True,51,4,d,True,False,,163da840374b3b99
UPSC-2015-GS1-Q068,2015,68,Modern History,History,Early Nationalism & Indian National Congress (1885-1915),easy,Single-answer,0.0,False,False,False,24,4,a,True,False,,6a983eb7b3f285af
UPSC-2015-GS1-Q069,2015,69,Environment & Ecology,Environment & Ecology,Sustainable Agriculture & Forestry,easy,Single-answer,0.0,False,False,False,37,4,a,True,False,,f7a5a0e832f8fb24
UPSC-2015-GS1-Q070,2015,70,Geography,Geography,Oceanography,easy,Single-answer,3.0,False,False,False,40,4,d,True,False,,2373db443296fc07
UPSC-2015-GS1-Q071,2015,71,Science & Technology,Science & Technology,Space Technology & Astronomy,moderate,Multi-statement,5.0,False,False,False,39,4,a,True,False,,180bcde7d058a443
UPSC-2015-GS1-Q072,2015,72,Geography,Geography,Biogeography & Natural Vegetation,easy,Multi-statement,3.0,False,False,False,25,4,c,True,False,,0d484f3c426c9f2f
UPSC-2015-GS1-Q073,2015,73,Science & Technology,Science & Technology,Science & Technology Institutions,easy,Single-answer,0.0,False,False,True,12,4,d,True,False,,3772b20b142a496a
UPSC-2015-GS1-Q074,2015,74,Environment & Ecology,Environment & Ecology,International Environmental Treaties & Summits,moderate,Multi-statement,3.0,False,False,False,88,4,c,True,False,,e41f478f8505276d
UPSC-2015-GS1-Q075,2015,75,Art & Culture,Art & Culture,Literature & Languages,easy,Single-answer,0.0,False,False,True,11,4,a,True,False,,f963770a2e8e6d43
UPSC-2015-GS1-Q076,2015,76,Environment & Ecology,Environment & Ecology,International Environmental Treaties & Summits,moderate,Multi-statement,3.0,False,False,False,57,4,c,True,False,,1a9968ce2631180a
UPSC-2015-GS1-Q077,2015,77,Geography,Geography,World Political Geography & Borders,easy,Single-answer,0.0,True,False,False,17,4,b,True,False,,264e1c4d346ce53b
UPSC-2015-GS1-Q078,2015,78,Environment & Ecology,Environment & Ecology,Ecosystems & Ecology Concepts,easy,Single-answer,0.0,False,False,False,17,4,a,True,False,,a18072db7e4d3a7b
UPSC-2015-GS1-Q079,2015,79,Current Affairs,Current Affairs,International Relations & Treaties,moderate,Single-answer,0.0,False,True,True,12,4,c,True,False,,61a6d8795433ee6b
UPSC-2015-GS1-Q080,2015,80,Geography,Geography,Atmosphere & Climatology,moderate,Single-answer,0.0,False,False,False,55,4,b,True,False,,cad4cd2cf0ecae6f
UPSC-2015-GS1-Q081,2015,81,Indian Economy,Economy,National Income & Economic Growth,moderate,Multi-statement,2.0,False,False,False,52,4,b,True,False,,4450a80d06f36e91
UPSC-2015-GS1-Q082,2015,82,Indian Polity,Polity & Governance,Parliament & State Legislatures,easy,Multi-statement,2.0,False,False,False,53,4,d,True,False,,de5a27a287766a05
UPSC-2015-GS1-Q083,2015,83,Indian Polity,Polity & Governance,Fundamental Duties,easy,Single-answer,0.0,False,False,False,17,4,d,True,False,,8f0efce3cb7bb741
UPSC-2015-GS1-Q084,2015,84,Environment & Ecology,Environment & Ecology,Ecosystems & Ecology Concepts,easy,Single-answer,0.0,False,False,False,13,4,c,True,False,,6d79107c3eddb1c1
UPSC-2015-GS1-Q085,2015,85,Indian Polity,Polity & Governance,Local Government & Panchayati Raj,moderate,Single-answer,4.0,False,False,False,37,4,c,True,False,,ff888af59dbfd6d0
UPSC-2015-GS1-Q086,2015,86,Indian Economy,Economy,Monetary Policy & Money Supply,easy,Multi-statement,4.0,False,False,False,31,4,c,True,False,,806095244c1a8bc2
UPSC-2015-GS1-Q087,2015,87,Indian Economy,Economy,Inflation & Price Indices,easy,Single-answer,0.0,False,False,False,13,4,c,True,False,,9fe48bb3d0a48d76
UPSC-2015-GS1-Q088,2015,88,Current Affairs,Current Affairs,International Relations & Treaties,moderate,Multi-statement,5.0,False,True,False,41,4,a,True,False,,5ce8ba91d5035746
UPSC-2015-GS1-Q089,2015,89,Indian Polity,Polity & Governance,Directive Principles Of State Policy,easy,Single-answer,0.0,False,False,False,13,4,b,True,False,,6ce51de9d3aab391
UPSC-2015-GS1-Q090,2015,90,Indian Economy,Economy,Infrastructure & Industry,moderate,Single-answer,0.0,False,False,False,14,4,b,True,False,,fbd95220633171a7
UPSC-2015-GS1-Q091,2015,91,Indian Polity,Polity & Governance,Union & State Executive,easy,Single-answer,0.0,False,False,False,11,4,d,True,False,,868203d2859fb933
UPSC-2015-GS1-Q092,2015,92,Science & Technology,Science & Technology,Health & Diseases,easy,Single-answer,0.0,False,False,True,17,4,d,True,False,,f21d4c2db1f2ec05
UPSC-2015-GS1-Q093,2015,93,Science & Technology,Science & Technology,Biotechnology & Genetics,moderate,Multi-statement,2.0,False,False,False,56,4,d,True,False,,9487d929d5781b77
UPSC-2015-GS1-Q094,2015,94,Indian Economy,Economy,External Sector & Balance Of Payments,moderate,Single-answer,0.0,False,False,False,11,4,c,True,False,,a6bdb9468b8e36ee
UPSC-2015-GS1-Q095,2015,95,Science & Technology,Science & Technology,Energy & Environment,moderate,Multi-statement,3.0,True,False,False,76,4,a,True,False,,b8a645671d490cd4
UPSC-2015-GS1-Q096,2015,96,Art & Culture,Art & Culture,"Festivals, Crafts & Folk Traditions",easy,Single-answer,0.0,False,False,False,4,4,a,True,False,,763798459b9b74fb
UPSC-2015-GS1-Q097,2015,97,Indian Economy,Economy,Agriculture & Rural Development,moderate,Single-answer,0.0,False,False,False,14,4,b,True,False,,bc323991d8147ace
UPSC-2015-GS1-Q098,2015,98,Indian Economy,Economy,Fiscal Policy & Budget,moderate,Multi-statement,4.0,False,False,False,49,4,a,True,False,,af5bf6b3fb5e5738
UPSC-2015-GS1-Q099,2015,99,Art & Culture,Art & Culture,"Festivals, Crafts & Folk Traditions",moderate,Multi-statement,3.0,False,False,False,30,4,c,True,False,,300f37c1120744fd
UPSC-2015-GS1-Q100,2015,100,Indian Economy,Economy,Banking & Financial Sector,moderate,Multi-statement,2.0,False,False,False,42,4,c,True,False,,9d06a8652b5db68a
UPSC-2016-GS1-Q001,2016,1,Indian Polity,Polity & Governance,Parliament & State Legislatures,moderate,Multi-statement,2.0,True,False,False,54,4,b,True,False,,7dbe23fa266a7562
UPSC-2016-GS1-Q002,2016,2,Current Affairs,Current Affairs,International Organisations & Groupings,easy,Multi-statement,3.0,False,True,False,34,4,c,True,False,,60a39a5a9ea531db
UPSC-2016-GS1-Q003,2016,3,Indian Economy,Economy,Fiscal Policy & Budget,moderate,Single-answer,4.0,False,False,False,50,4,c,True,False,,359c93c6fe5e52b1
UPSC-2016-GS1-Q004,2016,4,Indian Economy,Economy,Digital Payments & Financial Inclusion,moderate,Multi-statement,3.0,False,False,False,73,4,b,True,False,,846bdba950b01c28
UPSC-2016-GS1-Q005,2016,5,Science & Technology,Science & Technology,Computer & Information Technology,moderate,Multi-statement,2.0,False,False,True,48,4,c,True,False,,be6b5105ff083315
UPSC-2016-GS1-Q006,2016,6,Environment & Ecology,Environment & Ecology,International Environmental Treaties & Summits,easy,Single-answer,0.0,False,False,True,16,4,b,True,False,,7705c47a84ae976b
UPSC-2016-GS1-Q007,2016,7,Indian Economy,Economy,Infrastructure & Industry,easy,Single-answer,0.0,False,False,False,15,4,d,True,False,,f1938d0d29a7957f
UPSC-2016-GS1-Q008,2016,8,Indian Economy,Economy,Financial Markets & Capital Markets,moderate,Multi-statement,2.0,False,False,True,63,4,c,True,False,,d600f64401f81fc1
UPSC-2016-GS1-Q009,2016,9,Medieval History,History,Vijayanagara Empire,moderate,Multi-statement,2.0,False,False,False,48,4,c,True,False,,c47cf203c1534239
UPSC-2016-GS1-Q010,2016,10,Art & Culture,Art & Culture,Literature & Languages,moderate,Single-answer,0.0,False,False,False,22,4,b,True,False,,8b8e4133c30a9e72
UPSC-2016-GS1-Q011,2016,11,Indian Economy,Economy,International Trade & WTO,easy,Single-answer,0.0,False,False,True,24,4,a,True,False,,592d45e71243896a
UPSC-2016-GS1-Q012,2016,12,Indian Economy,Economy,Fiscal Policy & Budget,moderate,Multi-statement,3.0,False,False,False,52,4,d,True,False,,e8a2aab633495361
UPSC-2016-GS1-Q013,2016,13,Environment & Ecology,Environment & Ecology,International Environmental Treaties & Summits,moderate,Single-answer,3.0,False,False,False,81,4,c,True,False,,38aca7f3ecdb4d1b
UPSC-2016-GS1-Q014,2016,14,Indian Economy,Economy,International Institutions & Reports,easy,Single-answer,0.0,False,False,True,19,4,d,True,False,,d89dc5e397fecc8d
UPSC-2016-GS1-Q015,2016,15,Indian Economy,Economy,International Institutions & Reports,moderate,Multi-statement,2.0,False,False,False,56,4,c,True,False,,73683e8e9b6ac63d
UPSC-2016-GS1-Q016,2016,16,Current Affairs,Current Affairs,Indian Government Schemes & Initiatives,easy,Single-answer,0.0,False,True,False,8,4,c,True,False,,4af96163e292636c
UPSC-2016-GS1-Q017,2016,17,Medieval History,History,Bhakti Movement,moderate,Multi-statement,2.0,False,False,False,48,4,c,True,False,,3a6b7cff4d4475f1
UPSC-2016-GS1-Q018,2016,18,Indian Economy,Economy,External Sector & Balance Of Payments,easy,Single-answer,0.0,False,False,True,15,4,d,True,False,,6f239f22021ccd45
UPSC-2016-GS1-Q019,2016,19,Current Affairs,Current Affairs,International Relations & Treaties,moderate,Match/Pair,3.0,False,True,True,32,4,c,True,False,,ef55983d945d1cf3
UPSC-2016-GS1-Q020,2016,20,Current Affairs,Current Affairs,International Organisations & Groupings,moderate,Multi-statement,3.0,False,True,False,63,4,b,True,False,,1d13b7f6e80d582e
UPSC-2016-GS1-Q021,2016,21,Indian Economy,Economy,Agriculture & Rural Development,moderate,Multi-statement,2.0,False,False,False,60,4,b,True,False,,34ab0939b3a0d06a
UPSC-2016-GS1-Q022,2016,22,Environment & Ecology,Environment & Ecology,Protected Areas & Wildlife,easy,Single-answer,0.0,False,False,False,23,4,d,True,False,,93ae7a5875c0266d
UPSC-2016-GS1-Q023,2016,23,Environment & Ecology,Environment & Ecology,Water & Wetland Conservation,moderate,Multi-statement,3.0,False,False,False,67,4,a,True,False,,9b2206de91b60ca3
UPSC-2016-GS1-Q024,2016,24,Indian Economy,Economy,Agriculture & Rural Development,easy,Single-answer,0.0,False,False,False,14,4,b,True,False,,bbe0e4dc5fd1cd0d
UPSC-2016-GS1-Q025,2016,25,Indian Polity,Polity & Governance,Union & State Executive,moderate,Multi-statement,2.0,False,False,False,39,4,d,True,False,,82a9723c9258deb3
UPSC-2016-GS1-Q026,2016,26,Indian Economy,Economy,Digital Payments & Financial Inclusion,easy,Multi-statement,2.0,False,False,False,42,4,c,True,False,,e4334e84e1b04464
UPSC-2016-GS1-Q027,2016,27,Environment & Ecology,Environment & Ecology,Sustainable Agriculture & Forestry,moderate,Single-answer,3.0,False,False,False,99,4,b,True,False,,5c8fe93e6ef4ead4
UPSC-2016-GS1-Q028,2016,28,Geography,Geography,Indian Rivers & Water Resources,easy,Multi-statement,3.0,False,False,False,23,4,d,True,False,,954510458ddbba70
UPSC-2016-GS1-Q029,2016,29,Indian Economy,Economy,Digital Payments & Financial Inclusion,easy,Multi-statement,3.0,False,False,True,95,4,a,True,False,,33e39c3bc85b3764
UPSC-2016-GS1-Q030,2016,30,Environment & Ecology,Environment & Ecology,Climate Change & Greenhouse Gases,moderate,Match/Pair,3.0,False,False,True,42,4,c,True,False,,c56239684c4d3972
UPSC-2016-GS1-Q031,2016,31,Science & Technology,Science & Technology,Biotechnology & Genetics,easy,Single-answer,0.0,False,False,True,18,4,b,True,False,,40a07d2539d764d4
UPSC-2016-GS1-Q032,2016,32,Current Affairs,Current Affairs,Indian Government Schemes & Initiatives,easy,Single-answer,0.0,False,True,False,10,4,a,True,False,,23189fd5fb6a9991
UPSC-2016-GS1-Q033,2016,33,Environment & Ecology,Environment & Ecology,Climate Change & Greenhouse Gases,moderate,Multi-statement,3.0,False,False,False,85,4,c,True,False,,83c494f64c7bf631
UPSC-2016-GS1-Q034,2016,34,Science & Technology,Science & Technology,Health & Diseases,moderate,Multi-statement,4.0,False,False,False,72,4,c,True,False,,e4dea88c1c37f297
UPSC-2016-GS1-Q035,2016,35,Science & Technology,Science & Technology,Computer & Information Technology,moderate,Single-answer,0.0,False,False,True,10,4,b,True,False,,183f57649c07dde3
UPSC-2016-GS1-Q036,2016,36,Environment & Ecology,Environment & Ecology,Renewable Energy & Green Technologies,moderate,Single-answer,0.0,False,False,True,14,4,a,True,False,,23bc4a2f6ec1df17
UPSC-2016-GS1-Q037,2016,37,Indian Economy,Economy,International Institutions & Reports,easy,Single-answer,0.0,False,False,True,23,4,c,True,False,,09d7d6e9adc7d928
UPSC-2016-GS1-Q038,2016,38,Medieval History,History,Medieval Administration & Socio-Economic Institutions,easy,Single-answer,0.0,False,False,False,10,4,a,True,False,,2296808dba14848a
UPSC-2016-GS1-Q039,2016,39,Ancient History,History,Mauryan Empire,easy,Single-answer,0.0,False,False,False,12,4,b,True,False,,122ef07136f47b2a
UPSC-2016-GS1-Q040,2016,40,Indian Polity,Polity & Governance,Judiciary,moderate,Multi-statement,2.0,True,False,False,48,4,b,True,False,,b8535edc8a4f34b7
UPSC-2016-GS1-Q041,2016,41,Current Affairs,Current Affairs,International Relations & Treaties,moderate,Multi-statement,2.0,True,True,False,47,4,d,True,False,,d9f9c0808d94440f
UPSC-2016-GS1-Q042,2016,42,Current Affairs,Current Affairs,International Relations & Treaties,easy,Multi-statement,2.0,False,True,False,34,4,a,True,False,,3633324ed7153452
UPSC-2016-GS1-Q043,2016,43,Indian Economy,Economy,Banking & Financial Sector,moderate,Single-answer,2.0,False,False,False,69,4,c,True,False,,b18dbf4d57bf89bd
UPSC-2016-GS1-Q044,2016,44,Environment & Ecology,Environment & Ecology,Biodiversity & Conservation,moderate,Single-answer,3.0,False,False,False,49,4,a,True,False,,4ca75e27d3866e5a
UPSC-2016-GS1-Q045,2016,45,Environment & Ecology,Environment & Ecology,Biodiversity & Conservation,moderate,Single-answer,0.0,False,False,True,35,4,a,True,False,,14e89c8562dd1362
UPSC-2016-GS1-Q046,2016,46,Science & Technology,Science & Technology,Defence Technology,easy,Single-answer,0.0,False,False,True,18,4,c,True,False,,7deebb3496240129
UPSC-2016-GS1-Q047,2016,47,Science & Technology,Science & Technology,Defence Technology,easy,Single-answer,0.0,False,False,True,9,4,a,True,False,,02deadafd5577143
UPSC-2016-GS1-Q048,2016,48,Indian Economy,Economy,Agriculture & Rural Development,moderate,Multi-statement,3.0,False,False,False,97,4,c,True,False,,4e7869bfb2727ddb
UPSC-2016-GS1-Q049,2016,49,Modern History,History,Early Nationalism & Indian National Congress (1885-1915),easy,Single-answer,0.0,False,False,False,16,4,a,True,False,,ed214881df3eecc7
UPSC-2016-GS1-Q050,2016,50,Art & Culture,Art & Culture,Philosophy & Religion,moderate,Multi-statement,3.0,False,False,False,61,4,b,True,False,,00ba5637e5565a6a
UPSC-2016-GS1-Q051,2016,51,Current Affairs,Current Affairs,International Organisations & Groupings,easy,Single-answer,0.0,False,True,True,11,4,b,True,False,,bc8a7fc5400662fb
UPSC-2016-GS1-Q052,2016,52,Environment & Ecology,Environment & Ecology,Environmental Governance & Legislation,moderate,Multi-statement,3.0,False,False,False,78,4,c,True,False,,4ff7c150c9cf2e04
UPSC-2016-GS1-Q053,2016,53,Environment & Ecology,Environment & Ecology,Biodiversity & Conservation,easy,Multi-statement,2.0,False,False,True,54,4,a,True,False,,51bf506ca12a349f
UPSC-2016-GS1-Q054,2016,54,Environment & Ecology,Environment & Ecology,International Environmental Treaties & Summits,moderate,Multi-statement,3.0,False,False,False,40,4,d,True,False,,35042433f6027515
UPSC-2016-GS1-Q055,2016,55,Environment & Ecology,Environment & Ecology,Climate Change & Greenhouse Gases,moderate,Single-answer,0.0,False,False,False,5,4,a,True,False,,b924ee1c268bd449
UPSC-2016-GS1-Q056,2016,56,Indian Economy,Economy,Banking & Financial Sector,moderate,Multi-statement,3.0,False,False,False,46,4,c,True,False,,c2c4b6c8a12dc704
UPSC-2016-GS1-Q057,2016,57,Environment & Ecology,Environment & Ecology,International Environmental Treaties & Summits,easy,Multi-statement,2.0,False,False,True,48,4,a,True,False,,02e536dfa9bf133c
UPSC-2016-GS1-Q058,2016,58,Modern History,History,Social & Religious Reform Movements,easy,Single-answer,0.0,False,False,False,4,4,c,True,False,,9be2b7013ff8e07c
UPSC-2016-GS1-Q059,2016,59,Science & Technology,Science & Technology,Health & Diseases,moderate,Multi-statement,3.0,False,False,False,25,4,d,True,False,,216bd5dfdbece55d
UPSC-2016-GS1-Q060,2016,60,Indian Economy,Economy,Taxation,easy,Single-answer,0.0,False,False,True,17,4,b,True,False,,c6805b062edccd23
UPSC-2016-GS1-Q061,2016,61,Indian Economy,Economy,Infrastructure & Industry,easy,Single-answer,0.0,False,False,True,15,4,a,True,False,,1e9b08b18c850cc7
UPSC-2016-GS1-Q062,2016,62,Indian Economy,Economy,Infrastructure & Industry,moderate,Single-answer,3.0,False,False,False,48,4,b,True,False,,c22b121c6bcaf5e7
UPSC-2016-GS1-Q063,2016,63,Science & Technology,Science & Technology,Computer & Information Technology,easy,Single-answer,0.0,False,False,False,10,4,d,True,False,,f0ff743fbad241f0
UPSC-2016-GS1-Q064,2016,64,Modern History,History,Constitutional Developments & British Plans (1909-1947),easy,Single-answer,0.0,False,False,False,6,4,d,True,False,,07dd82dbfc7eeb5a
UPSC-2016-GS1-Q065,2016,65,Art & Culture,Art & Culture,Architecture & World Heritage,moderate,Single-answer,3.0,False,False,False,43,4,b,True,False,,563cb259a136bbba
UPSC-2016-GS1-Q066,2016,66,Science & Technology,Science & Technology,Computer & Information Technology,moderate,Multi-statement,3.0,False,False,True,69,4,b,True,False,,d4b9c7ebe8286851
UPSC-2016-GS1-Q067,2016,67,Indian Economy,Economy,International Institutions & Reports,easy,Multi-statement,2.0,False,False,False,33,4,b,True,False,,6be838ec688f320e
UPSC-2016-GS1-Q068,2016,68,Environment & Ecology,Environment & Ecology,Protected Areas & Wildlife,easy,Single-answer,0.0,False,False,True,15,4,d,True,False,,1c4eb08d945a6e06
UPSC-2016-GS1-Q069,2016,69,Modern History,History,Social & Religious Reform Movements,moderate,Multi-statement,3.0,False,False,False,30,4,b,True,False,,da8e7fc553e74e69
UPSC-2016-GS1-Q070,2016,70,Current Affairs,Current Affairs,International Organisations & Groupings,easy,Single-answer,0.0,True,True,False,12,4,a,True,False,,eafddc5b2ce70fe7
UPSC-2016-GS1-Q071,2016,71,Indian Economy,Economy,Financial Markets & Capital Markets,moderate,Single-answer,3.0,False,False,False,54,4,c,True,False,,6fd8acb217255904
UPSC-2016-GS1-Q072,2016,72,Current Affairs,Current Affairs,International Relations & Treaties,easy,Single-answer,0.0,False,True,True,17,4,d,True,False,,2d93b6d1d1ee5823
UPSC-2016-GS1-Q073,2016,73,Indian Economy,Economy,Digital Payments & Financial Inclusion,easy,Single-answer,0.0,False,False,False,7,4,a,True,False,,1f057a8e4b46d030
UPSC-2016-GS1-Q074,2016,74,Geography,Geography,Economic & Mineral Geography,moderate,Multi-statement,3.0,False,False,False,31,4,d,True,False,,cd13317dd8c95a60
UPSC-2016-GS1-Q075,2016,75,Indian Economy,Economy,International Institutions & Reports,easy,Single-answer,0.0,False,False,False,8,4,b,True,False,,43a909c357a3a3a6
UPSC-2016-GS1-Q076,2016,76,Indian Economy,Economy,"Human Development, Poverty & Employment Schemes",moderate,Multi-statement,3.0,False,False,False,60,4,c,True,False,,13a84bda51e5ff27
UPSC-2016-GS1-Q077,2016,77,Indian Economy,Economy,International Trade & WTO,easy,Single-answer,0.0,False,False,True,24,4,b,True,False,,36739a53e2ad6804
UPSC-2016-GS1-Q078,2016,78,Environment & Ecology,Environment & Ecology,Renewable Energy & Green Technologies,moderate,Multi-statement,3.0,False,False,False,34,4,d,True,False,,d0b150b52a02882f
UPSC-2016-GS1-Q079,2016,79,Science & Technology,Science & Technology,Energy & Environment,easy,Single-answer,0.0,False,False,False,22,4,d,True,False,,278b09f9cb3c0499
UPSC-2016-GS1-Q080,2016,80,Medieval History,History,South Indian Dynasties,moderate,Match/Pair,3.0,False,False,False,63,4,d,True,False,,f3dce3ccafba35e4
UPSC-2016-GS1-Q081,2016,81,Environment & Ecology,Environment & Ecology,International Environmental Treaties & Summits,easy,Multi-statement,2.0,False,False,False,41,4,a,True,False,,9c99af9e5e51c77d
UPSC-2016-GS1-Q082,2016,82,Current Affairs,Current Affairs,International Organisations & Groupings,easy,Single-answer,0.0,False,True,True,10,4,b,True,False,,306bacb6d03fcdde
UPSC-2016-GS1-Q083,2016,83,Geography,Geography,Indian Agriculture & Land Use,moderate,Multi-statement,3.0,False,False,False,34,4,a,True,False,,dfd7de5f3b4fbd19
UPSC-2016-GS1-Q084,2016,84,Science & Technology,Science & Technology,Computer & Information Technology,easy,Multi-statement,2.0,False,False,True,51,4,c,True,False,,c1c0cc6b64f4310a
UPSC-2016-GS1-Q085,2016,85,Geography,Geography,Indian Rivers & Water Resources,easy,Single-answer,0.0,False,False,True,10,4,b,True,False,,0c501a42dabcaed3
UPSC-2016-GS1-Q086,2016,86,Environment & Ecology,Environment & Ecology,Pollution & Waste Management,moderate,Single-answer,5.0,False,False,False,46,4,b,True,False,,2520d410c0036f92
UPSC-2016-GS1-Q087,2016,87,Science & Technology,Science & Technology,Space Technology & Astronomy,moderate,Multi-statement,2.0,False,False,False,65,4,d,True,False,,59f4123a563ac903
UPSC-2016-GS1-Q088,2016,88,Medieval History,History,Medieval Administration & Socio-Economic Institutions,moderate,Single-answer,0.0,False,False,False,14,4,c,True,False,,e78ff1df67f04683
UPSC-2016-GS1-Q089,2016,89,Art & Culture,Art & Culture,"Festivals, Crafts & Folk Traditions",moderate,Single-answer,0.0,False,False,False,25,4,b,True,False,,c0a4a7a47fa35a71
UPSC-2016-GS1-Q090,2016,90,Environment & Ecology,Environment & Ecology,Biodiversity & Conservation,easy,Single-answer,0.0,False,False,True,21,4,d,True,False,,525d48620f8a3325
UPSC-2016-GS1-Q091,2016,91,Science & Technology,Science & Technology,Space Technology & Astronomy,moderate,Multi-statement,3.0,False,False,False,62,4,c,True,False,,9f79f1d2fe567949
UPSC-2016-GS1-Q092,2016,92,Modern History,History,Early Nationalism & Indian National Congress (1885-1915),moderate,Single-answer,0.0,False,False,False,17,4,b,True,False,,dfd93c537942e042
UPSC-2016-GS1-Q093,2016,93,Modern History,History,Constitutional Developments & British Plans (1909-1947),easy,Single-answer,0.0,False,False,False,13,4,d,True,False,,815e46de20ff8cca
UPSC-2016-GS1-Q094,2016,94,Geography,Geography,Indian Physical Geography,moderate,Match/Pair,5.0,False,False,False,37,4,c,True,False,,7c6d172ace9ab99f
UPSC-2016-GS1-Q095,2016,95,Indian Polity,Polity & Governance,Federalism & Centre–State Relations,moderate,Single-answer,0.0,False,False,False,30,4,d,True,False,,f819537c6e8d5a9e
UPSC-2016-GS1-Q096,2016,96,Geography,Geography,Transport & Infrastructure Geography,moderate,Single-answer,0.0,False,False,True,26,4,d,True,False,,f45fdc696883cd29
UPSC-2016-GS1-Q097,2016,97,Environment & Ecology,Environment & Ecology,International Environmental Treaties & Summits,moderate,Multi-statement,3.0,True,False,False,116,4,b,True,False,,f928e0e45984125d
UPSC-2016-GS1-Q098,2016,98,Environment & Ecology,Environment & Ecology,International Environmental Treaties & Summits,easy,Multi-statement,2.0,False,False,False,44,4,b,True,False,,04198d045c85acc3
UPSC-2016-GS1-Q099,2016,99,Art & Culture,Art & Culture,Theatre & Cinema,easy,Single-answer,0.0,False,False,False,15,4,a,True,False,,f0f49026f6914726
UPSC-2016-GS1-Q100,2016,100,Indian Polity,Polity & Governance,Local Government & Panchayati Raj,easy,Multi-statement,2.0,False,False,False,43,4,b,True,False,,1f355e81579b818e
UPSC-2017-GS1-Q001,2017,1,,Polity & Governance,Parliament & State Legislatures,,Multi-statement,2.0,True,False,True,68,4,d,True,False,,c34f78e97623a124
UPSC-2017-GS1-Q002,2017,2,,History,Vedic Period,,Multi-statement,3.0,True,False,False,99,4,c,True,False,,056d0c5313e542a2
UPSC-2017-GS1-Q003,2017,3,,Economy,"Human Development, Poverty & Employment Schemes",,Single-answer,0.0,False,False,True,14,4,a,True,False,,2313d3c85bc8606b
UPSC-2017-GS1-Q004,2017,4,,Environment & Ecology,Protected Areas & Wildlife,,Single-answer,0.0,False,False,False,27,4,a,True,False,,48f8811cf48dc5b1
UPSC-2017-GS1-Q005,2017,5,,Polity & Governance,Political Theory,,Single-answer,0.0,False,False,False,12,4,a,True,False,,aae62350b1b5ef8f
UPSC-2017-GS1-Q006,2017,6,,Environment & Ecology,Biodiversity & Conservation,,Multi-statement,2.0,True,False,False,61,4,b,True,False,,6cfe10cfe9194094
UPSC-2017-GS1-Q007,2017,7,,Polity & Governance,Parliament & State Legislatures,,Single-answer,0.0,False,False,False,22,4,b,True,False,,b2ab310c7d556e1f
UPSC-2017-GS1-Q008,2017,8,,History,Vedic Period,,Single-answer,0.0,False,False,False,9,4,c,True,False,SUBJECT_HEADER_ANOMALY_REVIEW,ee30d1957466e829
UPSC-2017-GS1-Q009,2017,9,,Economy,"Human Development, Poverty & Employment Schemes",,Single-answer,0.0,False,False,False,17,4,a,True,False,,0c5ff17ec1e7cdb5
UPSC-2017-GS1-Q010,2017,10,,Environment & Ecology,Protected Areas & Wildlife,,Multi-statement,3.0,False,False,False,83,4,b,True,False,,ef8f7df1e81c6b1a
UPSC-2017-GS1-Q011,2017,11,,Economy,Banking and Finance,,Multi-statement,3.0,False,False,False,59,4,a,True,False,,4889a5632d18b901
UPSC-2017-GS1-Q012,2017,12,,Environment & Ecology,International Environmental Treaties & Summits,,Multi-statement,3.0,False,False,False,51,4,b,True,False,,0cfc9f1d1865fa34
UPSC-2017-GS1-Q013,2017,13,,Polity & Governance,Directive Principles Of State Policy,,Single-answer,3.0,False,False,False,38,4,c,True,False,,e44830eea06a56f7
UPSC-2017-GS1-Q014,2017,14,,Polity & Governance,Political Theory & Concepts,,Single-answer,3.0,False,False,False,78,4,c,True,False,,c167e8a20d1f6501
UPSC-2017-GS1-Q015,2017,15,,Economy,"Human Development, Poverty & Employment Schemes",,Single-answer,0.0,False,False,False,8,4,d,True,False,,4fbfe65e3eafdcce
UPSC-2017-GS1-Q016,2017,16,,Polity & Governance,Local Government,,Single-answer,0.0,False,False,False,10,4,b,True,False,,46f93657e25e69d8
UPSC-2017-GS1-Q017,2017,17,,Economy,Monetary Policy & Money Supply,,Multi-statement,2.0,False,False,False,35,4,d,True,False,,9dd37ce143c961d7
UPSC-2017-GS1-Q018,2017,18,,Art & Culture,Music,,Single-answer,0.0,False,False,True,12,4,c,True,False,,dbb05bb7f095f610
UPSC-2017-GS1-Q019,2017,19,,History,Early Nationalism & Indian National Congress (1885-1915),,Single-answer,0.0,False,False,False,60,4,c,True,False,,efdb31775be9fd10
UPSC-2017-GS1-Q020,2017,20,,Economy,Fiscal Policy & Budget,,Multi-statement,3.0,True,False,False,78,4,b,True,False,,d38475bd20b66eeb
UPSC-2017-GS1-Q021,2017,21,,Environment & Ecology,Ecosystems & Ecology Concepts,,Single-answer,3.0,False,False,False,76,4,c,True,False,,cf621804e2ceb9a2
UPSC-2017-GS1-Q022,2017,22,,Science & Technology,Energy & Environment,,Single-answer,3.0,True,False,False,86,4,b,True,False,,2b1d776ae68c2bb2
UPSC-2017-GS1-Q023,2017,23,,Current Affairs,Indian Government Schemes & Initiatives,,Multi-statement,4.0,False,True,False,69,4,a,True,False,,49a8863a1104fcac
UPSC-2017-GS1-Q024,2017,24,,History,"Peasant, Tribal & Labour Movements",,Multi-statement,2.0,False,False,False,53,4,b,True,False,,786d44b30365fab9
UPSC-2017-GS1-Q025,2017,25,,Environment & Ecology,Climate Change & Greenhouse Gases,,Multi-statement,3.0,False,False,False,56,4,d,True,False,,034c609cf0d2efbb
UPSC-2017-GS1-Q026,2017,26,,History,Constitutional Developments & British Plans (1909-1947),,Single-answer,0.0,False,False,False,10,4,d,True,False,,cf83c0102feb76c8
UPSC-2017-GS1-Q027,2017,27,,Economy,Infrastructure & Industry,,Single-answer,0.0,False,False,True,14,4,a,True,False,,a00648f165d50609
UPSC-2017-GS1-Q028,2017,28,,Science & Technology,Energy & Environment,,Multi-statement,2.0,False,False,False,44,4,d,True,False,,a67f4749a41ef3e8
UPSC-2017-GS1-Q029,2017,29,,Economy,"Human Development, Poverty & Employment Schemes",,Single-answer,0.0,False,False,False,12,4,c,True,False,,af34676bfce71c13
UPSC-2017-GS1-Q030,2017,30,,Geography,Indian Rivers & Water Resources,,Multi-statement,3.0,False,False,False,66,4,b,True,False,,82a20a6aaaa7afd7
UPSC-2017-GS1-Q031,2017,31,,Science & Technology,Health & Diseases,,Multi-statement,2.0,False,False,False,39,4,c,True,False,,60e69b73900ba9fd
UPSC-2017-GS1-Q032,2017,32,,Economy,Agriculture & Rural Development,,Multi-statement,2.0,False,False,False,46,4,a,True,False,,33e365d0931b633c
UPSC-2017-GS1-Q033,2017,33,,Economy,Agriculture & Rural Development,,Single-answer,2.0,False,False,False,51,4,c,True,False,,1872a754e23a6fa9
UPSC-2017-GS1-Q034,2017,34,,Economy,International Trade & WTO,,Multi-statement,2.0,False,False,False,54,4,c,True,False,,9f0f89e3ab3116e2
UPSC-2017-GS1-Q035,2017,35,,Environment & Ecology,Environmental Governance & Legislation,,Multi-statement,3.0,True,False,False,45,4,d,True,False,,6c1c29a8da4231e9
UPSC-2017-GS1-Q036,2017,36,,Polity & Governance,Fundamental Duties,,Multi-statement,2.0,False,False,False,44,4,d,True,False,,cd3905f86d262fe7
UPSC-2017-GS1-Q037,2017,37,,History,Early Nationalism & Indian National Congress (1885-1915),,Match/Pair,3.0,False,False,False,45,4,b,True,False,,b6e52f1fa6e91b0a
UPSC-2017-GS1-Q038,2017,38,,Polity & Governance,Constitutional Framework & Development,,Single-answer,0.0,True,False,False,18,4,b,True,False,,dd5a4e466d81cb26
UPSC-2017-GS1-Q039,2017,39,,Economy,International Institutions & Reports,,Multi-statement,2.0,False,False,False,55,4,c,True,False,,4ee0ee5f3df033df
UPSC-2017-GS1-Q040,2017,40,,Economy,Digital Payments & Financial Inclusion,,Single-answer,3.0,False,False,False,55,4,a,True,False,,69823d76197f5e95
UPSC-2017-GS1-Q041,2017,41,,Economy,International Institutions & Reports,,Multi-statement,2.0,False,False,False,64,4,d,True,False,,0c77201f27ddc37a
UPSC-2017-GS1-Q042,2017,42,,Polity & Governance,Political Theory & Concepts,,Single-answer,0.0,False,False,False,12,4,a,True,False,,c8e52828629ff874
UPSC-2017-GS1-Q043,2017,43,,Economy,Digital Payments & Financial Inclusion,,Single-answer,0.0,False,False,False,17,4,a,True,False,,b6470bf34cce729b
UPSC-2017-GS1-Q044,2017,44,,Science & Technology,Space Technology & Astronomy,,Single-answer,0.0,False,False,True,20,4,a,True,False,,619dacb844d6dc8b
UPSC-2017-GS1-Q045,2017,45,,Science & Technology,Biotechnology & Genetics,,Single-answer,3.0,False,False,True,83,4,d,True,False,,befd32d2667ac991
UPSC-2017-GS1-Q046,2017,46,,Polity & Governance,Parliament & State Legislatures,,Single-answer,0.0,False,False,False,11,4,c,True,False,,ce7bf8e06bb281b8
UPSC-2017-GS1-Q047,2017,47,,Polity & Governance,Political Theory & Concepts,,Single-answer,0.0,False,False,False,19,4,a,True,False,,319467266572373c
UPSC-2017-GS1-Q048,2017,48,,Polity & Governance,Constitutional Framework & Development,,Single-answer,0.0,False,False,False,18,4,a,True,False,,aadbc62d8b544e4b
UPSC-2017-GS1-Q049,2017,49,,Geography,Transport & Infrastructure Geography,,Single-answer,0.0,False,False,False,30,4,b,True,False,,b46a616d87cba72d
UPSC-2017-GS1-Q050,2017,50,,Polity & Governance,Parliament & State Legislatures,,Single-answer,3.0,False,False,False,34,4,d,True,False,,47a734af0040c89d
UPSC-2017-GS1-Q051,2017,51,,History,South Indian Dynasties,,Single-answer,0.0,False,False,False,15,4,b,True,False,,662e254a61b33f6d
UPSC-2017-GS1-Q052,2017,52,,Environment & Ecology,International Environmental Treaties & Summits,,Multi-statement,3.0,False,False,False,71,4,a,True,False,,17fe0a36ea3b0363
UPSC-2017-GS1-Q053,2017,53,,History,Buddhism & Jainism,,Multi-statement,2.0,True,False,False,50,4,b,True,False,,8fa58e81ad041479
UPSC-2017-GS1-Q054,2017,54,,Geography,World Political Geography & Borders,,Multi-statement,4.0,False,False,False,30,4,c,True,False,,1ff310ecea60ab81
UPSC-2017-GS1-Q055,2017,55,,Economy,Infrastructure & Industry,,Multi-statement,2.0,False,False,False,45,4,d,True,False,,3e52ee54fb73ebbf
UPSC-2017-GS1-Q056,2017,56,,Economy,International Institutions & Reports,,Single-answer,0.0,False,False,False,6,4,b,True,False,,e56bd9d883190204
UPSC-2017-GS1-Q057,2017,57,,Polity & Governance,Elections & Electoral Reforms,,Single-answer,0.0,False,False,False,13,4,c,True,False,,f5abacbe7f5d3ec3
UPSC-2017-GS1-Q058,2017,58,,Geography,Indian Physical Geography,,Multi-statement,3.0,False,False,False,43,4,b,True,False,,695b904361cd5c6f
UPSC-2017-GS1-Q059,2017,59,,Environment & Ecology,Pollution,,Single-answer,0.0,False,False,False,9,4,c,True,False,,ad9093f14b6f7149
UPSC-2017-GS1-Q060,2017,60,,Environment & Ecology,International Environmental Treaties & Summits,,Multi-statement,3.0,False,False,False,98,4,b,True,False,,13b030d5aed1170d
UPSC-2017-GS1-Q061,2017,61,,Economy,"Human Development, Poverty & Employment Schemes",,Multi-statement,2.0,False,False,False,59,4,b,True,False,,3ca4f7a6ce380025
UPSC-2017-GS1-Q062,2017,62,,History,Constitutional Developments & British Plans (1909-1947),,Single-answer,0.0,False,False,False,13,4,d,True,False,,be328760b39d6c83
UPSC-2017-GS1-Q063,2017,63,,Economy,"Human Development, Poverty & Employment Schemes",,Multi-statement,2.0,False,False,False,57,4,d,True,False,,2114310991fb52c3
UPSC-2017-GS1-Q064,2017,64,,Economy,Banking & Financial Sector,,Single-answer,0.0,False,False,True,23,4,b,True,False,,7494c0f893b17975
UPSC-2017-GS1-Q065,2017,65,,Environment & Ecology,Climate Change & Greenhouse Gases,,Multi-statement,2.0,False,False,False,46,4,b,True,False,,006241c1fef41182
UPSC-2017-GS1-Q066,2017,66,,Geography,Atmosphere & Climatology,,Multi-statement,2.0,False,False,True,69,4,b,True,False,,3a199a0b023c4617
UPSC-2017-GS1-Q067,2017,67,,Environment & Ecology,Protected Areas & Wildlife,,Single-answer,0.0,False,False,False,22,4,b,True,False,,f16ec06151d4c06a
UPSC-2017-GS1-Q068,2017,68,,Current Affairs,International Organisations & Groupings,,Multi-statement,2.0,False,True,False,59,4,b,True,False,,7c6b56210835f52a
UPSC-2017-GS1-Q069,2017,69,,Art & Culture,Painting & Visual Arts,,Single-answer,0.0,False,False,False,15,4,a,True,False,,a15ff9656c0e9bca
UPSC-2017-GS1-Q070,2017,70,,Art & Culture,"Festivals, Crafts & Folk Traditions",,Match/Pair,3.0,False,False,False,34,4,a,True,False,,135e6f2119e605d2
UPSC-2017-GS1-Q071,2017,71,,Environment & Ecology,Sustainable Agriculture & Forestry,,Multi-statement,3.0,False,False,False,47,4,c,True,False,,ab5a1a75d6c73584
UPSC-2017-GS1-Q072,2017,72,,Economy,Agriculture & Rural Development,,Multi-statement,3.0,False,False,False,57,4,b,True,False,,dd759e8cf9d82ded
UPSC-2017-GS1-Q073,2017,73,,Science & Technology,Health & Diseases,,Match/Pair,3.0,False,False,False,48,4,d,True,False,,cab4b28f231d3de3
UPSC-2017-GS1-Q074,2017,74,,Science & Technology,Computer & Information Technology,,Single-answer,3.0,False,False,False,64,4,c,True,False,,433f7c70537f516b
UPSC-2017-GS1-Q075,2017,75,,Art & Culture,Architecture & World Heritage,,Multi-statement,3.0,False,False,False,26,4,a,True,False,,74e478956de01eeb
UPSC-2017-GS1-Q076,2017,76,,Polity & Governance,Parliament & State Legislatures,,Multi-statement,2.0,True,False,False,71,4,d,True,False,,2f84f0c886c1c43c
UPSC-2017-GS1-Q077,2017,77,,Economy,Economic Planning & Five-Year Plans,,Multi-statement,4.0,False,False,False,55,4,b,True,False,,c917c9fb98edcc31
UPSC-2017-GS1-Q078,2017,78,,Science & Technology,Biotechnology & Genetics,,Single-answer,0.0,False,False,False,11,4,c,True,False,,3bb2e5716dcb5b56
UPSC-2017-GS1-Q079,2017,79,,Economy,Digital Payments & Financial Inclusion,,Multi-statement,2.0,False,False,False,39,4,c,True,False,,a440aa10b5f5dccd
UPSC-2017-GS1-Q080,2017,80,,Environment & Ecology,Protected Areas & Wildlife,,Single-answer,0.0,False,False,True,13,4,b,True,False,,db6ba451a9ad09fa
UPSC-2017-GS1-Q081,2017,81,,Economy,Taxation,,Single-answer,3.0,False,False,False,88,4,a,True,False,,c4792c725248ff28
UPSC-2017-GS1-Q082,2017,82,,Current Affairs,International Relations & Treaties,,Single-answer,0.0,False,True,True,21,4,a,True,False,,c354c0d7f1fd92ee
UPSC-2017-GS1-Q083,2017,83,,Economy,International Trade,,Multi-statement,3.0,False,False,False,45,4,a,True,False,,5dc44118ca347038
UPSC-2017-GS1-Q084,2017,84,,International Relations,Foreign Policy,,Single-answer,0.0,False,False,False,11,4,c,True,False,,f8e5e0dfa670b125
UPSC-2017-GS1-Q085,2017,85,,Science & Technology,Computer & Information Technology,,Multi-statement,3.0,False,False,False,37,4,d,True,False,,b49240ee0bac3bdf
UPSC-2017-GS1-Q086,2017,86,,Polity & Governance,Elections & Electoral Reforms,,Single-answer,0.0,False,False,False,11,4,c,True,False,,459976b97e20285c
UPSC-2017-GS1-Q087,2017,87,,Science & Technology,Space Technology & Astronomy,,Single-answer,0.0,False,False,False,13,4,b,True,False,,57bf820c1d9794c4
UPSC-2017-GS1-Q088,2017,88,,Current Affairs,Indian Government Schemes & Initiatives,,Single-answer,3.0,False,True,False,76,4,a,True,False,,2d4528ad302d650b
UPSC-2017-GS1-Q089,2017,89,,Current Affairs,Indian Government Schemes & Initiatives,,Single-answer,0.0,False,True,False,11,4,b,True,False,,f122bf1fc60ac80f
UPSC-2017-GS1-Q090,2017,90,,Polity & Governance,Elections & Electoral Reforms,,Multi-statement,3.0,False,False,False,56,4,d,True,False,,d302ce37240cc67b
UPSC-2017-GS1-Q091,2017,91,,Environment & Ecology,Environmental Governance & Legislation,,Single-answer,0.0,False,False,False,24,4,a,True,False,,3a6c62c5fbe2d97a
UPSC-2017-GS1-Q092,2017,92,,Polity & Governance,Judiciary,,Single-answer,0.0,False,False,False,5,4,a,True,False,,ed601dcfabbacda6
UPSC-2017-GS1-Q093,2017,93,,History,Gandhian Mass Movements (1915-1942),,Multi-statement,3.0,False,False,False,38,4,c,True,False,,c39cc2bf2d7295b8
UPSC-2017-GS1-Q094,2017,94,,Economy,Fiscal Policy & Budget,,Multi-statement,2.0,False,False,False,48,4,d,True,False,,d132a338878455e7
UPSC-2017-GS1-Q095,2017,95,,Environment & Ecology,Protected Areas & Wildlife,,Single-answer,0.0,False,False,True,25,4,b,True,False,,5b460a37480d1375
UPSC-2017-GS1-Q096,2017,96,,Polity & Governance,Emergency Provisions,,Multi-statement,3.0,True,False,False,53,4,b,True,False,,a5e90a9c7d7e15d4
UPSC-2017-GS1-Q097,2017,97,,Polity & Governance,Fundamental Rights,,Multi-statement,4.0,False,False,False,58,4,c,True,False,,90f945c43dab350e
UPSC-2017-GS1-Q098,2017,98,,Geography,World Physical Geography,,Single-answer,0.0,False,False,False,11,4,a,True,False,,981240ef6607d8c9
UPSC-2017-GS1-Q099,2017,99,,Polity & Governance,Union & State Executive,,Single-answer,0.0,False,False,False,20,4,c,True,False,,713cd710833ae346
UPSC-2017-GS1-Q100,2017,100,,Polity & Governance,Federalism & Centre–State Relations,,Single-answer,0.0,True,False,False,13,4,d,True,False,,943fedda82fb8ec0
UPSC-2018-GS1-Q001,2018,1,,Polity & Governance,Parliament & State Legislatures,,Multi-statement,3.0,True,False,False,76,4,b,True,False,,98f8998814099bb0
UPSC-2018-GS1-Q002,2018,2,,Environment & Ecology,Ecosystems & Ecology Concepts,,Multi-statement,3.0,False,False,False,39,4,d,True,False,,0cccf1bc0f7596d8
UPSC-2018-GS1-Q003,2018,3,,Economy,Agriculture & Rural Development,,Multi-statement,3.0,False,False,False,81,4,c,True,False,,a7a5037b6458a932
UPSC-2018-GS1-Q004,2018,4,,Environment & Ecology,Environmental Governance & Legislation,,Multi-statement,2.0,False,False,False,84,4,b,True,False,,d195cdc9b2b30043
UPSC-2018-GS1-Q005,2018,5,,Polity & Governance,Constitutional Framework & Development,,Multi-statement,2.0,False,False,False,58,4,a,True,False,,097c498a59191292
UPSC-2018-GS1-Q006,2018,6,,Economy,Digital Payments & Financial Inclusion,,Single-answer,0.0,False,False,False,17,4,c,True,False,,8bfd9b591d218f6d
UPSC-2018-GS1-Q007,2018,7,,Science & Technology,Energy & Environment,,Multi-statement,2.0,False,False,False,54,4,a,True,False,,6c5968f82e526926
UPSC-2018-GS1-Q008,2018,8,,Economy,Taxation,,Multi-statement,2.0,False,False,False,74,4,d,True,False,,0747398795ee8064
UPSC-2018-GS1-Q009,2018,9,,Economy,Fiscal Policy & Budget,,Multi-statement,3.0,False,False,False,109,4,c,True,False,,12a5d353afeda51e
UPSC-2018-GS1-Q010,2018,10,,Economy,Agriculture & Rural Development,,Multi-statement,2.0,True,False,False,54,4,a,True,False,,6852055f66a3a16a
UPSC-2018-GS1-Q011,2018,11,,History,Key Personalities & Ideologies,,Single-answer,0.0,False,False,False,25,4,c,True,False,,afe124c6f88eee2b
UPSC-2018-GS1-Q012,2018,12,,Polity & Governance,Constitutional & Statutory Bodies,,Multi-statement,2.0,False,False,False,41,4,d,True,False,,7a7f10d01606f52d
UPSC-2018-GS1-Q013,2018,13,,Geography,World Physical Geography,,Multi-statement,3.0,False,False,True,36,4,a,True,False,,7bd1d757c2d5d418
UPSC-2018-GS1-Q014,2018,14,,Current Affairs,International Organisations & Groupings,,Single-answer,0.0,False,True,False,12,4,d,True,False,,c5e3a2a4cd73b708
UPSC-2018-GS1-Q015,2018,15,,Economy,Digital Payments & Financial Inclusion,,Single-answer,0.0,False,False,False,12,4,c,True,False,,eea62db899ac582d
UPSC-2018-GS1-Q016,2018,16,,Economy,Banking & Financial Sector,,Multi-statement,2.0,False,False,False,56,4,a,True,False,,ddafe0ffb416086f
UPSC-2018-GS1-Q017,2018,17,,Science & Technology,Computer & Information Technology,,Multi-statement,2.0,False,False,False,40,4,c,True,False,,2d757008261f3682
UPSC-2018-GS1-Q018,2018,18,,Current Affairs,Disasters & Humanitarian Issues,,Single-answer,0.0,False,True,True,28,4,d,True,False,,dffc3f785aef4a37
UPSC-2018-GS1-Q019,2018,19,,History,British Administration & Economic Policies,,Multi-statement,3.0,False,False,False,46,4,a,True,False,,aa13cc7ed8df2971
UPSC-2018-GS1-Q020,2018,20,,Polity & Governance,Parliament & State Legislatures,,Single-answer,0.0,False,False,False,52,4,b,True,False,,2558532a4c817a87
UPSC-2018-GS1-Q021,2018,21,,Polity & Governance,Social Justice & Vulnerable Sections,,Multi-statement,3.0,False,False,False,101,4,b,True,False,,2c50e9706457095c
UPSC-2018-GS1-Q022,2018,22,,Art & Culture,"Festivals, Crafts & Folk Traditions",,Multi-statement,3.0,False,False,False,34,4,b,True,False,,ae403654021a9cca
UPSC-2018-GS1-Q023,2018,23,,Polity & Governance,Food Safety,,Multi-statement,2.0,False,False,False,59,4,a,True,False,,52507dccd5d56ff6
UPSC-2018-GS1-Q024,2018,24,,Current Affairs,International Conflicts & Security,,Single-answer,0.0,False,True,True,17,4,b,True,False,,120e665ce7c44555
UPSC-2018-GS1-Q025,2018,25,,Economy,"Human Development, Poverty & Employment Schemes",,Multi-statement,3.0,False,False,False,100,4,b,True,False,,725a45b3e4cf6539
UPSC-2018-GS1-Q026,2018,26,,Economy,International Trade & WTO,,Single-answer,0.0,False,False,False,20,4,d,True,False,,aac0e5e1848ba53e
UPSC-2018-GS1-Q027,2018,27,,Geography,Economic & Mineral Geography,,Multi-statement,3.0,True,False,False,44,4,d,True,False,,be9c93aa2c8be1c1
UPSC-2018-GS1-Q028,2018,28,,Science & Technology,Computer & Information Technology,,Multi-statement,2.0,False,False,False,54,4,a,True,False,,f0359ed9e680290e
UPSC-2018-GS1-Q029,2018,29,,Geography,Cartography & Map Skills,,Single-answer,0.0,False,False,False,16,4,a,True,False,,9034382743ebd8c8
UPSC-2018-GS1-Q030,2018,30,,Economy,"Human Development, Poverty & Employment Schemes",,Single-answer,0.0,False,False,False,10,4,a,True,False,,2100ed02ad11a399
UPSC-2018-GS1-Q031,2018,31,,Polity & Governance,Parliament & State Legislatures,,Single-answer,0.0,True,False,False,12,4,c,True,False,,fd8068e5a30c0482
UPSC-2018-GS1-Q032,2018,32,,Polity & Governance,Union & State Executive,,Multi-statement,2.0,False,False,False,64,4,a,True,False,,5d256ba3fea1736a
UPSC-2018-GS1-Q033,2018,33,,Science & Technology,Energy & Environment,,Single-answer,0.0,False,False,False,21,4,a,True,False,,5d3bb5aee5e95fb6
UPSC-2018-GS1-Q034,2018,34,,Economy,International Trade & WTO,,Multi-statement,5.0,False,False,False,29,4,c,True,False,,0279021545373549
UPSC-2018-GS1-Q035,2018,35,,Environment & Ecology,Sustainable Agriculture & Forestry,,Multi-statement,3.0,True,False,False,61,4,b,True,False,,eb3b5b400d9d7cd0
UPSC-2018-GS1-Q036,2018,36,,Current Affairs,Indian Government Schemes & Initiatives,,Multi-statement,3.0,False,True,False,85,4,b,True,False,,ce2644b7cd12b82d
UPSC-2018-GS1-Q037,2018,37,,Geography,World Political Geography & Borders,,Match/Pair,4.0,False,False,False,37,4,b,True,False,,050c47642d28a8bb
UPSC-2018-GS1-Q038,2018,38,,History,Constitutional Developments & British Plans (1909-1947),,Single-answer,0.0,False,False,False,18,4,b,True,False,,a848fe66c81a711e
UPSC-2018-GS1-Q039,2018,39,,Polity & Governance,Parliament & State Legislatures,,Multi-statement,2.0,False,False,False,49,4,a,True,False,,a5e0a9a066c035b1
UPSC-2018-GS1-Q040,2018,40,,Polity & Governance,Political Theory & Concepts,,Single-answer,0.0,False,False,False,15,4,b,True,False,,926a6e6e0f814b98
UPSC-2018-GS1-Q041,2018,41,,Polity & Governance,Union & State Executive,,Multi-statement,2.0,True,False,False,55,4,c,True,False,,86d4959fddd806a1
UPSC-2018-GS1-Q042,2018,42,,Art & Culture,Painting & Visual Arts,,Single-answer,0.0,False,False,False,8,4,d,True,False,,71e461567cd38cfe
UPSC-2018-GS1-Q043,2018,43,,Science & Technology,Defence Technology,,Single-answer,0.0,False,False,True,14,4,c,True,False,,b553f60d71804271
UPSC-2018-GS1-Q044,2018,44,,Art & Culture,Music,,Multi-statement,4.0,False,False,False,58,4,b,True,False,,9584fb7889dc0458
UPSC-2018-GS1-Q045,2018,45,,Polity & Governance,Political Theory & Concepts,,Multi-statement,4.0,False,False,False,45,4,c,True,False,,7d05706380b66cac
UPSC-2018-GS1-Q046,2018,46,,Economy,Money and Banking,,Single-answer,0.0,False,False,False,15,4,b,True,False,,4ca5c4be0c4cc918
UPSC-2018-GS1-Q047,2018,47,,Economy,National Income & Economic Growth,,Single-answer,0.0,False,False,False,13,4,c,True,False,,84b1ed28b8252cac
UPSC-2018-GS1-Q048,2018,48,,Economy,National Income & Economic Growth,,Single-answer,0.0,True,False,False,18,4,c,True,False,,cddddb4c5c308cea
UPSC-2018-GS1-Q049,2018,49,,Economy,"Human Development, Poverty & Employment Schemes",,Multi-statement,4.0,False,False,False,63,4,c,True,False,,65b6e2ae8628fb7f
UPSC-2018-GS1-Q050,2018,50,,Economy,National Income & Economic Growth,,Single-answer,0.0,True,False,False,18,4,d,True,False,,3a526107bc9a08d4
UPSC-2018-GS1-Q051,2018,51,,History,"Peasant, Tribal & Labour Movements",,Single-answer,2.0,False,False,False,46,4,c,True,False,,f324a2e252df0373
UPSC-2018-GS1-Q052,2018,52,,History,British Administration & Economic Policies,,Single-answer,0.0,False,False,False,17,4,c,True,False,,639b87f9f2652002
UPSC-2018-GS1-Q053,2018,53,,Polity & Governance,Emergency Provisions,,Single-answer,0.0,False,False,False,23,4,b,True,False,,e02b24051321d4ea
UPSC-2018-GS1-Q054,2018,54,,Art & Culture,"Festivals, Crafts & Folk Traditions",,Multi-statement,3.0,False,False,False,34,4,a,True,False,,80a3cbc344b62eb6
UPSC-2018-GS1-Q055,2018,55,,Science & Technology,Technology,,Multi-statement,3.0,False,False,False,34,4,d,True,False,,7c54c2b3136d5af9
UPSC-2018-GS1-Q056,2018,56,,Economy,Financial Markets & Capital Markets,,Multi-statement,3.0,True,False,False,67,4,c,True,False,,862f25c7a0cea717
UPSC-2018-GS1-Q057,2018,57,,Geography,Astronomy & Earth–Sun System,,Multi-statement,3.0,False,False,False,59,4,c,True,False,,2c642c4bd9e74c0c
UPSC-2018-GS1-Q058,2018,58,,Science & Technology,Computer & Information Technology,,Single-answer,0.0,False,False,True,15,4,c,True,False,,40002ad389cfb282
UPSC-2018-GS1-Q059,2018,59,,Environment & Ecology,Sustainable Agriculture & Forestry,,Multi-statement,5.0,False,False,False,67,4,c,True,False,,bd0688c70f3b77dd
UPSC-2018-GS1-Q060,2018,60,,Environment & Ecology,Biodiversity & Conservation,,Single-answer,0.0,False,False,True,19,4,d,True,False,,55ddb42d038fd670
UPSC-2018-GS1-Q061,2018,61,,Science & Technology,Space Technology & Astronomy,,Multi-statement,2.0,False,False,False,28,4,a,True,False,SOURCE_BLANKED_FIELDS,543347d35e693b9c
UPSC-2018-GS1-Q062,2018,62,,Science & Technology,Physics,,Multi-statement,2.0,False,False,False,27,4,d,True,False,SOURCE_BLANKED_FIELDS,936090761c24481d
UPSC-2018-GS1-Q063,2018,63,,Science & Technology,Biotechnology & Genetics,,Multi-statement,2.0,False,False,False,36,4,b,True,False,,017fe597c420932e
UPSC-2018-GS1-Q064,2018,64,,Science & Technology,Computer & Information Technology,,Match/Pair,2.0,False,False,False,23,4,b,True,False,SOURCE_BLANKED_FIELDS,3f713b690cc0e321
UPSC-2018-GS1-Q065,2018,65,,Environment & Ecology,Climate Change & Greenhouse Gases,,Single-answer,0.0,False,False,False,10,4,a,True,False,,93335d18bf017665
UPSC-2018-GS1-Q066,2018,66,,Science & Technology,Computer & Information Technology,,Single-answer,0.0,False,False,False,156,4,b,True,False,,04ec56b5c91f12a2
UPSC-2018-GS1-Q067,2018,67,,Science & Technology,Energy & Environment,,Multi-statement,2.0,False,False,False,25,4,d,True,False,,e4e2b2f98cac000d
UPSC-2018-GS1-Q068,2018,68,,History,British Administration & Economic Policies,,Single-answer,0.0,False,False,False,21,4,d,True,False,,3e3c9dbd9e22555f
UPSC-2018-GS1-Q069,2018,69,,History,Gandhian Mass Movements (1915-1942),,Single-answer,0.0,False,False,False,15,4,c,True,False,,05df69bc42293f45
UPSC-2018-GS1-Q070,2018,70,,History,Post-Independence India,,Single-answer,0.0,False,False,False,16,4,d,True,False,,d13f7d06dc236d74
UPSC-2018-GS1-Q071,2018,71,,Art & Culture,Philosophy & Religion,,Single-answer,0.0,False,False,False,13,4,b,True,False,,5e9010bb7d52a5d2
UPSC-2018-GS1-Q072,2018,72,,Art & Culture,Architecture & World Heritage,,Multi-statement,1.0,False,False,False,25,4,d,True,False,,242599d3e00a5e18
UPSC-2018-GS1-Q073,2018,73,,History,Medieval Culture & Historiography,,Single-answer,0.0,False,False,False,17,4,b,True,False,,69f0ba29cd2b6b7f
UPSC-2018-GS1-Q074,2018,74,,Art & Culture,Philosophy & Religion,,Single-answer,0.0,False,False,False,21,4,c,True,False,,1adbae6468833df7
UPSC-2018-GS1-Q075,2018,75,,History,Advent Of Europeans & British Expansion,,Single-answer,0.0,True,False,False,20,4,c,True,False,,4d1610e77b7959b1
UPSC-2018-GS1-Q076,2018,76,,History,British Administration & Economic Policies,,Multi-statement,2.0,False,False,False,27,4,d,True,False,SOURCE_BLANKED_FIELDS,135cd3a9fcc3df1f
UPSC-2018-GS1-Q077,2018,77,,Geography,Indian Physical Geography,,Single-answer,0.0,False,False,False,10,4,a,True,False,,413f95c9b37ab3fd
UPSC-2018-GS1-Q078,2018,78,,Current Affairs,Indian Government Schemes & Initiatives,,Multi-statement,2.0,False,True,False,30,4,c,True,False,,df5dc429a18d2a9c
UPSC-2018-GS1-Q079,2018,79,,History,Gandhian Era & Mass Movements (1919-1947),,Single-answer,0.0,False,False,False,13,4,a,True,False,,a4b9f5e942180894
UPSC-2018-GS1-Q080,2018,80,,History,Social & Religious Reform Movements,,Single-answer,0.0,False,False,False,8,4,b,True,False,,6d27c32a3905ce0b
UPSC-2018-GS1-Q081,2018,81,,Environment & Ecology,Water & Wetland Conservation,,Multi-statement,3.0,False,False,False,40,4,b,True,False,,dde5c31497658935
UPSC-2018-GS1-Q082,2018,82,,Geography,Physical Geography & Geomorphology,,Multi-statement,3.0,True,False,False,61,4,b,True,False,,a28cadd58c328115
UPSC-2018-GS1-Q083,2018,83,,Environment & Ecology,International Environmental Treaties & Summits,,Single-answer,0.0,False,False,False,23,4,b,True,False,,8b5bb5bbce30f122
UPSC-2018-GS1-Q084,2018,84,,Science & Technology,Materials & Engineering,,Multi-statement,5.0,False,False,False,40,4,d,True,False,,93ea694b4776bd31
UPSC-2018-GS1-Q085,2018,85,,Geography,Indian Physical Geography,,Multi-statement,3.0,False,False,False,58,4,a,True,False,,2223f7a67f06f73b
UPSC-2018-GS1-Q086,2018,86,,Environment & Ecology,Biodiversity & Conservation,,Single-answer,0.0,False,False,False,12,4,b,True,False,,6048624fd58e3605
UPSC-2018-GS1-Q087,2018,87,,Environment & Ecology,Ecosystems & Ecology Concepts,,Multi-statement,3.0,False,False,False,60,4,d,True,False,,3f9e1a5fe1a58d88
UPSC-2018-GS1-Q088,2018,88,,Environment & Ecology,International Environmental Treaties & Summits,,Single-answer,0.0,False,False,False,12,4,c,True,False,,a52a927153e2a059
UPSC-2018-GS1-Q089,2018,89,,History,British Administration & Economic Policies,,Multi-statement,3.0,False,False,False,48,4,b,True,False,,599f17fe9587dc91
UPSC-2018-GS1-Q090,2018,90,,Current Affairs,International Conflicts & Security,,Match/Pair,4.0,False,True,False,38,4,c,True,False,,b8e9b3d5ddabf8b5
UPSC-2018-GS1-Q091,2018,91,,History,Post-Independence India,,Multi-statement,4.0,False,False,False,66,4,b,True,False,,d3c977c1ee1f9bb3
UPSC-2018-GS1-Q092,2018,92,,Polity & Governance,Fundamental Rights,,Single-answer,0.0,False,False,False,33,4,c,True,False,,99be8002f962c52b
UPSC-2018-GS1-Q093,2018,93,,Economy,Agriculture & Rural Development,,Multi-statement,5.0,False,False,False,38,4,b,True,False,,a774fe49607ae070
UPSC-2018-GS1-Q094,2018,94,,Environment & Ecology,Protected Areas & Wildlife,,Single-answer,0.0,False,False,False,13,4,a,True,False,,5af35f85d8ee2e13
UPSC-2018-GS1-Q095,2018,95,,Science & Technology,Space Technology & Astronomy,,Multi-statement,3.0,False,False,False,94,4,a,True,False,,5ddc15635b2b5150
UPSC-2018-GS1-Q096,2018,96,,Economy,Banking & Financial Sector,,Multi-statement,2.0,False,False,False,68,4,b,True,False,,e3556e7b4b0e7764
UPSC-2018-GS1-Q097,2018,97,,Economy,Taxation,,Multi-statement,4.0,False,False,False,37,4,c,True,False,,a701dcd57e3eb43e
UPSC-2018-GS1-Q098,2018,98,,Environment & Ecology,Environmental Governance & Legislation,,Multi-statement,3.0,False,False,False,68,4,a,True,False,,cac0e383ba3f5f08
UPSC-2018-GS1-Q099,2018,99,,Environment & Ecology,Sustainable Agriculture & Forestry,,Multi-statement,4.0,False,False,False,22,4,d,True,False,,1f646d004be25d17
UPSC-2018-GS1-Q100,2018,100,,Environment & Ecology,Sustainable Agriculture & Forestry,,Multi-statement,3.0,False,False,False,72,4,b,True,False,,742b79f0a3277eee
UPSC-2019-GS1-Q001,2019,1,,History,Mughal Empire,,Single-answer,2.0,True,False,False,68,4,d,True,False,,26760985140f1c66
UPSC-2019-GS1-Q002,2019,2,,Economy,Agriculture & Rural Development,,Single-answer,0.0,False,False,False,16,4,b,True,False,,b6147aed04b31a9e
UPSC-2019-GS1-Q003,2019,3,,Economy,International Institutions & Reports,,Single-answer,0.0,False,False,False,8,4,c,True,False,,e6230c3ea49f9bdc
UPSC-2019-GS1-Q004,2019,4,,History,Constitutional Developments & British Plans (1909-1947),,Multi-statement,3.0,True,False,False,70,4,a,True,False,,12d43e94926cc1f4
UPSC-2019-GS1-Q005,2019,5,,History,Early Nationalism & Indian National Congress (1885-1915),,Multi-statement,2.0,False,False,False,45,4,c,True,False,,167b2d5eab5921d7
UPSC-2019-GS1-Q006,2019,6,,History,"Peasant, Tribal & Labour Movements",,Match/Pair,4.0,False,False,False,41,4,d,True,False,,b13bee97809d0036
UPSC-2019-GS1-Q007,2019,7,,History,Indus Valley Civilization,,Single-answer,0.0,True,False,False,10,4,c,True,False,,cdc2829b0e05d358
UPSC-2019-GS1-Q008,2019,8,,History,Ancient India,,Single-answer,0.0,False,False,False,21,4,a,True,False,,6b48d515451139c8
UPSC-2019-GS1-Q009,2019,9,,Art & Culture,Philosophy & Religion,,Multi-statement,3.0,False,False,False,30,4,d,True,False,,43457d6678001723
UPSC-2019-GS1-Q010,2019,10,,History,Gupta Empire,,Single-answer,0.0,False,False,False,20,4,a,True,False,,c47a292a872bb42e
UPSC-2019-GS1-Q011,2019,11,,Art & Culture,Architecture & World Heritage,,Single-answer,0.0,False,False,False,15,4,d,True,False,,a484ad2760d55dcf
UPSC-2019-GS1-Q012,2019,12,,History,Delhi Sultanate,,Multi-statement,3.0,False,False,False,60,4,a,True,False,,d19559d2940ed699
UPSC-2019-GS1-Q013,2019,13,,History,Bhakti Movement,,Multi-statement,2.0,False,False,False,31,4,d,True,False,,c1f4fcadec9b3550
UPSC-2019-GS1-Q014,2019,14,,History,Gandhian Mass Movements (1915-1942),,Multi-statement,3.0,True,False,False,77,4,b,True,False,,dd13dda9e66578bd
UPSC-2019-GS1-Q015,2019,15,,History,Key Personalities & Ideologies,,Match/Pair,3.0,False,False,False,52,4,d,True,False,,c3928f13ac20b883
UPSC-2019-GS1-Q016,2019,16,,Art & Culture,Music,,Single-answer,0.0,True,False,False,14,4,a,True,False,,6210fcc365ca2bd0
UPSC-2019-GS1-Q017,2019,17,,Art & Culture,Music,,Single-answer,0.0,False,False,False,16,4,c,True,False,,6688380f3d84185c
UPSC-2019-GS1-Q018,2019,18,,Environment & Ecology,Protected Areas & Wildlife,,Single-answer,0.0,False,False,False,14,4,d,True,False,,ec19dac95ef130a3
UPSC-2019-GS1-Q019,2019,19,,Economy,"Human Development, Poverty & Employment Schemes",,Single-answer,0.0,False,False,False,8,4,c,True,False,,0560adaee674fa25
UPSC-2019-GS1-Q020,2019,20,,Geography,Physical Geography,,Single-answer,0.0,False,False,False,5,4,a,True,False,,45ba21060e89eb7c
UPSC-2019-GS1-Q021,2019,21,,Geography,Indian Agriculture & Land Use,,Single-answer,0.0,False,False,False,20,4,d,True,False,,d25b50d43036b9a1
UPSC-2019-GS1-Q022,2019,22,,Environment & Ecology,Protected Areas & Wildlife,,Multi-statement,3.0,False,False,False,40,4,a,True,False,,7a910f7c9aa40b7d
UPSC-2019-GS1-Q023,2019,23,,Geography,Indian Rivers & Water Resources,,Match/Pair,3.0,False,False,False,29,4,d,True,False,,11bdea7697b7ad49
UPSC-2019-GS1-Q024,2019,24,,Economy,"Human Development, Poverty & Employment Schemes",,Single-answer,0.0,False,False,False,18,4,b,True,False,,f9520c1d34a2244e
UPSC-2019-GS1-Q025,2019,25,,Environment & Ecology,Climate Change & Greenhouse Gases,,Single-answer,0.0,False,False,False,27,4,d,True,False,,c709c37efffe842e
UPSC-2019-GS1-Q026,2019,26,,Environment & Ecology,Renewable Energy & Green Technologies,,Single-answer,0.0,False,False,False,17,4,d,True,False,,66d26dbc234d8d97
UPSC-2019-GS1-Q027,2019,27,,Environment & Ecology,Protected Areas & Wildlife,,Single-answer,0.0,False,False,False,9,4,a,True,False,,efc353e7bb4a1f86
UPSC-2019-GS1-Q028,2019,28,,Environment & Ecology,Ecosystems & Ecology Concepts,,Multi-statement,4.0,False,False,False,42,4,d,True,False,,d73e4ab5ed8b902b
UPSC-2019-GS1-Q029,2019,29,,Environment & Ecology,Protected Areas & Wildlife,,Match/Pair,3.0,False,False,False,36,4,c,True,False,,08fb6e2826bbd1f0
UPSC-2019-GS1-Q030,2019,30,,Environment & Ecology,Pollution & Waste Management,,Single-answer,0.0,False,False,False,14,4,a,True,False,,a75a4046df75d6da
UPSC-2019-GS1-Q031,2019,31,,Environment & Ecology,Biodiversity & Conservation,,Single-answer,0.0,False,False,True,27,4,d,True,False,,c939d206751c25cc
UPSC-2019-GS1-Q032,2019,32,,Science & Technology,Space Technology & Astronomy,,Multi-statement,3.0,False,False,False,52,4,d,True,False,,4724fa9bcf5ba274
UPSC-2019-GS1-Q033,2019,33,,Geography,Biogeography & Natural Vegetation,,Multi-statement,4.0,False,False,False,44,4,c,True,False,,b753fa3a32f1a520
UPSC-2019-GS1-Q034,2019,34,,Environment & Ecology,Climate Change & Greenhouse Gases,,Multi-statement,3.0,False,False,False,63,4,d,True,False,,578a1c27ae481d8c
UPSC-2019-GS1-Q035,2019,35,,Environment & Ecology,Pollution & Waste Management,,Multi-statement,4.0,False,False,False,29,4,d,True,False,,2fd4c1628024a4cf
UPSC-2019-GS1-Q036,2019,36,,Geography,World Political Geography & Borders,,Match/Pair,5.0,False,False,False,42,4,b,True,False,,86bf702a256be6fc
UPSC-2019-GS1-Q037,2019,37,,Geography,Agriculture and Trade,,Single-answer,0.0,False,False,False,19,4,b,True,False,,c8f3f40c198aef28
UPSC-2019-GS1-Q038,2019,38,,Geography,Indian Physical Geography,,Match/Pair,5.0,False,False,False,37,4,a,True,False,,748681b61bbdea76
UPSC-2019-GS1-Q039,2019,39,,Science & Technology,Chemistry,,Single-answer,0.0,False,False,False,20,4,a,True,False,,875aaaf7e905389f
UPSC-2019-GS1-Q040,2019,40,,Environment & Ecology,International Environmental Treaties & Summits,,Multi-statement,3.0,False,False,False,86,4,c,True,False,,645fe717770a2485
UPSC-2019-GS1-Q041,2019,41,,Environment & Ecology,Pollution & Waste Management,,Multi-statement,3.0,False,False,False,36,4,d,True,False,,b0532a5f4892d865
UPSC-2019-GS1-Q042,2019,42,,Geography,Indian Rivers & Water Resources,,Single-answer,0.0,False,False,False,12,4,d,True,False,,277fdb738bc150e0
UPSC-2019-GS1-Q043,2019,43,,Science & Technology,Energy & Environment,,Multi-statement,4.0,False,False,False,83,4,d,True,False,,14ce6200578788e2
UPSC-2019-GS1-Q044,2019,44,,Geography,Atmosphere & Climatology,,Single-answer,0.0,True,False,False,9,4,b,True,False,,a1612b0db2e8519c
UPSC-2019-GS1-Q045,2019,45,,Polity & Governance,Constitutional Framework & Development,,Multi-statement,2.0,False,False,False,59,4,b,True,False,,dc36e7992f4ede36
UPSC-2019-GS1-Q046,2019,46,,Polity & Governance,Judiciary,,Multi-statement,4.0,True,False,False,148,4,c,True,False,,0ae86c25a0e222d7
UPSC-2019-GS1-Q047,2019,47,,Polity & Governance,Constitutional Framework & Development,,Single-answer,0.0,False,False,False,15,4,a,True,False,,2facc5e1b781ffa1
UPSC-2019-GS1-Q048,2019,48,,Economy,Infrastructure & Industry,,Multi-statement,3.0,False,False,True,56,4,c,True,False,,29a7b0f42fe1b97e
UPSC-2019-GS1-Q049,2019,49,,Polity & Governance,Parliament,,Multi-statement,3.0,False,False,False,54,4,a,True,False,,385f895b3c2182cf
UPSC-2019-GS1-Q050,2019,50,,Polity & Governance,Federalism & Centre–State Relations,,Single-answer,0.0,False,False,False,24,4,b,True,False,,aa757f54e9e22504
UPSC-2019-GS1-Q051,2019,51,,Polity & Governance,Social Justice & Vulnerable Sections,,Multi-statement,4.0,False,False,False,71,4,c,True,False,,bab574cc568779a1
UPSC-2019-GS1-Q052,2019,52,,Polity & Governance,Judiciary,,Single-answer,0.0,False,False,False,37,4,b,True,False,,8ac71b40d665d288
UPSC-2019-GS1-Q053,2019,53,,Polity & Governance,Parliament & State Legislatures,,Multi-statement,2.0,True,False,False,69,4,c,True,False,,cab30f2c2d83a475
UPSC-2019-GS1-Q054,2019,54,,Current Affairs,International Relations & Treaties,,Multi-statement,4.0,False,True,False,106,4,c,True,False,,6423935eb00a1f5b
UPSC-2019-GS1-Q055,2019,55,,Environment & Ecology,Forest Rights,,Multi-statement,3.0,False,False,False,84,4,d,True,False,,3b70cfb1f3051795
UPSC-2019-GS1-Q056,2019,56,,Polity & Governance,Fundamental Rights,,Single-answer,0.0,False,False,False,17,4,b,True,False,,d38c8a533fd49d7f
UPSC-2019-GS1-Q057,2019,57,,Science & Technology,Science & Technology Institutions,,Multi-statement,3.0,True,False,False,53,4,c,True,False,,670f697648255aa4
UPSC-2019-GS1-Q058,2019,58,,Environment & Ecology,Environmental Governance & Legislation,,Multi-statement,2.0,False,False,False,62,4,b,True,False,,4e3133bdcf8b36db
UPSC-2019-GS1-Q059,2019,59,,Environment & Ecology,Pollution & Waste Management,,Single-answer,0.0,False,False,False,18,4,c,True,False,,fa481156bcfd3ea8
UPSC-2019-GS1-Q060,2019,60,,Economy,"Human Development, Poverty & Employment Schemes",,Multi-statement,2.0,False,False,False,58,4,c,True,False,,f1ca749d6d1211b7
UPSC-2019-GS1-Q061,2019,61,,Economy,Banking & Financial Sector,,Single-answer,0.0,False,False,False,10,4,b,True,False,,367e8dd17dde4fe0
UPSC-2019-GS1-Q062,2019,62,,Economy,Infrastructure & Industry,,Multi-statement,3.0,False,False,False,86,4,a,True,False,,686586d5078f28c4
UPSC-2019-GS1-Q063,2019,63,,Economy,External Sector & Balance Of Payments,,Multi-statement,2.0,False,False,False,35,4,d,True,False,,dca46dc66e1dcc96
UPSC-2019-GS1-Q064,2019,64,,Economy,Banking & Financial Sector,,Single-answer,0.0,True,False,False,16,4,b,True,False,,5783be55daad31cd
UPSC-2019-GS1-Q065,2019,65,,Economy,External Sector & Balance Of Payments,,Multi-statement,3.0,False,False,False,48,4,b,True,False,,de97741396e59e64
UPSC-2019-GS1-Q066,2019,66,,Polity & Governance,Union & State Executive,,Single-answer,0.0,True,False,True,40,4,c,True,False,,9591d474f0e3eae2
UPSC-2019-GS1-Q067,2019,67,,Economy,Financial Markets & Capital Markets,,Single-answer,0.0,False,False,False,28,4,d,True,False,,88c792b9f7375f81
UPSC-2019-GS1-Q068,2019,68,,Environment & Ecology,Environmental Governance & Legislation,,Multi-statement,2.0,False,False,False,51,4,a,True,False,,3fbef3d83b2f0106
UPSC-2019-GS1-Q069,2019,69,,Polity & Governance,Parliament & State Legislatures,,Multi-statement,5.0,False,False,False,53,4,a,True,False,,371b3a37faa08e8d
UPSC-2019-GS1-Q070,2019,70,,Economy,Economic Planning & Five-Year Plans,,Multi-statement,3.0,False,False,False,84,4,a,True,False,,a3c313e79460e4bb
UPSC-2019-GS1-Q071,2019,71,,Economy,International Institutions & Reports,,Multi-statement,3.0,True,False,False,47,4,a,True,False,,c7ee15682fbaebae
UPSC-2019-GS1-Q072,2019,72,,Economy,Banking & Financial Sector,,Single-answer,0.0,False,False,True,15,4,d,True,False,,81f79d7fd0bf362f
UPSC-2019-GS1-Q073,2019,73,,Economy,Banking & Financial Sector,,Single-answer,0.0,False,False,False,10,4,a,True,False,,09fc88a542a5ef42
UPSC-2019-GS1-Q074,2019,74,,Economy,Infrastructure & Industry,,Multi-statement,3.0,False,False,False,61,4,b,True,False,,bea391212291eb89
UPSC-2019-GS1-Q075,2019,75,,Science & Technology,Computer & Information Technology,,Single-answer,2.0,False,False,False,53,4,d,True,False,,d61607116d546aff
UPSC-2019-GS1-Q076,2019,76,,Polity & Governance,Social Justice & Vulnerable Sections,,Multi-statement,3.0,False,False,False,59,4,c,True,False,,684554caa31dc8d5
UPSC-2019-GS1-Q077,2019,77,,Economy,International Institutions & Reports,,Single-answer,0.0,True,False,False,18,4,a,True,False,,7e955c4bd15de688
UPSC-2019-GS1-Q078,2019,78,,Environment & Ecology,Pollution & Waste Management,,Single-answer,0.0,False,False,False,16,4,c,True,False,,5df62d379be58ed5
UPSC-2019-GS1-Q079,2019,79,,Economy,"Human Development, Poverty & Employment Schemes",,Single-answer,0.0,False,False,False,25,4,c,True,False,,4ad6849280f573da
UPSC-2019-GS1-Q080,2019,80,,Economy,"Human Development, Poverty & Employment Schemes",,Single-answer,0.0,False,False,False,20,4,d,True,False,,84806d8e5ec4df59
UPSC-2019-GS1-Q081,2019,81,,Polity & Governance,Judiciary,,Multi-statement,2.0,False,False,False,56,4,d,True,False,,ca9bc7702c96bfd8
UPSC-2019-GS1-Q082,2019,82,,Economy,National Income & Economic Growth,,Multi-statement,2.0,False,False,False,52,4,a,True,False,,dd66565c3dc1961d
UPSC-2019-GS1-Q083,2019,83,,Economy,Agriculture & Rural Development,,Multi-statement,4.0,False,False,False,68,4,a,True,False,,4d3ef7301707f5b7
UPSC-2019-GS1-Q084,2019,84,,Economy,International Trade & WTO,,Single-answer,0.0,False,False,False,26,4,d,True,False,,e5bade159fa8fbd3
UPSC-2019-GS1-Q085,2019,85,,Polity & Governance,Political Theory & Concepts,,Single-answer,0.0,False,False,False,20,4,d,True,False,,174c376882dab732
UPSC-2019-GS1-Q086,2019,86,,Economy,External Sector & Balance Of Payments,,Single-answer,0.0,True,False,False,21,4,d,True,False,,e2f74d57542ff2d6
UPSC-2019-GS1-Q087,2019,87,,Economy,Digital Payments & Financial Inclusion,,Multi-statement,3.0,False,False,False,99,4,a,True,False,,124e91880e56a15e
UPSC-2019-GS1-Q088,2019,88,,Science & Technology,Computer & Information Technology,,Single-answer,0.0,False,False,False,33,4,c,True,False,,993de38b5cbbc223
UPSC-2019-GS1-Q089,2019,89,,Current Affairs,International Relations & Treaties,,Single-answer,0.0,False,True,True,26,4,b,True,False,,9cb6597c3fa19827
UPSC-2019-GS1-Q090,2019,90,,Economy,Monetary Policy & Money Supply,,Single-answer,0.0,False,False,False,13,4,b,True,False,,067c145ad1813ab9
UPSC-2019-GS1-Q091,2019,91,,Science & Technology,Computer & Information Technology,,Multi-statement,4.0,False,False,False,90,4,b,True,False,,168ab45bfe3a0d99
UPSC-2019-GS1-Q092,2019,92,,Science & Technology,Biology,,Single-answer,0.0,False,False,False,11,4,b,True,False,,3381269fd9d15e17
UPSC-2019-GS1-Q093,2019,93,,Science & Technology,Biotechnology & Genetics,,Single-answer,0.0,True,False,False,17,4,a,True,False,,be9e33b860e5f0b2
UPSC-2019-GS1-Q094,2019,94,,Science & Technology,Computer & Information Technology,,Multi-statement,3.0,False,False,False,64,4,c,True,False,,18fae9c447a61422
UPSC-2019-GS1-Q095,2019,95,,Science & Technology,Computer & Information Technology,,Multi-statement,3.0,False,False,False,43,4,d,True,False,,66773b3904454f59
UPSC-2019-GS1-Q096,2019,96,,Science & Technology,Biotechnology & Genetics,,Single-answer,4.0,False,False,False,69,4,a,True,False,,40eb361e59585664
UPSC-2019-GS1-Q097,2019,97,,Science & Technology,Space Technology & Astronomy,,Single-answer,0.0,False,False,True,22,4,b,True,False,,917669a639007fa3
UPSC-2019-GS1-Q098,2019,98,,Science & Technology,Health & Diseases,,Multi-statement,4.0,True,False,False,55,4,b,True,False,,dc314e70eb1cc05d
UPSC-2019-GS1-Q099,2019,99,,Science & Technology,Biotechnology & Genetics,,Single-answer,0.0,False,False,False,10,4,a,True,False,,bb77b5c11dce05df
UPSC-2019-GS1-Q100,2019,100,,Science & Technology,Health & Diseases,,Single-answer,0.0,True,False,False,9,4,b,True,False,,298d45e731ac6b5f
UPSC-2020-GS1-Q001,2020,1,,Polity & Governance,Constitutional & Statutory Bodies,,Multi-statement,4.0,False,False,False,63,4,b,True,False,,aa76b9d360bb2072
UPSC-2020-GS1-Q002,2020,2,,Polity & Governance,Parliament & State Legislatures,,Single-answer,0.0,False,False,False,9,4,b,True,False,,2296d5049accc7b5
UPSC-2020-GS1-Q003,2020,3,,Polity & Governance,Public Finance & Finance Commission,,Multi-statement,4.0,True,False,False,97,4,d,True,False,,8c2ebf50d7f739be
UPSC-2020-GS1-Q004,2020,4,,Polity & Governance,Fundamental Rights,,Single-answer,0.0,False,False,False,19,4,d,True,False,,6d8f17339ddfba71
UPSC-2020-GS1-Q005,2020,5,,Polity & Governance,Directive Principles Of State Policy,,Single-answer,0.0,False,False,False,11,4,b,True,False,,d8b29589ba35ae4a
UPSC-2020-GS1-Q006,2020,6,,Economy,Fiscal Policy & Budget,,Single-answer,0.0,False,False,False,31,4,d,True,False,,7ee40fffafa7b91f
UPSC-2020-GS1-Q007,2020,7,,Polity & Governance,Constitutional Framework & Development,,Single-answer,0.0,False,False,False,7,4,d,True,False,,c4190270180a664f
UPSC-2020-GS1-Q008,2020,8,,Polity & Governance,Constitutional Framework & Development,,Multi-statement,3.0,False,False,False,50,4,d,True,False,,f92efc850abdbf04
UPSC-2020-GS1-Q009,2020,9,,Polity & Governance,Constitutional & Statutory Bodies,,Multi-statement,4.0,False,False,False,70,4,a,True,False,,f21f7195274107ed
UPSC-2020-GS1-Q010,2020,10,,Current Affairs,International Relations & Treaties,,Match/Pair,4.0,False,True,False,48,4,c,True,False,,5b9169fc7cda33c4
UPSC-2020-GS1-Q011,2020,11,,Polity & Governance,Parliament & State Legislatures,,Single-answer,0.0,False,False,False,9,4,b,True,False,,6d03d26c30cf143d
UPSC-2020-GS1-Q012,2020,12,,Polity & Governance,Directive Principles Of State Policy,,Single-answer,0.0,False,False,False,14,4,a,True,False,,f830732a11a04af5
UPSC-2020-GS1-Q013,2020,13,,Polity & Governance,Constitutional Framework & Development,,Multi-statement,2.0,False,False,False,57,4,d,True,False,,1187f599f7ef4c58
UPSC-2020-GS1-Q014,2020,14,,History,Key Personalities & Ideologies,,Single-answer,0.0,False,False,False,8,4,a,True,False,,20d4e7c3440ca0f9
UPSC-2020-GS1-Q015,2020,15,,Polity & Governance,Union & State Executive,,Single-answer,0.0,False,False,False,17,4,d,True,False,,06195637753bed57
UPSC-2020-GS1-Q016,2020,16,,Polity & Governance,Constitutional Framework & Development,,Single-answer,0.0,False,False,False,8,4,d,True,False,,de4659d102e4c6dc
UPSC-2020-GS1-Q017,2020,17,,Economy,International Institutions & Reports,,Single-answer,0.0,False,False,False,6,4,d,True,False,,fa5d5dabab7b5d52
UPSC-2020-GS1-Q018,2020,18,,Polity & Governance,Directive Principles Of State Policy,,Multi-statement,3.0,True,False,False,66,4,d,True,False,,48f7fe3481d9df8d
UPSC-2020-GS1-Q019,2020,19,,Polity & Governance,Elections,,Multi-statement,2.0,True,False,False,88,4,d,True,False,,ad81c8b1e474c605
UPSC-2020-GS1-Q020,2020,20,,Polity & Governance,Parliament & State Legislatures,,Multi-statement,3.0,True,False,False,76,4,c,True,False,,cd7d8219e58c0133
UPSC-2020-GS1-Q021,2020,21,,History,British Administration & Economic Policies,,Match/Pair,3.0,False,False,False,50,4,b,True,False,,46c7e9a7c76ed0c7
UPSC-2020-GS1-Q022,2020,22,,History,Buddhism & Jainism,,Multi-statement,3.0,False,False,False,50,4,b,True,False,,6c991bec9404206b
UPSC-2020-GS1-Q023,2020,23,,History,British Administration & Economic Policies,,Single-answer,0.0,False,False,False,23,4,a,True,False,,eca68644f84f84a6
UPSC-2020-GS1-Q024,2020,24,,History,Post-Gupta & Early Medieval Dynasties,,Multi-statement,4.0,False,False,False,57,4,c,True,False,,808cf197a5b44cb8
UPSC-2020-GS1-Q025,2020,25,,History,Trade & Economy,,Single-answer,0.0,False,False,False,22,4,c,True,False,,c501028591569af8
UPSC-2020-GS1-Q026,2020,26,,History,Early Nationalism & Indian National Congress (1885-1915),,Multi-statement,3.0,False,False,False,71,4,a,True,False,,e9655f2384daad35
UPSC-2020-GS1-Q027,2020,27,,History,Gandhian Mass Movements (1915-1942),,Multi-statement,4.0,True,False,False,64,4,c,True,True,CANCELLED;ANSWER_KEY_CONFLICT_PUBLIC_REPRODUCTION_VS_METADATA,2428ee6b4edc8740
UPSC-2020-GS1-Q028,2020,28,,History,Social & Religious Reform Movements,,Single-answer,0.0,False,False,False,18,4,a,True,False,,94e7732aa939229d
UPSC-2020-GS1-Q029,2020,29,,History,"Society, Law & Administration",,Single-answer,0.0,False,False,False,13,4,a,True,False,,6aca7b571636f399
UPSC-2020-GS1-Q030,2020,30,,History,Mauryan Empire,,Single-answer,0.0,False,False,False,45,4,a,True,False,,8526f9debbbdc21a
UPSC-2020-GS1-Q031,2020,31,,Art & Culture,Philosophy & Religion,,Single-answer,0.0,False,False,False,22,4,c,True,False,,589f0c17a0dcd6f4
UPSC-2020-GS1-Q032,2020,32,,History,Social & Religious Reform Movements,,Single-answer,3.0,False,False,False,38,4,b,True,False,,38276e18f197f109
UPSC-2020-GS1-Q033,2020,33,,History,British Administration & Economic Policies,,Single-answer,0.0,False,False,False,14,4,b,True,False,,bd452759189e510c
UPSC-2020-GS1-Q034,2020,34,,History,British Administration & Economic Policies,,Single-answer,0.0,False,False,False,9,4,d,True,False,,69c0ebb060ef69b0
UPSC-2020-GS1-Q035,2020,35,,History,"Peasant, Tribal & Labour Movements",,Single-answer,0.0,False,False,False,22,4,d,True,False,,1e54476b185d4ec1
UPSC-2020-GS1-Q036,2020,36,,Art & Culture,Literature & Languages,,Multi-statement,4.0,False,False,False,44,4,c,True,False,,7c639b0c47c4e38a
UPSC-2020-GS1-Q037,2020,37,,Science & Technology,Biotechnology & Genetics,,Single-answer,0.0,False,False,False,15,4,d,True,False,,b8c2712cb5daba1f
UPSC-2020-GS1-Q038,2020,38,,Science & Technology,Computer & Information Technology,,Multi-statement,5.0,False,False,False,53,4,b,True,False,,3c00cf5c9ff66570
UPSC-2020-GS1-Q039,2020,39,,Science & Technology,Computer & Information Technology,,Multi-statement,4.0,False,False,False,62,4,c,True,False,,d124b026b59a6e5b
UPSC-2020-GS1-Q040,2020,40,,Science & Technology,Computer & Information Technology,,Multi-statement,3.0,False,False,False,69,4,d,True,False,,39a3935b3b87dc70
UPSC-2020-GS1-Q041,2020,41,,Science & Technology,Materials & Engineering,,Multi-statement,4.0,False,False,False,63,4,c,True,False,,fe2b51a9670261ac
UPSC-2020-GS1-Q042,2020,42,,Science & Technology,Defence Technology,,Multi-statement,3.0,False,False,False,49,4,d,True,False,,921f5978ade156bc
UPSC-2020-GS1-Q043,2020,43,,Science & Technology,Space Technology & Astronomy,,Single-answer,0.0,False,False,False,37,4,d,True,False,,7a3c918970b12d9a
UPSC-2020-GS1-Q044,2020,44,,Science & Technology,Biotechnology & Genetics,,Multi-statement,3.0,False,False,False,61,4,d,True,False,,2c7fc9d67e11f49a
UPSC-2020-GS1-Q045,2020,45,,Science & Technology,Health & Diseases,,Single-answer,3.0,True,False,False,61,4,b,True,False,,38c628adf3285b11
UPSC-2020-GS1-Q046,2020,46,,Science & Technology,Computer & Information Technology,,Single-answer,0.0,False,False,False,13,4,a,True,False,,2803c566843f36e1
UPSC-2020-GS1-Q047,2020,47,,Science & Technology,Biology,,Multi-statement,3.0,True,False,False,67,4,c,True,False,,a80ea3679b83d1f5
UPSC-2020-GS1-Q048,2020,48,,Environment & Ecology,Pollution,,Multi-statement,5.0,False,False,False,43,4,a,True,False,,da6030cde9860615
UPSC-2020-GS1-Q049,2020,49,,Economy,External Sector & Balance Of Payments,,Multi-statement,3.0,True,False,False,55,4,a,True,False,,b9454a0b3b530d8a
UPSC-2020-GS1-Q050,2020,50,,Economy,Monetary Policy & Money Supply,,Single-answer,0.0,False,False,False,27,4,d,True,False,,ab30ce934bb2c620
UPSC-2020-GS1-Q051,2020,51,,Economy,External Sector & Balance Of Payments,,Single-answer,0.0,False,False,False,19,4,b,True,False,,d3055cce35f530e6
UPSC-2020-GS1-Q052,2020,52,,Economy,External Sector & Balance Of Payments,,Multi-statement,4.0,False,False,False,75,4,c,True,True,CANCELLED;ANSWER_KEY_CONFLICT_PUBLIC_REPRODUCTION_VS_METADATA,a5ab40a7b3a8a5af
UPSC-2020-GS1-Q053,2020,53,,Economy,Financial Markets & Capital Markets,,Single-answer,0.0,False,False,False,14,4,a,True,False,,d8b3f9a39e249c3b
UPSC-2020-GS1-Q054,2020,54,,Economy,Fiscal Policy & Budget,,Multi-statement,3.0,False,False,False,40,4,d,True,False,,13264c0348cfd54d
UPSC-2020-GS1-Q055,2020,55,,Science & Technology,Energy & Environment,,Single-answer,0.0,True,False,False,16,4,b,True,False,,56ac6eb7273fb200
UPSC-2020-GS1-Q056,2020,56,,Economy,International Trade & WTO,,Multi-statement,3.0,True,False,False,60,4,c,True,False,,b397b47048431711
UPSC-2020-GS1-Q057,2020,57,,Economy,Monetary Policy & Money Supply,,Multi-statement,3.0,True,False,False,52,4,b,True,False,,cef772b663650cdf
UPSC-2020-GS1-Q058,2020,58,,Economy,Agriculture & Rural Development,,Multi-statement,4.0,False,False,False,76,4,b,True,False,,b27bc368a0ab1ab8
UPSC-2020-GS1-Q059,2020,59,,Economy,Banking & Financial Sector,,Multi-statement,2.0,False,False,False,62,4,b,True,False,,d8bd8588027ce4b8
UPSC-2020-GS1-Q060,2020,60,,Science & Technology,Computer & Information Technology,,Multi-statement,4.0,False,False,False,102,4,b,True,False,,a52b91c00e9038ed
UPSC-2020-GS1-Q061,2020,61,,Economy,Agriculture & Rural Development,,Multi-statement,5.0,False,False,False,72,4,c,True,False,,8eab9bad18b7c269
UPSC-2020-GS1-Q062,2020,62,,Economy,Banking & Financial Sector,,Single-answer,3.0,False,False,False,86,4,a,True,False,,d028d0e1ccc2adf7
UPSC-2020-GS1-Q063,2020,63,,Economy,Agriculture & Rural Development,,Multi-statement,4.0,False,False,True,41,4,d,True,False,,60e653f28e812963
UPSC-2020-GS1-Q064,2020,64,,Economy,International Trade & WTO,,Multi-statement,3.0,False,False,False,61,4,b,True,False,,eaf1c08ef19aaf6a
UPSC-2020-GS1-Q065,2020,65,,Current Affairs,International Organisations & Groupings,,Single-answer,0.0,False,True,False,16,4,a,True,False,,920e828dd85a955a
UPSC-2020-GS1-Q066,2020,66,,Economy,Agriculture & Rural Development,,Multi-statement,5.0,False,False,False,69,4,b,True,False,,ea4651b0f2f1432e
UPSC-2020-GS1-Q067,2020,67,,Economy,Inflation & Price Indices,,Multi-statement,3.0,True,False,False,72,4,a,True,False,,90ee0d75a06ecd16
UPSC-2020-GS1-Q068,2020,68,,Geography,World Physical Geography,,Match/Pair,4.0,False,False,False,36,4,c,True,False,,805c38131ec083ad
UPSC-2020-GS1-Q069,2020,69,,Economy,Agriculture & Rural Development,,Multi-statement,2.0,False,False,False,64,4,d,True,False,,1ee99a007a287fe3
UPSC-2020-GS1-Q070,2020,70,,Economy,Financial Markets & Capital Markets,,Multi-statement,4.0,False,False,False,75,4,c,True,False,,d83173c4d8c4cd2b
UPSC-2020-GS1-Q071,2020,71,,History,Buddhism & Jainism,,Match/Pair,3.0,False,False,False,44,4,b,True,False,,f8ee5f9f62e53260
UPSC-2020-GS1-Q072,2020,72,,Environment & Ecology,Protected Areas & Wildlife,,Multi-statement,4.0,False,False,False,66,4,a,True,False,,5f5f711173f3b136
UPSC-2020-GS1-Q073,2020,73,,Environment & Ecology,Protected Areas & Wildlife,,Multi-statement,4.0,False,False,False,38,4,c,True,False,,a37b5651dbbcd7d0
UPSC-2020-GS1-Q074,2020,74,,Environment & Ecology,Biodiversity & Conservation,,Single-answer,0.0,False,False,False,15,4,a,True,False,,b0edb7fceaa47159
UPSC-2020-GS1-Q075,2020,75,,Environment & Ecology,Protected Areas & Wildlife,,Single-answer,0.0,False,False,False,32,4,a,True,False,,0e3dd590e4bb42e4
UPSC-2020-GS1-Q076,2020,76,,Environment & Ecology,Renewable Energy & Green Technologies,,Multi-statement,3.0,False,False,False,36,4,d,True,False,,cddf91c94ee3d5e7
UPSC-2020-GS1-Q077,2020,77,,Environment & Ecology,Protected Areas & Wildlife,,Multi-statement,4.0,False,False,False,45,4,a,True,False,,bc4a9e8e709ef934
UPSC-2020-GS1-Q078,2020,78,,Environment & Ecology,Renewable Energy & Green Technologies,,Multi-statement,5.0,False,False,False,51,4,a,True,False,,6f86d59da5e5c340
UPSC-2020-GS1-Q079,2020,79,,Environment & Ecology,Pollution & Waste Management,,Multi-statement,3.0,False,False,False,45,4,d,True,False,,7c5b5b5ed09264f7
UPSC-2020-GS1-Q080,2020,80,,Environment & Ecology,Sustainable Agriculture & Forestry,,Multi-statement,3.0,False,False,False,71,4,d,True,False,,9ae9e40caaf2649d
UPSC-2020-GS1-Q081,2020,81,,Environment & Ecology,Environmental Governance & Legislation,,Single-answer,0.0,False,False,False,21,4,a,True,False,,f4841dd223cf7863
UPSC-2020-GS1-Q082,2020,82,,History,Gupta Empire,,Single-answer,0.0,False,False,False,21,4,a,True,False,,e4e734373324971a
UPSC-2020-GS1-Q083,2020,83,,Environment & Ecology,Sustainable Agriculture & Forestry,,Single-answer,3.0,False,False,False,61,4,d,True,False,,d150814129f4fbd4
UPSC-2020-GS1-Q084,2020,84,,Environment & Ecology,Renewable Energy & Green Technologies,,Multi-statement,5.0,False,False,False,51,4,a,True,False,,abbd8b9c2633d608
UPSC-2020-GS1-Q085,2020,85,,Environment & Ecology,Climate Change & Greenhouse Gases,,Single-answer,0.0,False,False,False,24,4,a,True,False,,73701ae19ddb0b74
UPSC-2020-GS1-Q086,2020,86,,Geography,Indian Agriculture & Land Use,,Multi-statement,3.0,False,False,False,64,4,a,True,False,,cc2350b5e8fab82c
UPSC-2020-GS1-Q087,2020,87,,Geography,Indian Agriculture & Land Use,,Single-answer,0.0,True,False,False,56,4,a,True,False,,c7e53bfccd44bb5e
UPSC-2020-GS1-Q088,2020,88,,Science & Technology,Energy & Environment,,Multi-statement,2.0,True,False,False,51,4,d,True,False,,ad22dfea68b183d4
UPSC-2020-GS1-Q089,2020,89,,Geography,Indian Agriculture & Land Use,,Multi-statement,4.0,False,False,False,106,4,c,True,False,,b8e530a804ebd9f3
UPSC-2020-GS1-Q090,2020,90,,Environment & Ecology,Sustainable Agriculture & Forestry,,Multi-statement,4.0,False,False,False,40,4,a,True,False,,25dad919ff256b68
UPSC-2020-GS1-Q091,2020,91,,Environment & Ecology,Sustainable Agriculture & Forestry,,Single-answer,4.0,False,False,False,60,4,c,True,False,,43d2202fbe9ef471
UPSC-2020-GS1-Q092,2020,92,,Geography,Economic & Mineral Geography,,Multi-statement,4.0,False,False,False,26,4,d,True,False,,c450c01cce0cfc67
UPSC-2020-GS1-Q093,2020,93,,Geography,Oceanography,,Multi-statement,2.0,False,False,False,78,4,b,True,False,,8320f41a0941a2fa
UPSC-2020-GS1-Q094,2020,94,,Economy,Agriculture & Rural Development,,Multi-statement,3.0,True,False,False,68,4,b,True,False,,be3de98b5c512b77
UPSC-2020-GS1-Q095,2020,95,,Environment & Ecology,Protected Areas & Wildlife,,Multi-statement,3.0,False,False,False,53,4,c,True,False,,07caabacceb0bec6
UPSC-2020-GS1-Q096,2020,96,,Geography,Indian Physical Geography,,Single-answer,0.0,False,False,False,6,4,d,True,False,,2ca54519ca336fc7
UPSC-2020-GS1-Q097,2020,97,,History,Medieval Culture & Historiography,,Match/Pair,4.0,False,False,False,45,4,a,True,False,,5dc9f3d850f0d686
UPSC-2020-GS1-Q098,2020,98,,Environment & Ecology,Water & Wetland Conservation,,Multi-statement,3.0,False,False,False,53,4,b,True,False,,1b5afb41266dbfb3
UPSC-2020-GS1-Q099,2020,99,,Geography,Atmosphere & Climatology,,Multi-statement,3.0,False,False,False,48,4,c,True,False,,701a91e64a8fceff
UPSC-2020-GS1-Q100,2020,100,,Environment & Ecology,Protected Areas & Wildlife,,Single-answer,0.0,False,False,False,16,4,c,True,False,,d4c5adea37e7f03e
UPSC-2021-GS1-Q001,2021,1,,Economy,Banking & Financial Sector,,Multi-statement,3.0,False,False,False,64,4,c,True,False,,06edc4fb87951f8d
UPSC-2021-GS1-Q002,2021,2,,Economy,"Human Development, Poverty & Employment Schemes",,Multi-statement,3.0,False,False,False,65,4,b,True,False,,88b5c0cb9c69508d
UPSC-2021-GS1-Q003,2021,3,,Economy,Fiscal Policy & Budget,,Single-answer,0.0,False,False,False,18,4,b,True,False,,e6b49b034a1b9cb9
UPSC-2021-GS1-Q004,2021,4,,Economy,National Income & Economic Growth,,Multi-statement,4.0,False,False,False,53,4,a,True,False,,d15aaf5d06443946
UPSC-2021-GS1-Q005,2021,5,,Economy,Banking & Financial Sector,,Multi-statement,3.0,False,False,False,63,4,b,True,False,,719d08e53a89566a
UPSC-2021-GS1-Q006,2021,6,,Economy,Financial Markets & Capital Markets,,Multi-statement,3.0,False,False,False,42,4,d,True,False,,a91ebb383fbc46e6
UPSC-2021-GS1-Q007,2021,7,,Economy,External Sector & Balance Of Payments,,Multi-statement,4.0,False,False,False,35,4,a,True,False,,2445a3927b76bc62
UPSC-2021-GS1-Q008,2021,8,,Economy,External Sector & Balance Of Payments,,Multi-statement,3.0,False,False,False,48,4,a,True,False,,388e90bdbb54437f
UPSC-2021-GS1-Q009,2021,9,,Economy,Banking & Financial Sector,,Single-answer,0.0,False,False,False,25,4,d,True,False,,ff7aaa43dfddf33d
UPSC-2021-GS1-Q010,2021,10,,Economy,"Human Development, Poverty & Employment Schemes",,Single-answer,0.0,False,False,False,15,4,d,True,False,,7dd212b22733d869
UPSC-2021-GS1-Q011,2021,11,,Economy,Fiscal Policy & Budget,,Single-answer,0.0,False,False,False,13,4,c,True,False,,067c145ad1813ab9
UPSC-2021-GS1-Q012,2021,12,,Economy,National Income & Economic Growth,,Multi-statement,5.0,False,False,False,41,4,a,True,False,,ea86cd3813aab4d6
UPSC-2021-GS1-Q013,2021,13,,Economy,Financial Markets & Capital Markets,,Multi-statement,3.0,False,False,False,75,4,b,True,False,,3e86d291b74be2c1
UPSC-2021-GS1-Q014,2021,14,,Economy,Digital Payments & Financial Inclusion,,Multi-statement,3.0,False,False,False,66,4,c,True,False,,6b516a84e08a1330
UPSC-2021-GS1-Q015,2021,15,,Economy,Monetary Policy & Money Supply,,Multi-statement,3.0,False,False,False,61,4,b,True,False,,3cb9feb9fcadc274
UPSC-2021-GS1-Q016,2021,16,,Environment & Ecology,Pollution & Waste Management,,Single-answer,0.0,False,False,False,13,4,a,True,False,,4d8a41a817bb5b20
UPSC-2021-GS1-Q017,2021,17,,Environment & Ecology,Pollution & Waste Management,,Single-answer,3.0,False,False,False,52,4,b,True,False,,9ea836e75bb1892c
UPSC-2021-GS1-Q018,2021,18,,Environment & Ecology,Pollution & Waste Management,,Multi-statement,3.0,False,False,False,42,4,d,True,False,,437d21812f8f904d
UPSC-2021-GS1-Q019,2021,19,,Environment & Ecology,Climate Change & Greenhouse Gases,,Single-answer,0.0,False,False,False,4,4,a,True,False,,a1bbda57ef177637
UPSC-2021-GS1-Q020,2021,20,,Environment & Ecology,Ecosystems & Ecology Concepts,,Multi-statement,4.0,False,False,False,36,4,c,True,False,,9ffd501f71368235
UPSC-2021-GS1-Q021,2021,21,,Environment & Ecology,Sustainable Agriculture & Forestry,,Single-answer,0.0,False,False,False,13,4,c,True,False,,ac3bf8224b5cde2c
UPSC-2021-GS1-Q022,2021,22,,Environment & Ecology,Ecosystems & Ecology Concepts,,Multi-statement,4.0,False,False,False,28,4,b,True,False,,64dd0251a8ea2f66
UPSC-2021-GS1-Q023,2021,23,,Environment & Ecology,Ecosystems & Ecology Concepts,,Multi-statement,3.0,False,False,False,33,4,d,True,False,,d8ed46be61a9a76f
UPSC-2021-GS1-Q024,2021,24,,Environment & Ecology,Environmental Governance & Legislation,,Multi-statement,5.0,False,False,False,79,4,a,True,False,,bcabd8e0bd1be1aa
UPSC-2021-GS1-Q025,2021,25,,Environment & Ecology,Pollution & Waste Management,,Multi-statement,5.0,False,False,False,47,4,b,True,False,,14970a77129baf94
UPSC-2021-GS1-Q026,2021,26,,Environment & Ecology,Ecosystems & Ecology Concepts,,Single-answer,0.0,False,False,False,9,4,c,True,False,,3940c104ca5fd011
UPSC-2021-GS1-Q027,2021,27,,Environment & Ecology,Biogeochemical Cycles & Earth Systems,,Single-answer,0.0,False,False,False,26,4,c,True,False,,ce0a20f2338ae077
UPSC-2021-GS1-Q028,2021,28,,Environment & Ecology,Ecosystems & Ecology Concepts,,Multi-statement,5.0,False,False,False,25,4,c,True,False,,4081afe8f8a2286a
UPSC-2021-GS1-Q029,2021,29,,Environment & Ecology,Climate Change & Greenhouse Gases,,Single-answer,0.0,False,False,False,11,4,a,True,False,,702d0c843c0fc61e
UPSC-2021-GS1-Q030,2021,30,,Science & Technology,Biology,,Multi-statement,3.0,False,False,False,29,4,d,True,False,,c6c6ba8881e6fab6
UPSC-2021-GS1-Q031,2021,31,,Art & Culture,Architecture & World Heritage,,Multi-statement,4.0,False,False,False,77,4,c,True,False,,6175f77dd6784658
UPSC-2021-GS1-Q032,2021,32,,History,Indus Valley Civilization,,Single-answer,0.0,False,False,False,30,4,a,True,False,,31ac8d1c1e676198
UPSC-2021-GS1-Q033,2021,33,,History,Advent Of Europeans & British Expansion,,Multi-statement,3.0,False,False,False,37,4,a,True,False,,b7c4fffd1f23d261
UPSC-2021-GS1-Q034,2021,34,,History,Post-Gupta & Early Medieval Dynasties,,Multi-statement,5.0,False,False,False,65,4,b,True,False,,9f72281b4555e197
UPSC-2021-GS1-Q035,2021,35,,History,Vijayanagara Empire,,Multi-statement,4.0,False,False,False,35,4,d,True,False,,168c11bac1cad926
UPSC-2021-GS1-Q036,2021,36,,History,Key Personalities & Ideologies,,Single-answer,0.0,False,False,False,15,4,c,True,False,,a126e04e62101631
UPSC-2021-GS1-Q037,2021,37,,History,Archaeology & Epigraphy,,Match/Pair,3.0,False,False,False,37,4,d,True,False,,52a025ae0ffe3d2f
UPSC-2021-GS1-Q038,2021,38,,History,Delhi Sultanate,,Multi-statement,3.0,False,False,False,74,4,a,True,False,,7b33e07116b02a9b
UPSC-2021-GS1-Q039,2021,39,,Art & Culture,Philosophy & Religion,,Multi-statement,3.0,False,False,False,55,4,c,True,False,,3ac7e2e271a138e7
UPSC-2021-GS1-Q040,2021,40,,History,"Society, Law & Administration",,Multi-statement,3.0,False,False,False,126,4,b,True,False,,645d0dc5e066c739
UPSC-2021-GS1-Q041,2021,41,,Art & Culture,Literature & Languages,,Single-answer,0.0,False,False,False,14,4,b,True,False,,e0694ca9bbf839b6
UPSC-2021-GS1-Q042,2021,42,,History,Constitutional Developments & British Plans (1909-1947),,Multi-statement,2.0,False,False,False,46,4,b,True,False,,e4ff9ef16ca2fad5
UPSC-2021-GS1-Q043,2021,43,,History,Gandhian Mass Movements (1915-1942),,Single-answer,0.0,False,False,False,17,4,a,True,False,,a92ba4b47bd34009
UPSC-2021-GS1-Q044,2021,44,,History,Key Personalities & Ideologies,,Single-answer,0.0,False,False,False,19,4,c,True,False,,c948c7ad16104c23
UPSC-2021-GS1-Q045,2021,45,,History,Mughal Empire,,Single-answer,0.0,False,False,False,21,4,a,True,False,,dade959ea3a07ec9
UPSC-2021-GS1-Q046,2021,46,,History,Social & Religious Reform Movements,,Single-answer,0.0,False,False,False,22,4,c,True,False,,69bd0e2205feb6e3
UPSC-2021-GS1-Q047,2021,47,,History,Revolutionary & Communist Movements,,Single-answer,0.0,False,False,False,19,4,d,True,False,,3586e9176340bacb
UPSC-2021-GS1-Q048,2021,48,,History,Advent Of Europeans & British Expansion,,Multi-statement,3.0,False,False,False,54,4,b,True,False,,e7df948836a31a13
UPSC-2021-GS1-Q049,2021,49,,Art & Culture,Architecture & World Heritage,,Single-answer,0.0,False,False,False,8,4,a,True,False,,ee30d1957466e829
UPSC-2021-GS1-Q050,2021,50,,Current Affairs,International Organisations & Groupings,,Multi-statement,2.0,False,True,False,47,4,b,True,False,,ffcd4371bd51da94
UPSC-2021-GS1-Q051,2021,51,,Environment & Ecology,Sustainable Agriculture & Forestry,,Single-answer,4.0,True,False,False,94,4,b,True,False,,d10f4596734fd1a8
UPSC-2021-GS1-Q052,2021,52,,Environment & Ecology,Sustainable Agriculture & Forestry,,Multi-statement,3.0,False,False,False,53,4,b,True,False,,0fa558fc8641dff3
UPSC-2021-GS1-Q053,2021,53,,Geography,Indian Rivers & Water Resources,,Single-answer,0.0,False,False,False,38,4,d,True,False,,c191580ed3044d6c
UPSC-2021-GS1-Q054,2021,54,,Geography,Indian Physical Geography,,Single-answer,0.0,False,False,False,13,4,d,True,False,,4ca80d83d353bd12
UPSC-2021-GS1-Q055,2021,55,,Geography,Indian Rivers & Water Resources,,Multi-statement,4.0,False,False,False,22,4,b,True,False,,5571290fb39aed3f
UPSC-2021-GS1-Q056,2021,56,,Environment & Ecology,International Environmental Treaties & Summits,,Multi-statement,3.0,False,False,False,51,4,b,True,False,,86ce4a0bf15e4b19
UPSC-2021-GS1-Q057,2021,57,,Geography,Indian Agriculture & Land Use,,Single-answer,0.0,True,False,False,10,4,a,True,False,,112c4371a42538ce
UPSC-2021-GS1-Q058,2021,58,,Geography,Atmosphere & Climatology,,Multi-statement,2.0,False,False,False,54,4,c,True,False,,10ca7e0ac6eb3ba6
UPSC-2021-GS1-Q059,2021,59,,Environment & Ecology,Sustainable Agriculture & Forestry,,Multi-statement,3.0,False,False,False,88,4,d,True,False,,a487f8f53f361ac2
UPSC-2021-GS1-Q060,2021,60,,Environment & Ecology,Ecosystems & Ecology Concepts,,Single-answer,0.0,False,False,False,60,4,d,True,False,,3474dbcf3ccb0c63
UPSC-2021-GS1-Q061,2021,61,,Environment & Ecology,Ecosystems & Ecology Concepts,,Multi-statement,5.0,False,False,False,70,4,c,True,False,,03fc2f458ab0fb14
UPSC-2021-GS1-Q062,2021,62,,Geography,Hydrology / Water distribution,,Multi-statement,2.0,False,False,False,57,4,b,True,False,,59b5a228ab7b0894
UPSC-2021-GS1-Q063,2021,63,,Environment & Ecology,Sustainable Agriculture & Forestry,,Multi-statement,5.0,False,False,False,65,4,b,True,False,,0f864f157ae36d6d
UPSC-2021-GS1-Q064,2021,64,,Geography,Indian Agriculture & Land Use,,Single-answer,0.0,False,False,False,14,4,b,True,False,,7492ea6bb9e61c8f
UPSC-2021-GS1-Q065,2021,65,,Science & Technology,Biotechnology & Genetics,,Multi-statement,2.0,False,False,False,41,4,c,True,False,,b0b92f57ac8f5758
UPSC-2021-GS1-Q066,2021,66,,Science & Technology,Biotechnology & Genetics,,Multi-statement,2.0,True,False,False,57,4,c,True,False,,f3ce8801cb59bbdb
UPSC-2021-GS1-Q067,2021,67,,Science & Technology,Biotechnology & Genetics,,Single-answer,0.0,False,False,False,12,4,b,True,False,,18127345e8a27a61
UPSC-2021-GS1-Q068,2021,68,,Science & Technology,Physics,,Multi-statement,3.0,False,False,False,46,4,c,True,False,,4a475339825ca8cf
UPSC-2021-GS1-Q069,2021,69,,Science & Technology,Health & Diseases,,Multi-statement,3.0,False,False,False,20,4,a,True,False,,7925f8f19d25631c
UPSC-2021-GS1-Q070,2021,70,,Science & Technology,Health & Diseases,,Multi-statement,2.0,False,False,False,41,4,b,True,False,,f4285fcb3a5ac9aa
UPSC-2021-GS1-Q071,2021,71,,Science & Technology,Chemistry,,Single-answer,0.0,False,False,False,10,4,a,True,False,,6345b81c099e66a3
UPSC-2021-GS1-Q072,2021,72,,Science & Technology,Energy & Environment,,Single-answer,3.0,True,False,False,73,4,c,True,False,,3a722afdefa9b61c
UPSC-2021-GS1-Q073,2021,73,,Science & Technology,Health & Diseases,,Single-answer,0.0,False,False,False,10,4,d,True,False,,110cd74758674a0f
UPSC-2021-GS1-Q074,2021,74,,Environment & Ecology,Pollution & Waste Management,,Single-answer,0.0,False,False,False,22,4,b,True,False,,ee89f206088dac74
UPSC-2021-GS1-Q075,2021,75,,Science & Technology,Health & Diseases,,Single-answer,0.0,False,False,False,21,4,d,True,False,,f612ffb8689fe6d9
UPSC-2021-GS1-Q076,2021,76,,Science & Technology,Space Technology & Astronomy,,Single-answer,0.0,False,False,False,15,4,d,True,False,,24a9aa09653dc50d
UPSC-2021-GS1-Q077,2021,77,,Polity & Governance,Parliament & State Legislatures,,Single-answer,2.0,False,False,False,77,4,c,True,False,,d5f0b540f8f53e75
UPSC-2021-GS1-Q078,2021,78,,Polity & Governance,Constitutional & Statutory Bodies,,Multi-statement,2.0,False,False,False,71,4,b,True,False,,fce3ce15812fadf1
UPSC-2021-GS1-Q079,2021,79,,Polity & Governance,Fundamental Rights,,Single-answer,0.0,False,False,False,13,4,c,True,False,,b1b73ddd4f266798
UPSC-2021-GS1-Q080,2021,80,,Polity & Governance,Elections & Electoral Reforms,,Multi-statement,3.0,False,False,False,90,4,c,True,True,CANCELLED;ANSWER_KEY_CONFLICT_PUBLIC_REPRODUCTION_VS_METADATA,745200c8c099caa6
UPSC-2021-GS1-Q081,2021,81,,Current Affairs,International Organisations & Groupings,,Multi-statement,3.0,False,True,False,82,4,d,True,False,,b47baa790fedf400
UPSC-2021-GS1-Q082,2021,82,,Polity & Governance,Judiciary,,Multi-statement,2.0,True,False,False,68,4,b,True,False,,2e277529dbfd209e
UPSC-2021-GS1-Q083,2021,83,,Polity & Governance,Judiciary,,Multi-statement,2.0,False,False,False,52,4,b,True,False,,1bb9e466c06a00a2
UPSC-2021-GS1-Q084,2021,84,,Environment & Ecology,Environmental Governance & Legislation,,Single-answer,0.0,False,False,False,29,4,d,True,False,,b0a4f85e55b7e059
UPSC-2021-GS1-Q085,2021,85,,Polity & Governance,Constitutional Articles,,Single-answer,0.0,False,False,False,35,4,a,True,False,,08b3f94e01283ade
UPSC-2021-GS1-Q086,2021,86,,Polity & Governance,Federalism & Centre–State Relations,,Single-answer,0.0,False,False,False,20,4,a,True,False,,0b45f5057518f39d
UPSC-2021-GS1-Q087,2021,87,,Polity & Governance,Political Theory & Concepts,,Single-answer,0.0,False,False,False,10,4,a,True,False,,f4de95eb99e95289
UPSC-2021-GS1-Q088,2021,88,,Polity & Governance,Judiciary,,Multi-statement,2.0,False,False,False,74,4,a,True,False,,0163bbdc53ea7c60
UPSC-2021-GS1-Q089,2021,89,,Polity & Governance,Constitutional Framework & Development,,Multi-statement,3.0,False,False,False,53,4,a,True,False,,a969d14e5cd0e119
UPSC-2021-GS1-Q090,2021,90,,Polity & Governance,Constitutional Framework & Development,,Single-answer,0.0,False,False,False,16,4,d,True,False,,72805b77c755c62e
UPSC-2021-GS1-Q091,2021,91,,Polity & Governance,Directive Principles Of State Policy,,Single-answer,0.0,False,False,False,8,4,b,True,False,,630b07f264bfb676
UPSC-2021-GS1-Q092,2021,92,,Polity & Governance,Fundamental Rights,,Single-answer,0.0,False,False,False,11,4,b,True,False,,86c391130cd36aab
UPSC-2021-GS1-Q093,2021,93,,Polity & Governance,Constitutional Framework & Development,,Single-answer,0.0,False,False,False,12,4,b,True,False,,e3ba9dbdc3ad7a85
UPSC-2021-GS1-Q094,2021,94,,Polity & Governance,Constitutional Framework & Development,,Single-answer,0.0,False,False,False,3,4,d,True,False,,6e6435b1c13ac343
UPSC-2021-GS1-Q095,2021,95,,Art & Culture,Music,,Single-answer,0.0,False,False,False,12,4,d,True,False,,8ff3f76f088020e4
UPSC-2021-GS1-Q096,2021,96,,Polity & Governance,Constitutional Framework & Development,,Multi-statement,3.0,True,False,False,70,4,d,True,False,,1bc5c7a44765fe32
UPSC-2021-GS1-Q097,2021,97,,Environment & Ecology,Sustainable Agriculture & Forestry,,Single-answer,0.0,False,False,True,66,4,d,True,False,,9c402fec653bff88
UPSC-2021-GS1-Q098,2021,98,,Current Affairs,Awards & Honours,,Multi-statement,3.0,False,True,False,64,4,c,True,False,,fa331aa4fc58361d
UPSC-2021-GS1-Q099,2021,99,,Current Affairs,Other Sports & Personalities,,Multi-statement,2.0,False,True,False,43,4,b,True,False,,327cadfbba0e1832
UPSC-2021-GS1-Q100,2021,100,,Current Affairs,Cricket,,Multi-statement,2.0,False,True,False,47,4,d,True,False,,505572d83bfca2b2
UPSC-2022-GS1-Q001,2022,1,,Economy,International Institutions & Reports,,Single-answer,0.0,False,False,False,21,4,b,True,False,,6d1abb571b020403
UPSC-2022-GS1-Q002,2022,2,,Economy,External Sector & Balance Of Payments,,Multi-statement,3.0,False,False,False,73,4,c,True,False,,0c5c301130aee8dc
UPSC-2022-GS1-Q003,2022,3,,Economy,Monetary Policy & Money Supply,,Multi-statement,3.0,False,False,False,76,4,b,True,False,,1901a9896297da57
UPSC-2022-GS1-Q004,2022,4,,Current Affairs,International Organisations & Groupings,,Multi-statement,2.0,False,True,False,48,4,c,True,False,,905bedb9de62a64f
UPSC-2022-GS1-Q005,2022,5,,Economy,Financial Markets & Capital Markets,,Multi-statement,3.0,True,False,False,63,4,a,True,False,,c6e05a6e46e80c88
UPSC-2022-GS1-Q006,2022,6,,Economy,External Sector & Balance Of Payments,,Multi-statement,2.0,False,False,False,57,4,d,True,False,,fc4b372b0f4572e8
UPSC-2022-GS1-Q007,2022,7,,Economy,National Income & Economic Growth,,Multi-statement,4.0,False,False,False,54,4,a,True,False,,09688bc26f56d45c
UPSC-2022-GS1-Q008,2022,8,,Economy,Taxation,,Single-answer,0.0,False,False,True,21,4,d,True,False,,5cdaa79f4df981a8
UPSC-2022-GS1-Q009,2022,9,,Economy,Fiscal Policy & Budget,,Multi-statement,2.0,False,False,False,51,4,a,True,False,,09ca937c2ee3c277
UPSC-2022-GS1-Q010,2022,10,,Economy,Fiscal Policy & Budget,,Multi-statement,2.0,False,False,False,47,4,c,True,False,,15a778404b7aa1b7
UPSC-2022-GS1-Q011,2022,11,,Polity & Governance,Judiciary,,Multi-statement,4.0,False,False,False,78,4,b,True,False,,9c0756b3cc66c4da
UPSC-2022-GS1-Q012,2022,12,,Polity & Governance,Judiciary,,Multi-statement,2.0,False,False,False,61,4,b,True,False,,09396b4eb458ae57
UPSC-2022-GS1-Q013,2022,13,,Polity & Governance,Constitutional Amendments,,Multi-statement,3.0,False,False,False,83,4,b,True,False,,77969ffe92c57d85
UPSC-2022-GS1-Q014,2022,14,,Polity & Governance,Council of Ministers,,Multi-statement,2.0,True,False,False,69,4,b,True,False,,6eedbe86f5182237
UPSC-2022-GS1-Q015,2022,15,,Polity & Governance,Parliament,,Multi-statement,3.0,False,False,False,48,4,b,True,False,,693df47589d772de
UPSC-2022-GS1-Q016,2022,16,,Polity & Governance,Anti-Defection Law,,Multi-statement,2.0,True,False,False,62,4,b,True,False,,1184a97ca96f938a
UPSC-2022-GS1-Q017,2022,17,,Polity & Governance,Union & State Executive,,Multi-statement,2.0,False,False,False,66,4,d,True,False,,043179e1c0d3eca0
UPSC-2022-GS1-Q018,2022,18,,Polity & Governance,Judiciary,,Multi-statement,3.0,True,False,False,78,4,d,True,False,,bb23bd985830e013
UPSC-2022-GS1-Q019,2022,19,,Current Affairs,Indian Government Schemes & Initiatives,,Multi-statement,3.0,False,True,False,56,4,b,True,False,,652cb8e17211baab
UPSC-2022-GS1-Q020,2022,20,,Polity & Governance,Parliament & State Legislatures,,Multi-statement,4.0,False,False,False,137,4,a,True,False,,a2a1777ec6f47afa
UPSC-2022-GS1-Q021,2022,21,,Environment & Ecology,Climate Change & Greenhouse Gases,,Single-answer,0.0,False,False,False,19,4,b,True,False,,d1029874884bab0a
UPSC-2022-GS1-Q022,2022,22,,Environment & Ecology,Sustainable Agriculture & Forestry,,Single-answer,3.0,False,False,False,42,4,d,True,False,,c721ae6835ae5c97
UPSC-2022-GS1-Q023,2022,23,,Geography,World Physical Geography,,Single-answer,0.0,False,False,False,18,4,b,True,False,,b18eeafcbc7efc18
UPSC-2022-GS1-Q024,2022,24,,Geography,Indian Physical Geography,,Single-answer,0.0,False,False,False,15,4,c,True,False,,5ad1037822ab1757
UPSC-2022-GS1-Q025,2022,25,,Geography,Indian Physical Geography,,Match/Pair,3.0,False,False,False,35,4,b,True,False,,1974dab22cc0d4b1
UPSC-2022-GS1-Q026,2022,26,,Geography,World Geography,,Single-answer,0.0,False,False,True,17,4,a,True,False,,d9ceb259ac9cc426
UPSC-2022-GS1-Q027,2022,27,,Geography,World Political Geography & Borders,,Multi-statement,5.0,False,False,False,24,4,c,True,False,,2ee6860fbfb4fd89
UPSC-2022-GS1-Q028,2022,28,,Science & Technology,Materials & Engineering,,Multi-statement,4.0,False,False,False,53,4,b,True,False,,e1acf435622f5cbf
UPSC-2022-GS1-Q029,2022,29,,Geography,Astronomy & Earth–Sun System,,Single-answer,0.0,False,False,False,15,4,b,True,False,,25b0f3963508c85b
UPSC-2022-GS1-Q030,2022,30,,Geography,Indian Physical Geography,,How-many/Count,4.0,False,False,False,39,4,b,True,False,,e665ea136d2bf4c8
UPSC-2022-GS1-Q031,2022,31,,Science & Technology,Computer & Information Technology,,Multi-statement,4.0,False,False,False,26,4,d,True,False,,720b1ba901716744
UPSC-2022-GS1-Q032,2022,32,,Science & Technology,Computer & Information Technology,,Multi-statement,3.0,False,False,False,54,4,d,True,False,,e4614990c5d96836
UPSC-2022-GS1-Q033,2022,33,,Science & Technology,Information Technology,,Multi-statement,3.0,False,False,False,56,4,d,True,False,,09abf80d88f9cfdb
UPSC-2022-GS1-Q034,2022,34,,Science & Technology,Defence Technology,,Single-answer,0.0,False,False,False,22,4,c,True,False,,9b3c4d9a010fcc63
UPSC-2022-GS1-Q035,2022,35,,Science & Technology,Computer & Information Technology,,Single-answer,0.0,False,False,False,16,4,b,True,False,,4e8996c027b5d14d
UPSC-2022-GS1-Q036,2022,36,,Science & Technology,Computer & Information Technology,,Multi-statement,3.0,False,False,False,27,4,d,True,False,,67aff2dbb8fe6010
UPSC-2022-GS1-Q037,2022,37,,Science & Technology,Health & Diseases,,Multi-statement,3.0,False,False,False,40,4,d,True,False,,0c5ff80c61cd0058
UPSC-2022-GS1-Q038,2022,38,,Science & Technology,Health & Diseases,,Multi-statement,3.0,True,False,False,56,4,c,True,False,,b343da7af3574e7d
UPSC-2022-GS1-Q039,2022,39,,Science & Technology,Health & Diseases,,Multi-statement,3.0,False,False,False,56,4,b,True,False,,e9d52786e8917582
UPSC-2022-GS1-Q040,2022,40,,Science & Technology,Space Technology & Astronomy,,Multi-statement,5.0,False,False,False,95,4,c,True,False,,5beeb6c62734d4f0
UPSC-2022-GS1-Q041,2022,41,,Environment & Ecology,Climate Change,,Single-answer,0.0,False,False,False,15,4,a,True,False,,9ad43fc1fcc46b9b
UPSC-2022-GS1-Q042,2022,42,,Environment & Ecology,International Environmental Treaties & Summits,,Multi-statement,5.0,False,False,False,92,4,b,True,False,,c80de77fe0bd8695
UPSC-2022-GS1-Q043,2022,43,,Environment & Ecology,Water & Wetland Conservation,,Single-answer,0.0,False,False,False,32,4,d,True,False,,49aac6024fe7883c
UPSC-2022-GS1-Q044,2022,44,,Environment & Ecology,Pollution & Waste Management,,Multi-statement,4.0,True,False,False,80,4,b,True,False,,8478d1fee25e472b
UPSC-2022-GS1-Q045,2022,45,,Environment & Ecology,Biodiversity & Conservation,,Multi-statement,3.0,False,False,True,48,4,c,True,False,,a5e964c245cc9a67
UPSC-2022-GS1-Q046,2022,46,,Science & Technology,Materials & Engineering,,Multi-statement,4.0,False,False,False,86,4,a,True,False,,58f7ec0e1860ada4
UPSC-2022-GS1-Q047,2022,47,,Environment & Ecology,Biodiversity & Conservation,,Single-answer,0.0,True,False,False,9,4,a,True,False,,6e65bf29dbe5fd46
UPSC-2022-GS1-Q048,2022,48,,Environment & Ecology,Sustainable Agriculture & Forestry,,Multi-statement,5.0,False,False,False,31,4,a,True,False,,9d707c3dbfe8564c
UPSC-2022-GS1-Q049,2022,49,,Environment & Ecology,Ecosystems & Ecology Concepts,,Single-answer,0.0,False,False,False,13,4,a,True,False,,53b0612b98ca69eb
UPSC-2022-GS1-Q050,2022,50,,Environment & Ecology,Sustainable Agriculture & Forestry,,Single-answer,0.0,False,False,False,9,4,c,True,False,,7aace85399efccf8
UPSC-2022-GS1-Q051,2022,51,,History,Constitutional Developments & British Plans (1909-1947),,Multi-statement,4.0,False,False,False,51,4,c,True,False,,1972f0009d7f21c0
UPSC-2022-GS1-Q052,2022,52,,History,Medieval India,,Single-answer,0.0,False,False,False,9,4,b,True,False,,d6d4f8fde7c20093
UPSC-2022-GS1-Q053,2022,53,,History,Revolutionary & Communist Movements,,Multi-statement,3.0,False,False,False,30,4,d,True,False,,2bf06b83f65b8043
UPSC-2022-GS1-Q054,2022,54,,History,Constitutional Developments & British Plans (1909-1947),,Multi-statement,2.0,True,False,False,67,4,b,True,False,,7fbd021b56c2df67
UPSC-2022-GS1-Q055,2022,55,,Art & Culture,Philosophy & Religion,,Multi-statement,4.0,False,False,False,27,4,b,True,False,,22778e1b62b0a627
UPSC-2022-GS1-Q056,2022,56,,Art & Culture,Philosophy & Religion,,How-many/Count,3.0,False,False,False,36,4,c,True,False,,4a9e4ae03ae02e74
UPSC-2022-GS1-Q057,2022,57,,History,Delhi Sultanate,,Multi-statement,3.0,False,False,False,63,4,b,True,False,,4e2152fb69c91759
UPSC-2022-GS1-Q058,2022,58,,History,Delhi Sultanate,,Single-answer,0.0,False,False,False,14,4,d,True,False,,81ebd95c5892790e
UPSC-2022-GS1-Q059,2022,59,,History,Advent Of Europeans & British Expansion,,Multi-statement,3.0,False,False,False,71,4,b,True,False,,235e16409b1e79c1
UPSC-2022-GS1-Q060,2022,60,,History,"Society, Law & Administration",,Multi-statement,3.0,False,False,False,74,4,b,True,False,,722b3e5adeea7f45
UPSC-2022-GS1-Q061,2022,61,,Economy,External Sector & Balance Of Payments,,Multi-statement,3.0,False,False,False,55,4,c,True,True,CANCELLED;ANSWER_KEY_CONFLICT_PUBLIC_REPRODUCTION_VS_METADATA,8d8e76265203c3f2
UPSC-2022-GS1-Q062,2022,62,,Geography,Indian Agriculture & Land Use,,How-many/Count,4.0,False,False,False,27,4,d,True,False,,f6b6f809dbc1fb34
UPSC-2022-GS1-Q063,2022,63,,Economy,Financial Markets & Capital Markets,,Multi-statement,3.0,False,False,False,49,4,b,True,False,,3e356dc0ec88154a
UPSC-2022-GS1-Q064,2022,64,,Economy,Banking,,Multi-statement,3.0,False,False,False,62,4,b,True,False,,7d67378c56820b60
UPSC-2022-GS1-Q065,2022,65,,Economy,Financial Markets & Capital Markets,,Multi-statement,2.0,False,False,False,57,4,c,True,False,,ca762519e9c2e4db
UPSC-2022-GS1-Q066,2022,66,,Current Affairs,International Organisations & Groupings,,Multi-statement,3.0,False,True,False,28,4,d,True,False,,f9a77c6a9e44c3cf
UPSC-2022-GS1-Q067,2022,67,,Current Affairs,Business & Economy,,Multi-statement,5.0,False,True,False,86,4,c,True,False,,a1b96ff6a17cec87
UPSC-2022-GS1-Q068,2022,68,,Economy,Monetary Policy & Money Supply,,Single-answer,0.0,False,False,False,17,4,d,True,False,,862ce72d1b04a593
UPSC-2022-GS1-Q069,2022,69,,Science & Technology,Computer & Information Technology,,Multi-statement,3.0,False,False,False,60,4,a,True,False,,5481b3baf6571e90
UPSC-2022-GS1-Q070,2022,70,,Geography,Indian Rivers & Water Resources,,How-many/Count,4.0,True,False,False,36,4,c,True,False,,13329c848f0c03ca
UPSC-2022-GS1-Q071,2022,71,,Economy,Government Organizations,,Single-answer,0.0,False,False,False,21,4,c,True,False,,922677c52a8e2469
UPSC-2022-GS1-Q072,2022,72,,Economy,Government Organizations,,Single-answer,4.0,False,False,False,78,4,a,True,False,,f064a01ff56e17ac
UPSC-2022-GS1-Q073,2022,73,,Polity & Governance,Federalism & Centre–State Relations,,Single-answer,0.0,False,False,False,28,4,a,True,False,,db938c0fe6832440
UPSC-2022-GS1-Q074,2022,74,,Polity & Governance,Government Organizations,,Multi-statement,2.0,False,False,False,73,4,d,True,False,,426a96b3539cacd9
UPSC-2022-GS1-Q075,2022,75,,Environment & Ecology,Environmental Governance & Legislation,,Single-answer,0.0,False,False,False,15,4,c,True,False,,7736132228243a5d
UPSC-2022-GS1-Q076,2022,76,,Current Affairs,International Organisations & Groupings,,Multi-statement,3.0,False,True,False,69,4,a,True,False,,23486adfd3e1f528
UPSC-2022-GS1-Q077,2022,77,,Science & Technology,Defence Technology,,Single-answer,0.0,False,False,False,12,4,a,True,False,,cb25c88e681ca17a
UPSC-2022-GS1-Q078,2022,78,,Current Affairs,International Organisations & Groupings,,Multi-statement,3.0,False,True,False,62,4,d,True,False,,9f894084ac3bf197
UPSC-2022-GS1-Q079,2022,79,,Economy,Agriculture & Rural Development,,Multi-statement,4.0,False,False,False,65,4,d,True,False,,a8184ca0128a4797
UPSC-2022-GS1-Q080,2022,80,,Environment & Ecology,Environmental Governance & Legislation,,Single-answer,0.0,False,False,False,11,4,a,True,False,,b9ab9b28391dcac1
UPSC-2022-GS1-Q081,2022,81,,Geography,Atmosphere & Climatology,,Multi-statement,2.0,False,False,False,48,4,d,True,False,,1999a44c1b1f918e
UPSC-2022-GS1-Q082,2022,82,,Current Affairs,Disasters & Humanitarian Issues,,Multi-statement,3.0,False,True,False,54,4,c,True,False,,b414ea85ec82a8f9
UPSC-2022-GS1-Q083,2022,83,,Current Affairs,International Organisations & Groupings,,Multi-statement,5.0,False,True,False,28,4,c,True,False,,7e17a3f7cdfa9797
UPSC-2022-GS1-Q084,2022,84,,Environment & Ecology,Renewable Energy & Green Technologies,,Multi-statement,3.0,False,False,False,43,4,b,True,False,,4abef569922115a0
UPSC-2022-GS1-Q085,2022,85,,Geography,Oceanography,,Multi-statement,3.0,True,False,False,103,4,d,True,False,,9c1488278bd33b23
UPSC-2022-GS1-Q086,2022,86,,Current Affairs,International Conflicts & Security,,Single-answer,0.0,False,True,True,19,4,b,True,False,,0d4829c01183c441
UPSC-2022-GS1-Q087,2022,87,,Current Affairs,International Conflicts & Security,,How-many/Count,4.0,False,True,True,61,4,c,True,False,,3578208045c7223b
UPSC-2022-GS1-Q088,2022,88,,Geography,World Political Geography & Borders,,How-many/Count,4.0,False,False,True,39,4,b,True,False,,b186d778edad85ff
UPSC-2022-GS1-Q089,2022,89,,Environment & Ecology,Environmental Governance & Legislation,,Multi-statement,3.0,False,False,False,77,4,b,True,False,,766d40c5af62f342
UPSC-2022-GS1-Q090,2022,90,,Environment & Ecology,Ecosystems & Ecology Concepts,,Single-answer,0.0,False,False,False,17,4,a,True,False,,3b9cc523702f7660
UPSC-2022-GS1-Q091,2022,91,,History,Ancient India,,How-many/Count,4.0,False,False,False,44,4,b,True,False,,b3f7ecb4c4e7d3f2
UPSC-2022-GS1-Q092,2022,92,,History,Medieval Regional Kingdoms / Central & North-Indian Dynasties,,How-many/Count,4.0,False,False,False,34,4,b,True,False,,1cb982b02ae11eef
UPSC-2022-GS1-Q093,2022,93,,Art & Culture,Literature & Languages,,Single-answer,0.0,False,False,False,16,4,b,True,False,,1b031aed8c8321e0
UPSC-2022-GS1-Q094,2022,94,,History,Medieval Culture & Historiography,,Single-answer,0.0,False,False,False,13,4,a,True,False,,b5fd2ec6a904cee3
UPSC-2022-GS1-Q095,2022,95,,History,Bhakti Movement,,Single-answer,0.0,False,False,True,34,4,a,True,False,,e1c1437a259e59be
UPSC-2022-GS1-Q096,2022,96,,Art & Culture,Architecture & World Heritage,,Multi-statement,3.0,False,False,True,72,4,a,True,False,,0f37623726fefa28
UPSC-2022-GS1-Q097,2022,97,,Science & Technology,Biology,,Single-answer,0.0,False,False,False,21,4,d,True,False,,e89e7af5bc50879a
UPSC-2022-GS1-Q098,2022,98,,Science & Technology,Materials & Engineering,,Multi-statement,3.0,True,False,False,55,4,d,True,False,,aeee7d0e3632b6d8
UPSC-2022-GS1-Q099,2022,99,,Science & Technology,Biotechnology & Genetics,,Multi-statement,3.0,False,False,False,48,4,d,True,False,,c01d1e84db53fcdf
UPSC-2022-GS1-Q100,2022,100,,Environment & Ecology,Pollution & Waste Management,,Multi-statement,4.0,False,False,False,30,4,b,True,False,,0e224652832397ae
UPSC-2023-GS1-Q001,2023,1,,Geography,Indian Rivers & Water Resources,,How-many/Count,3.0,False,False,False,36,4,a,True,False,,3d4077981ec99dbc
UPSC-2023-GS1-Q002,2023,2,,Geography,Transport & Infrastructure Geography,,How-many/Count,3.0,False,False,False,47,4,b,True,False,,3685b39031f05a48
UPSC-2023-GS1-Q003,2023,3,,Environment & Ecology,Botany,,How-many/Count,3.0,False,False,False,25,4,b,True,False,,351c594a45dc6f5d
UPSC-2023-GS1-Q004,2023,4,,Geography,Agriculture,,How-many/Count,3.0,False,False,False,50,4,a,True,False,,732f361486ad63b8
UPSC-2023-GS1-Q005,2023,5,,Geography,Physical Geography & Geomorphology,,Single-answer,0.0,False,False,False,21,4,d,True,False,,45392d799bf38f10
UPSC-2023-GS1-Q006,2023,6,,Geography,Economic & Mineral Geography,,Single-answer,0.0,False,False,False,20,4,d,True,False,,d8f25436569d536f
UPSC-2023-GS1-Q007,2023,7,,Geography,World Geography,,Single-answer,0.0,False,False,False,20,4,c,True,False,,407effae9348423f
UPSC-2023-GS1-Q008,2023,8,,Geography,Indian Rivers & Water Resources,,Single-answer,0.0,False,False,False,12,4,a,True,False,,c867e1a46110f6b6
UPSC-2023-GS1-Q009,2023,9,,Geography,Transport & Infrastructure Geography,,How-many/Count,3.0,False,False,False,46,4,d,True,False,,80feb8905b8b5a5f
UPSC-2023-GS1-Q010,2023,10,,Environment & Ecology,Ecosystems & Ecology Concepts,,How-many/Count,3.0,False,False,False,58,4,d,True,False,,2b3424595917d218
UPSC-2023-GS1-Q011,2023,11,,Geography,Indian Agriculture & Land Use,,Assertion/Relationship,0.0,True,False,False,52,4,c,True,False,,83ddd5c9f9e8e3a1
UPSC-2023-GS1-Q012,2023,12,,Environment & Ecology,Biodiversity,,Assertion/Relationship,0.0,True,False,False,39,4,c,True,False,,c44952e59a79fc18
UPSC-2023-GS1-Q013,2023,13,,Geography,Economic & Mineral Geography,,Single-answer,0.0,False,False,False,18,4,a,True,False,,73aa36d0b494950b
UPSC-2023-GS1-Q014,2023,14,,Environment & Ecology,Biodiversity,,How-many/Count,3.0,False,False,False,27,4,a,True,False,,2760e18efed12f39
UPSC-2023-GS1-Q015,2023,15,,Geography,World Political Geography & Borders,,Single-answer,0.0,False,False,False,26,4,c,True,False,,9b40fe02406dc9c0
UPSC-2023-GS1-Q016,2023,16,,Geography,Indian Physical Geography,,How-many/Count,4.0,False,False,False,37,4,d,True,False,,a4ad9b3f082c6353
UPSC-2023-GS1-Q017,2023,17,,Geography,Transport & Infrastructure Geography,,How-many/Count,3.0,False,False,False,44,4,b,True,False,,38a592668da8b144
UPSC-2023-GS1-Q018,2023,18,,Environment & Ecology,Climate Change & Greenhouse Gases,,How-many/Count,4.0,False,False,False,57,4,c,True,False,,29363b366cee24ec
UPSC-2023-GS1-Q019,2023,19,,Environment & Ecology,Biodiversity & Conservation,,Single-answer,0.0,False,False,False,25,4,b,True,False,,212a8c34998e646c
UPSC-2023-GS1-Q020,2023,20,,Environment & Ecology,Climate Change & Greenhouse Gases,,How-many/Count,4.0,False,False,False,26,4,c,True,False,,21cc9e15644b5bb4
UPSC-2023-GS1-Q021,2023,21,,Economy,Financial Markets & Capital Markets,,Assertion/Relationship,0.0,False,False,False,65,4,d,True,False,,476f91ea629f1fff
UPSC-2023-GS1-Q022,2023,22,,Economy,Monetary Policy & Money Supply,,Assertion/Relationship,0.0,False,False,True,56,4,a,True,False,,876b24d7664f07de
UPSC-2023-GS1-Q023,2023,23,,Environment & Ecology,Climate Change & Greenhouse Gases,,Assertion/Relationship,0.0,False,False,False,51,4,b,True,False,,cbdc2cbc8eaa5a80
UPSC-2023-GS1-Q024,2023,24,,Economy,Monetary Policy & Money Supply,,Single-answer,0.0,False,False,False,19,4,a,True,False,,4a561c6863699a9c
UPSC-2023-GS1-Q025,2023,25,,Economy,Financial Markets & Capital Markets,,How-many/Count,4.0,False,False,False,30,4,b,True,False,,eeae1487ecd78ba0
UPSC-2023-GS1-Q026,2023,26,,Economy,Agriculture & Rural Development,,Single-answer,0.0,False,False,False,14,4,b,True,False,,a8436e82aa6137a0
UPSC-2023-GS1-Q027,2023,27,,Economy,Agriculture & Rural Development,,How-many/Count,3.0,False,False,False,47,4,c,True,False,,d92eee1677a7e677
UPSC-2023-GS1-Q028,2023,28,,Economy,Financial Markets & Capital Markets,,How-many/Count,4.0,False,False,False,30,4,c,True,False,,af5cd45e2a256be2
UPSC-2023-GS1-Q029,2023,29,,Economy,Fiscal Policy & Budget,,How-many/Count,5.0,False,False,False,46,4,b,True,False,,9a493dfb91980796
UPSC-2023-GS1-Q030,2023,30,,Current Affairs,International Organisations & Groupings,,How-many/Count,4.0,False,True,False,39,4,c,True,False,,ce6f5e8e2b305f08
UPSC-2023-GS1-Q031,2023,31,,Polity & Governance,Constitutional Framework & Development,,Single-answer,0.0,False,False,False,9,4,a,True,False,,59580a2a01c814f1
UPSC-2023-GS1-Q032,2023,32,,Polity & Governance,Federalism & Centre–State Relations,,Assertion/Relationship,0.0,False,False,False,65,4,a,True,False,,1b0035380e5245db
UPSC-2023-GS1-Q033,2023,33,,Polity & Governance,Constitutional Framework & Development,,Single-answer,0.0,False,False,False,17,4,c,True,False,,90fd1dffa6d53a4a
UPSC-2023-GS1-Q034,2023,34,,Polity & Governance,Constitutional Framework & Development,,Single-answer,0.0,False,False,False,24,4,c,True,True,CANCELLED;ANSWER_KEY_CONFLICT_PUBLIC_REPRODUCTION_VS_METADATA,0f3e432b87e4fe0f
UPSC-2023-GS1-Q035,2023,35,,Polity & Governance,Constitutional & Statutory Bodies,,How-many/Count,4.0,False,False,False,40,4,a,True,False,,c8e06058b05dbdea
UPSC-2023-GS1-Q036,2023,36,,Polity & Governance,Union & State Executive,,How-many/Count,3.0,False,False,False,107,4,d,True,False,,2499aa7368cdcf3b
UPSC-2023-GS1-Q037,2023,37,,Polity & Governance,Parliament & State Legislatures,,How-many/Count,3.0,False,False,False,99,4,b,True,False,,3bf7e56e9a01bce2
UPSC-2023-GS1-Q038,2023,38,,Environment & Ecology,Protected Areas & Wildlife,,How-many/Count,4.0,True,False,False,69,4,b,True,False,,647d0823781677b4
UPSC-2023-GS1-Q039,2023,39,,Polity & Governance,Federalism & Centre–State Relations,,How-many/Count,3.0,False,False,False,91,4,b,True,False,,57b5fc5cf1143643
UPSC-2023-GS1-Q040,2023,40,,Polity & Governance,Social Justice & Vulnerable Sections,,Assertion/Relationship,0.0,False,False,False,70,4,c,True,False,,e25e81de3d789427
UPSC-2023-GS1-Q041,2023,41,,Art & Culture,Architecture & World Heritage,,Single-answer,0.0,False,False,False,20,4,a,True,False,,64ec32a7a42786d3
UPSC-2023-GS1-Q042,2023,42,,History,Ancient India,,How-many/Count,3.0,False,False,False,47,4,b,True,False,,184bd0440614d426
UPSC-2023-GS1-Q043,2023,43,,History,Trade & Economy,,Single-answer,0.0,False,False,False,14,4,b,True,False,,0b7ac591e506b4ab
UPSC-2023-GS1-Q044,2023,44,,Art & Culture,Literature & Languages,,Single-answer,0.0,False,False,False,15,4,d,True,False,,cb1075cf0eaa9b32
UPSC-2023-GS1-Q045,2023,45,,History,South Indian Dynasties,,How-many/Count,4.0,False,False,False,27,4,d,True,False,,b86046ceea4644e1
UPSC-2023-GS1-Q046,2023,46,,Art & Culture,Literature & Languages,,How-many/Count,4.0,False,False,False,42,4,b,True,False,,1c2aa8573d8f9f76
UPSC-2023-GS1-Q047,2023,47,,Art & Culture,Philosophy & Religion,,Single-answer,0.0,True,False,False,51,4,b,True,False,,cf2d1c878dca442b
UPSC-2023-GS1-Q048,2023,48,,History,Vijayanagara Empire,,Single-answer,0.0,False,False,False,28,4,a,True,False,,dc0e1432160d59d4
UPSC-2023-GS1-Q049,2023,49,,History,Regional Kingdoms & Frontier States,,Single-answer,0.0,False,False,False,12,4,c,True,False,,646df4fb9099945c
UPSC-2023-GS1-Q050,2023,50,,History,Constitutional Developments & British Plans (1909-1947),,Single-answer,0.0,False,False,False,20,4,d,True,False,,517f5aee61b69c3b
UPSC-2023-GS1-Q051,2023,51,,Economy,"Human Development, Poverty & Employment Schemes",,How-many/Count,4.0,False,False,False,74,4,b,True,False,,cbeba4a90866f5cf
UPSC-2023-GS1-Q052,2023,52,,Economy,"Human Development, Poverty & Employment Schemes",,How-many/Count,4.0,False,False,False,81,4,c,True,False,,cef700036cff1335
UPSC-2023-GS1-Q053,2023,53,,Science & Technology,Materials & Engineering,,Multi-statement,2.0,False,False,False,36,4,a,True,False,,b076485665a8771d
UPSC-2023-GS1-Q054,2023,54,,Science & Technology,Defence Technology,,How-many/Count,3.0,False,False,False,75,4,c,True,False,,e77c2c723efa8f9e
UPSC-2023-GS1-Q055,2023,55,,Science & Technology,Energy & Environment,,How-many/Count,3.0,False,False,False,55,4,b,True,False,,e92cdd48d596bdd9
UPSC-2023-GS1-Q056,2023,56,,Science & Technology,Space Technology & Astronomy,,How-many/Count,3.0,False,False,False,56,4,a,True,False,,fe7747175747f066
UPSC-2023-GS1-Q057,2023,57,,Science & Technology,Space Technology & Astronomy,,Single-answer,0.0,False,False,False,12,4,d,True,False,,24541be4ffd11506
UPSC-2023-GS1-Q058,2023,58,,Science & Technology,Defence Technology,,Multi-statement,2.0,False,False,False,52,4,d,True,False,,38be4adc68ad377a
UPSC-2023-GS1-Q059,2023,59,,Environment & Ecology,Pollution & Waste Management,,How-many/Count,3.0,False,False,False,48,4,b,True,False,,ce3431960f634366
UPSC-2023-GS1-Q060,2023,60,,Science & Technology,Energy & Environment,,How-many/Count,3.0,False,False,False,60,4,c,True,False,,9aed75c5d81a8845
UPSC-2023-GS1-Q061,2023,61,,Geography,World Political Geography & Borders,,How-many/Count,5.0,False,False,False,30,4,a,True,False,,faa137a7e61921bc
UPSC-2023-GS1-Q062,2023,62,,Geography,Atmosphere & Climatology,,Single-answer,0.0,False,False,False,14,4,c,True,False,,9af5bd3cf9b39c9d
UPSC-2023-GS1-Q063,2023,63,,Geography,Biogeography & Natural Vegetation,,Assertion/Relationship,0.0,False,False,False,51,4,d,True,False,,d5a521372f2f7f75
UPSC-2023-GS1-Q064,2023,64,,Geography,Atmosphere & Climatology,,Assertion/Relationship,0.0,False,False,False,48,4,d,True,False,,0cb4dbe9b95d3a77
UPSC-2023-GS1-Q065,2023,65,,Geography,Physical Geography & Geomorphology,,Multi-statement,2.0,False,False,False,61,4,c,True,False,,2fd1d84ee4fc92f6
UPSC-2023-GS1-Q066,2023,66,,Environment & Ecology,Pollution & Waste Management,,How-many/Count,3.0,False,False,False,45,4,d,True,False,,f5bd4c6bf8f7a2e1
UPSC-2023-GS1-Q067,2023,67,,Science & Technology,Health & Diseases,,Single-answer,0.0,False,False,False,14,4,a,True,False,,8dc99d10fc3de6e5
UPSC-2023-GS1-Q068,2023,68,,Environment & Ecology,Climate Change & Greenhouse Gases,,How-many/Count,3.0,False,False,False,60,4,c,True,False,,766a27938e124da5
UPSC-2023-GS1-Q069,2023,69,,Science & Technology,Biotechnology & Genetics,,Single-answer,0.0,False,False,False,11,4,a,True,False,,bf7286840ed13fff
UPSC-2023-GS1-Q070,2023,70,,Science & Technology,Biotechnology & Genetics,,Single-answer,0.0,False,False,False,13,4,a,True,False,,6912442026ca6ca5
UPSC-2023-GS1-Q071,2023,71,,Economy,Infrastructure & Industry,,Multi-statement,2.0,False,False,False,63,4,b,True,False,,32d496c7f480e660
UPSC-2023-GS1-Q072,2023,72,,Economy,Digital Payments & Financial Inclusion,,Multi-statement,2.0,False,False,False,58,4,c,True,False,,0968e1a939d491ae
UPSC-2023-GS1-Q073,2023,73,,Economy,Financial Markets & Capital Markets,,Single-answer,0.0,False,False,False,10,4,d,True,False,,122c95ab92d22e79
UPSC-2023-GS1-Q074,2023,74,,Economy,Digital Payments & Financial Inclusion,,How-many/Count,3.0,False,False,False,65,4,b,True,False,,6cf7dcae74a5d5d2
UPSC-2023-GS1-Q075,2023,75,,Economy,"Human Development, Poverty & Employment Schemes",,Assertion/Relationship,0.0,False,False,False,57,4,b,True,False,,fac8ca6b65cc4405
UPSC-2023-GS1-Q076,2023,76,,Environment & Ecology,Water & Wetland Conservation,,Assertion/Relationship,0.0,False,False,False,77,4,c,True,False,,356e2650ba867070
UPSC-2023-GS1-Q077,2023,77,,Polity & Governance,Fundamental Rights,,How-many/Count,3.0,False,False,False,73,4,b,True,False,,17b31e67688d169d
UPSC-2023-GS1-Q078,2023,78,,Current Affairs,Disasters & Humanitarian Issues,,Single-answer,0.0,False,True,True,30,4,d,True,False,,6b08d3406dfd3bd2
UPSC-2023-GS1-Q079,2023,79,,Environment & Ecology,Environmental Governance & Legislation,,Multi-statement,2.0,False,False,False,62,4,c,True,False,,769ef18a4c576e08
UPSC-2023-GS1-Q080,2023,80,,Polity & Governance,Presidential Election,,How-many/Count,4.0,False,False,False,123,4,a,True,False,,352afcd9586b2f19
UPSC-2023-GS1-Q081,2023,81,,Art & Culture,Cultural Institutions & Awards,,Single-answer,0.0,False,False,False,21,4,a,True,False,,dc7ca932c3cce6d1
UPSC-2023-GS1-Q082,2023,82,,Art & Culture,Architecture & World Heritage,,How-many/Count,3.0,False,False,False,36,4,b,True,False,,a510bc84c681b863
UPSC-2023-GS1-Q083,2023,83,,History,Early Nationalism & Indian National Congress (1885-1915),,Assertion/Relationship,0.0,False,False,False,45,4,a,True,False,,859c4cc532b52e6c
UPSC-2023-GS1-Q084,2023,84,,Polity & Governance,Constitutional Framework & Development,,Assertion/Relationship,1.0,False,False,False,72,4,d,True,False,,fa3a818896bc39fc
UPSC-2023-GS1-Q085,2023,85,,Polity & Governance,Constitutional Framework & Development,,Assertion/Relationship,0.0,False,False,False,73,4,c,True,False,,a3a6eaf5d823ee3d
UPSC-2023-GS1-Q086,2023,86,,Current Affairs,Business & Economy,,Assertion/Relationship,0.0,False,True,False,45,4,c,True,False,,babf248829260953
UPSC-2023-GS1-Q087,2023,87,,Current Affairs,International Relations & Treaties,,Assertion/Relationship,0.0,False,True,True,63,4,c,True,False,,70f4323e41617343
UPSC-2023-GS1-Q088,2023,88,,Economy,International Trade & WTO,,Assertion/Relationship,0.0,False,False,False,49,4,d,True,False,,26eb2670cce1e9d2
UPSC-2023-GS1-Q089,2023,89,,Economy,Fiscal Policy & Budget,,How-many/Count,3.0,False,False,False,66,4,a,True,False,,6dd5a5a02211aa1b
UPSC-2023-GS1-Q090,2023,90,,Current Affairs,International Relations & Treaties,,How-many/Count,3.0,False,True,True,72,4,d,True,False,,e54d5b88d607d88b
UPSC-2023-GS1-Q091,2023,91,,Polity & Governance,Constitutional & Statutory Bodies,,How-many/Count,3.0,False,False,False,77,4,b,True,False,,6f7f76ef862825cd
UPSC-2023-GS1-Q092,2023,92,,Polity & Governance,Constitutional & Statutory Bodies,,How-many/Count,3.0,False,False,False,81,4,b,True,False,,1972e78468564101
UPSC-2023-GS1-Q093,2023,93,,International Relations,Geopolitical Conflicts,,How-many/Count,3.0,False,False,False,51,4,d,True,False,,2ebe391ec6fe5fa6
UPSC-2023-GS1-Q094,2023,94,,Current Affairs,International Relations & Treaties,,Assertion/Relationship,0.0,False,True,False,46,4,c,True,False,,889a1ff3f0d9cf9c
UPSC-2023-GS1-Q095,2023,95,,Sports,Sports Awards,,How-many/Count,4.0,False,False,False,86,4,b,True,False,,82a2dceb7f72aa4b
UPSC-2023-GS1-Q096,2023,96,,Current Affairs,Other Sports & Personalities,,How-many/Count,4.0,False,True,False,73,4,b,True,False,,b504ce9e83564699
UPSC-2023-GS1-Q097,2023,97,,Current Affairs,International Conflicts & Security,,How-many/Count,3.0,False,True,False,33,4,d,True,False,,3f6c720dfe449188
UPSC-2023-GS1-Q098,2023,98,,Current Affairs,International Conflicts & Security,,Single-answer,0.0,False,True,False,25,4,d,True,False,,440ac1526df65fad
UPSC-2023-GS1-Q099,2023,99,,Environment & Ecology,Renewable Energy & Green Technologies,,How-many/Count,3.0,False,False,False,32,4,c,True,False,,28a1192b0b3dcded
UPSC-2023-GS1-Q100,2023,100,,Current Affairs,International Organisations & Groupings,,Multi-statement,2.0,False,True,False,51,4,c,True,False,,3da399f3d182213b
UPSC-2024-GS1-Q001,2024,1,,Geography,Atmosphere & Climatology,,Assertion/Relationship,0.0,False,False,False,52,4,d,True,False,,4565b7fd996cfaa0
UPSC-2024-GS1-Q002,2024,2,,Geography,Atmosphere & Climatology,,Assertion/Relationship,0.0,False,False,False,50,4,a,True,False,,d31ccc44c9720579
UPSC-2024-GS1-Q003,2024,3,,Geography,Physical Geography & Geomorphology,,How-many/Count,4.0,False,False,False,28,4,d,True,False,,e6914bd68e67b79f
UPSC-2024-GS1-Q004,2024,4,,Geography,Atmosphere & Climatology,,Multi-statement,2.0,False,False,False,68,4,a,True,False,,b9c2e8cda09da30a
UPSC-2024-GS1-Q005,2024,5,,Geography,Indian Agriculture & Land Use,,Single-answer,0.0,False,False,False,18,4,c,True,False,,d6c3cee432d7794d
UPSC-2024-GS1-Q006,2024,6,,Geography,Indian Rivers & Water Resources,,Single-answer,0.0,False,False,False,25,4,b,True,False,,78cf2ea96886373f
UPSC-2024-GS1-Q007,2024,7,,Geography,Physical Geography & Geomorphology,,Assertion/Relationship,0.0,False,False,False,47,4,a,True,False,,f133df69bca7e699
UPSC-2024-GS1-Q008,2024,8,,Geography,World Geography,,How-many/Count,4.0,False,False,False,27,4,b,True,False,,636bb734fab5271b
UPSC-2024-GS1-Q009,2024,9,,Geography,Indian Geography,,How-many/Count,3.0,False,False,False,47,4,a,True,False,,d12d05e906cd8560
UPSC-2024-GS1-Q010,2024,10,,Geography,World Geography,,How-many/Count,4.0,False,False,False,65,4,b,True,False,,b3b8fcd2c30c9988
UPSC-2024-GS1-Q011,2024,11,,Current Affairs,Indian Government Schemes & Initiatives,,Multi-statement,3.0,False,True,True,32,4,a,True,False,,74b3c766785caae8
UPSC-2024-GS1-Q012,2024,12,,Geography,Atmosphere & Climatology,,Multi-statement,2.0,False,False,False,42,4,a,True,False,,891da479d1ed81a1
UPSC-2024-GS1-Q013,2024,13,,Geography,Atmosphere & Climatology,,Multi-statement,3.0,False,False,False,36,4,d,True,False,,55a87de20f26ae37
UPSC-2024-GS1-Q014,2024,14,,Geography,Atmosphere & Climatology,,Multi-statement,2.0,False,False,False,43,4,c,True,False,,3b8f4819c9c64725
UPSC-2024-GS1-Q015,2024,15,,Geography,Astronomy & Earth–Sun System,,Multi-statement,4.0,False,False,False,42,4,d,True,False,,3f06d8b99bbb4960
UPSC-2024-GS1-Q016,2024,16,,Environment & Ecology,Climate Change & Greenhouse Gases,,Single-answer,0.0,False,False,False,47,4,b,True,False,,92a10f8b497982ec
UPSC-2024-GS1-Q017,2024,17,,Environment & Ecology,Pollution & Waste Management,,Multi-statement,3.0,True,False,False,66,4,d,True,False,,fc5217bcd8a321a6
UPSC-2024-GS1-Q018,2024,18,,Environment & Ecology,Biodiversity & Conservation,,How-many/Count,5.0,False,False,False,29,4,b,True,False,,78acf7ec661e5508
UPSC-2024-GS1-Q019,2024,19,,Environment & Ecology,Biodiversity & Conservation,,How-many/Count,3.0,False,False,False,22,4,c,True,False,,27c841ae6a6e0d21
UPSC-2024-GS1-Q020,2024,20,,Environment & Ecology,Environmental Governance & Legislation,,Assertion/Relationship,0.0,False,False,False,51,4,c,True,True,CANCELLED,e5838dd6cd19d8d8
UPSC-2024-GS1-Q021,2024,21,,Environment & Ecology,Biodiversity & Conservation,,Single-answer,0.0,False,False,False,9,4,c,True,False,,5b2d48e25c1a2e9b
UPSC-2024-GS1-Q022,2024,22,,Environment & Ecology,Pollution & Waste Management,,Assertion/Relationship,0.0,False,False,False,45,4,a,True,False,,85b9620744eb7496
UPSC-2024-GS1-Q023,2024,23,,Environment & Ecology,Protected Areas & Wildlife,,How-many/Count,2.0,False,False,False,19,4,d,True,False,SOURCE_BLANKED_FIELDS,bdd32ee45515ee64
UPSC-2024-GS1-Q024,2024,24,,Current Affairs,International Organisations & Groupings,,Multi-statement,2.0,False,True,False,40,4,a,True,False,,b803d86abd89eedd
UPSC-2024-GS1-Q025,2024,25,,Environment & Ecology,Ecosystems & Ecology Concepts,,Multi-statement,2.0,False,False,False,17,4,a,True,False,SOURCE_BLANKED_FIELDS,758bc67cdc292a2b
UPSC-2024-GS1-Q026,2024,26,,Current Affairs,International Relations & Treaties,,Single-answer,0.0,False,True,False,14,4,a,True,False,,357887a389b5cb67
UPSC-2024-GS1-Q027,2024,27,,Science & Technology,Energy & Environment,,How-many/Count,2.0,False,False,False,19,4,d,True,False,SOURCE_BLANKED_FIELDS,12c1c1b3fbf61728
UPSC-2024-GS1-Q028,2024,28,,Environment & Ecology,Ecosystems & Ecology Concepts,,Single-answer,0.0,False,False,False,29,4,a,True,False,,e29fbe46a3afee9e
UPSC-2024-GS1-Q029,2024,29,,Environment & Ecology,Ecosystems & Ecology Concepts,,How-many/Count,2.0,False,False,False,18,4,c,True,False,SOURCE_BLANKED_FIELDS,65c766eae2bba88a
UPSC-2024-GS1-Q030,2024,30,,Environment & Ecology,Biodiversity & Conservation,,How-many/Count,2.0,False,False,False,19,4,a,True,False,SOURCE_BLANKED_FIELDS,d984c14d0ad486bc
UPSC-2024-GS1-Q031,2024,31,,Science & Technology,Energy & Environment,,Multi-statement,2.0,False,False,False,24,4,b,True,False,SOURCE_BLANKED_FIELDS,72a6c7881ec58fb9
UPSC-2024-GS1-Q032,2024,32,,Science & Technology,Space Technology & Astronomy,,Assertion/Relationship,0.0,False,False,False,44,4,d,True,False,,0af4a7bf596eddfb
UPSC-2024-GS1-Q033,2024,33,,Science & Technology,Biology,,Single-answer,0.0,False,False,False,19,4,a,True,False,,49111fb4ea8e1e72
UPSC-2024-GS1-Q034,2024,34,,Science & Technology,Defence Technology,,How-many/Count,2.0,False,False,False,21,4,b,True,False,SOURCE_BLANKED_FIELDS,81d5d0e0898250c8
UPSC-2024-GS1-Q035,2024,35,,Science & Technology,Defence Technology,,How-many/Count,2.0,False,False,False,20,4,d,True,False,SOURCE_BLANKED_FIELDS,1fd779849520aef9
UPSC-2024-GS1-Q036,2024,36,,Science & Technology,Chemistry,,Multi-statement,2.0,False,False,False,22,4,a,True,False,SOURCE_BLANKED_FIELDS,a2125b88545ad3e8
UPSC-2024-GS1-Q037,2024,37,,Science & Technology,Energy,,Single-answer,0.0,False,False,False,19,4,d,True,False,,6247d42647535a05
UPSC-2024-GS1-Q038,2024,38,,Science & Technology,Energy,,Single-answer,0.0,False,False,True,20,4,c,True,False,,bd80c516ce9fec8d
UPSC-2024-GS1-Q039,2024,39,,Science & Technology,Biotechnology,,Single-answer,0.0,False,False,False,10,4,d,True,False,,b70e4e9e89e8f4eb
UPSC-2024-GS1-Q040,2024,40,,Economy,Financial Markets,,Single-answer,0.0,False,False,False,16,4,c,True,False,,2c1ec611f31566b9
UPSC-2024-GS1-Q041,2024,41,,Economy,Demographics,,Single-answer,0.0,False,False,False,11,4,d,True,False,,2f903478a4e97826
UPSC-2024-GS1-Q042,2024,42,,Economy,Banking and Finance,,Multi-statement,2.0,False,False,False,24,4,c,True,False,,2b11cea490132425
UPSC-2024-GS1-Q043,2024,43,,Economy,Financial Markets & Capital Markets,,Multi-statement,3.0,False,False,False,34,4,d,True,False,,59d1ec535a4dd2c8
UPSC-2024-GS1-Q044,2024,44,,Economy,Financial Markets & Capital Markets,,Multi-statement,3.0,False,False,False,23,4,d,True,False,,aa5f22a13117ea89
UPSC-2024-GS1-Q045,2024,45,,Economy,Indian Economy,,How-many/Count,4.0,False,False,False,51,4,b,True,False,,3188ef0c3e202228
UPSC-2024-GS1-Q046,2024,46,,Science & Technology,Energy & Environment,,Multi-statement,4.0,False,False,False,34,4,c,True,False,,ff64d4727217fa9e
UPSC-2024-GS1-Q047,2024,47,,Economy,Indian Economy,,How-many/Count,4.0,False,False,False,51,4,b,True,False,,3c8fba08103ecddd
UPSC-2024-GS1-Q048,2024,48,,Science & Technology,Computer & Information Technology,,Single-answer,0.0,False,False,False,37,4,c,True,False,,0b6691e040785b25
UPSC-2024-GS1-Q049,2024,49,,Economy,Banking and Finance,,Multi-statement,2.0,True,False,False,63,4,d,True,False,,43c25f233dacc811
UPSC-2024-GS1-Q050,2024,50,,Economy,Infrastructure & Industry,,Multi-statement,2.0,True,False,False,56,4,a,True,False,,d80f3b0a19c362ab
UPSC-2024-GS1-Q051,2024,51,,Economy,International Institutions & Reports,,Assertion/Relationship,0.0,True,False,False,71,4,a,True,False,,0c243432867d182e
UPSC-2024-GS1-Q052,2024,52,,Economy,Banking & Financial Sector,,Assertion/Relationship,0.0,False,False,False,51,4,c,True,True,CANCELLED;ANSWER_KEY_CONFLICT_PUBLIC_REPRODUCTION_VS_METADATA,147d6ce01316a7ba
UPSC-2024-GS1-Q053,2024,53,,Economy,Digital Payments & Financial Inclusion,,Multi-statement,4.0,False,False,False,72,4,d,True,False,,a0cfc3129d20b4f4
UPSC-2024-GS1-Q054,2024,54,,Art & Culture,Philosophy & Religion,,Multi-statement,3.0,False,False,False,33,4,b,True,False,,201f9ab9d8baf9c6
UPSC-2024-GS1-Q055,2024,55,,History,Ancient India,,Multi-statement,4.0,False,False,False,55,4,b,True,False,,50df0e4c5824a48d
UPSC-2024-GS1-Q056,2024,56,,History,Medieval India,,Single-answer,0.0,False,False,False,20,4,a,True,False,,dfed7f5f0787ad0c
UPSC-2024-GS1-Q057,2024,57,,History,Modern India,,Multi-statement,2.0,False,False,False,75,4,c,True,True,CANCELLED;ANSWER_KEY_CONFLICT_PUBLIC_REPRODUCTION_VS_METADATA,6ce97b0527696aeb
UPSC-2024-GS1-Q058,2024,58,,Art & Culture,Philosophy & Religion,,Multi-statement,2.0,False,False,False,29,4,b,True,False,,f941a73c82e192a3
UPSC-2024-GS1-Q059,2024,59,,Economy,International Trade & WTO,,Multi-statement,1.0,False,False,False,19,4,a,True,False,,7a01f88e26137fb6
UPSC-2024-GS1-Q060,2024,60,,Art & Culture,Cultural Institutions & Awards,,Single-answer,0.0,False,False,False,18,4,c,True,False,,e0accc4911f18c3e
UPSC-2024-GS1-Q061,2024,61,,Polity & Governance,Constitutional Framework & Development,,Single-answer,0.0,False,False,False,16,4,d,True,False,,cd8d4bcd1b77f2cf
UPSC-2024-GS1-Q062,2024,62,,Polity & Governance,Constitutional Framework & Development,,Multi-statement,2.0,False,False,False,30,4,a,True,False,,91dc46d54da6f1de
UPSC-2024-GS1-Q063,2024,63,,Art & Culture,Literature & Languages,,Single-answer,0.0,False,False,False,13,4,c,True,False,,2f45a77b6de16593
UPSC-2024-GS1-Q064,2024,64,,Art & Culture,Philosophy & Religion,,Single-answer,0.0,False,False,False,25,4,c,True,False,,ff432dbb3deb7c1c
UPSC-2024-GS1-Q065,2024,65,,Art & Culture,Architecture & World Heritage,,How-many/Count,2.0,False,False,False,29,4,b,True,False,SOURCE_BLANKED_FIELDS,7c25cf31fd7c3dee
UPSC-2024-GS1-Q066,2024,66,,Polity & Governance,Constitutional Framework & Development,,Single-answer,2.0,False,False,False,35,4,d,True,False,SOURCE_BLANKED_FIELDS,305594fd62b4f43e
UPSC-2024-GS1-Q067,2024,67,,Geography,World Demographics,,Multi-statement,3.0,False,False,False,33,4,a,True,False,SOURCE_BLANKED_FIELDS,cf649ccf09ec35bc
UPSC-2024-GS1-Q068,2024,68,,Polity & Governance,Parliamentary Procedures,,Multi-statement,2.0,False,False,False,31,4,c,True,False,SOURCE_BLANKED_FIELDS,770179e4e02066fe
UPSC-2024-GS1-Q069,2024,69,,Science & Technology,Defence Technology,,Multi-statement,2.0,False,False,False,35,4,d,True,False,SOURCE_BLANKED_FIELDS,c952c7edd675c227
UPSC-2024-GS1-Q070,2024,70,,Polity & Governance,Constitutional & Statutory Bodies,,Multi-statement,2.0,False,False,False,46,4,a,True,False,SOURCE_BLANKED_FIELDS,cee895a3127f7504
UPSC-2024-GS1-Q071,2024,71,,Polity & Governance,Elections & Electoral Reforms,,How-many/Count,0.0,False,False,False,16,4,d,True,False,,1893faf38d085365
UPSC-2024-GS1-Q072,2024,72,,Polity & Governance,Constitutional Framework & Development,,Multi-statement,2.0,False,False,False,35,4,a,True,False,SOURCE_BLANKED_FIELDS,9143f442d5732669
UPSC-2024-GS1-Q073,2024,73,,History,Post-Independence India,,How-many/Count,2.0,False,False,False,18,4,b,True,False,SOURCE_BLANKED_FIELDS,fec3ded79da045f8
UPSC-2024-GS1-Q074,2024,74,,Polity & Governance,Constitutional Provisions,,Multi-statement,2.0,False,False,False,26,4,d,True,False,SOURCE_BLANKED_FIELDS,06217e80281e057f
UPSC-2024-GS1-Q075,2024,75,,Polity & Governance,Federalism & Centre–State Relations,,Single-answer,0.0,False,False,False,15,4,c,True,False,,94b32e0370cf7024
UPSC-2024-GS1-Q076,2024,76,,Polity & Governance,Fundamental Rights,,Single-answer,0.0,False,False,False,23,4,d,True,False,,6ea07751af92c1a8
UPSC-2024-GS1-Q077,2024,77,,Polity & Governance,Defence,,Single-answer,2.0,False,False,False,33,4,d,True,False,SOURCE_BLANKED_FIELDS,6900d2a5fdb33855
UPSC-2024-GS1-Q078,2024,78,,Polity & Governance,Defence,,Single-answer,0.0,False,False,False,24,4,c,True,False,,1b733ceb963c16ce
UPSC-2024-GS1-Q079,2024,79,,Geography,World Political Geography & Borders,,Single-answer,0.0,False,False,False,13,4,a,True,False,,660c798e0180ff9a
UPSC-2024-GS1-Q080,2024,80,,Polity & Governance,Parliament & State Legislatures,,Multi-statement,3.0,False,False,False,66,4,c,True,False,,71e69c2261d0f42d
UPSC-2024-GS1-Q081,2024,81,,Polity & Governance,Social Justice & Vulnerable Sections,,Multi-statement,3.0,False,False,False,64,4,c,True,False,,30921959d64b0237
UPSC-2024-GS1-Q082,2024,82,,Current Affairs,International Conflicts & Security,,Multi-statement,4.0,False,True,False,60,4,d,True,False,,1e2c5da3ae60e44d
UPSC-2024-GS1-Q083,2024,83,,Polity & Governance,Judiciary,,Single-answer,0.0,False,False,False,17,4,c,True,False,,28251c4b1b4cdfa9
UPSC-2024-GS1-Q084,2024,84,,Polity & Governance,Social Justice & Vulnerable Sections,,Multi-statement,2.0,True,False,False,53,4,b,True,False,,2a88359c07b393ce
UPSC-2024-GS1-Q085,2024,85,,Polity & Governance,Public Finance & Finance Commission,,Multi-statement,2.0,True,False,False,63,4,c,True,False,,796e5cd19ef542da
UPSC-2024-GS1-Q086,2024,86,,Current Affairs,Books & Authors,,Single-answer,0.0,False,True,False,18,4,d,True,False,,d4ba6f4ad22c14b8
UPSC-2024-GS1-Q087,2024,87,,International Relations,Current Affairs,,How-many/Count,3.0,False,False,True,50,4,b,True,False,,f126686c8d7be678
UPSC-2024-GS1-Q088,2024,88,,Geography,Transport & Infrastructure Geography,,Assertion/Relationship,0.0,False,False,False,49,4,a,True,False,,885cb550822c78a0
UPSC-2024-GS1-Q089,2024,89,,Geography,Oceanography,,Multi-statement,2.0,False,False,False,34,4,c,True,False,,b3cc478248b465dd
UPSC-2024-GS1-Q090,2024,90,,Environment & Ecology,Pollution & Waste Management,,Single-answer,0.0,False,False,False,21,4,d,True,False,,a4752f8d88fae97e
UPSC-2024-GS1-Q091,2024,91,,Current Affairs,International Conflicts & Security,,Assertion/Relationship,0.0,False,True,True,51,4,a,True,False,,8693163265bc60b7
UPSC-2024-GS1-Q092,2024,92,,Current Affairs,International Relations & Treaties,,Assertion/Relationship,0.0,True,True,False,52,4,d,True,False,,88f78b29d4237434
UPSC-2024-GS1-Q093,2024,93,,Polity & Governance,Parliament & State Legislatures,,Multi-statement,3.0,True,False,False,68,4,a,True,False,,f3172b6f68f05794
UPSC-2024-GS1-Q094,2024,94,,Polity & Governance,Parliament & State Legislatures,,Multi-statement,3.0,False,False,False,84,4,b,True,False,,3b19a4b0ada31b4f
UPSC-2024-GS1-Q095,2024,95,,Polity & Governance,Parliament & State Legislatures,,Multi-statement,3.0,True,False,False,101,4,c,True,False,,3aa51ca75878a8f9
UPSC-2024-GS1-Q096,2024,96,,Environment & Ecology,International Environmental Treaties & Summits,,Assertion/Relationship,0.0,False,False,True,56,4,c,True,False,,eed8d6af511d1de0
UPSC-2024-GS1-Q097,2024,97,,Current Affairs,Business & Economy,,Assertion/Relationship,0.0,False,True,True,52,4,d,True,False,,ca91390f448c6cfa
UPSC-2024-GS1-Q098,2024,98,,Economy,Agriculture & Rural Development,,Multi-statement,2.0,False,False,False,37,4,d,True,False,SOURCE_BLANKED_FIELDS,c765c6c395d23131
UPSC-2024-GS1-Q099,2024,99,,Current Affairs,Indian Government Schemes & Initiatives,,Multi-statement,2.0,False,True,False,50,4,b,True,False,,8efdcbcfcf63b587
UPSC-2024-GS1-Q100,2024,100,,Economy,"Human Development, Poverty & Employment Schemes",,Multi-statement,3.0,False,False,False,35,4,b,True,False,SOURCE_BLANKED_FIELDS,ae3444f69c8e5db6
UPSC-2025-GS1-Q001,2025,1,,Economy,Financial Markets & Capital Markets,,How-many/Count,4.0,False,False,False,29,4,b,True,False,,3dd47fce86694b9e
UPSC-2025-GS1-Q002,2025,2,,Economy,Banking & Financial Sector,,Multi-statement,5.0,False,False,False,51,4,a,True,False,,5116f61053c1c570
UPSC-2025-GS1-Q003,2025,3,,Economy,Government Organizations,,How-many/Count,3.0,False,False,False,108,4,a,True,False,,b1f5a45e30170e68
UPSC-2025-GS1-Q004,2025,4,,Economy,Infrastructure & Industry,,Multi-statement,2.0,False,False,False,54,4,b,True,False,,d68238ee074d36fa
UPSC-2025-GS1-Q005,2025,5,,Economy,Taxation,,Assertion/Relationship,0.0,True,False,False,64,4,d,True,False,,f10df76620e0c901
UPSC-2025-GS1-Q006,2025,6,,Economy,Infrastructure & Industry,,Multi-statement,3.0,False,False,False,72,4,c,True,False,,fcfa36d174213534
UPSC-2025-GS1-Q007,2025,7,,Economy,Financial Markets & Capital Markets,,Assertion/Relationship,0.0,False,False,False,70,4,a,True,False,,87135c493fabdc75
UPSC-2025-GS1-Q008,2025,8,,Economy,Financial Markets & Capital Markets,,Multi-statement,3.0,False,False,True,81,4,a,True,False,,8665840dc3b01038
UPSC-2025-GS1-Q009,2025,9,,Environment & Ecology,Renewable Energy & Green Technologies,,Assertion/Relationship,0.0,False,False,False,53,4,a,True,False,,942a307a8e861469
UPSC-2025-GS1-Q010,2025,10,,Economy,Fiscal Policy & Budget,,Multi-statement,3.0,False,False,False,47,4,a,True,False,,4ba0fe139b96ae45
UPSC-2025-GS1-Q011,2025,11,,History,Social & Religious Reform Movements,,Multi-statement,2.0,False,False,False,59,4,c,True,False,,03498bce8ec5d324
UPSC-2025-GS1-Q012,2025,12,,History,Gandhian Mass Movements (1915-1942),,How-many/Count,4.0,False,False,False,50,4,c,True,False,,7842315f13fa7def
UPSC-2025-GS1-Q013,2025,13,,History,Science & Technology,,Single-answer,0.0,False,False,False,6,4,b,True,False,,5f77edfb5fd0c9d8
UPSC-2025-GS1-Q014,2025,14,,History,Post-Gupta & Early Medieval Dynasties,,Single-answer,0.0,False,False,False,16,4,a,True,False,,b0edebe7801746f4
UPSC-2025-GS1-Q015,2025,15,,History,Foreign Travellers & Accounts,,Single-answer,0.0,False,False,False,12,4,b,True,False,,f3a28c77b91ccffd
UPSC-2025-GS1-Q016,2025,16,,History,Ancient India,,Single-answer,0.0,False,False,False,29,4,c,True,False,,75bdfd1e110d8b8d
UPSC-2025-GS1-Q017,2025,17,,History,Ancient India,,How-many/Count,4.0,False,False,False,46,4,b,True,False,,c855e4e47cc6905d
UPSC-2025-GS1-Q018,2025,18,,Art & Culture,Music,,Single-answer,0.0,False,False,False,18,4,d,True,False,,bb76ea97ea290325
UPSC-2025-GS1-Q019,2025,19,,History,Mauryan Empire,,Single-answer,0.0,False,False,False,14,4,b,True,False,,80d3f7ce9a969ed3
UPSC-2025-GS1-Q020,2025,20,,History,Modern India,,Multi-statement,2.0,True,False,False,71,4,c,True,False,,1e235f5b39a9388a
UPSC-2025-GS1-Q021,2025,21,,Current Affairs,International Organisations & Groupings,,How-many/Count,5.0,False,True,False,31,4,b,True,False,,77f3fe6552221bd0
UPSC-2025-GS1-Q022,2025,22,,Geography,World Physical Geography,,How-many/Count,3.0,False,False,False,21,4,c,True,False,,dd4dd728955f4f5a
UPSC-2025-GS1-Q023,2025,23,,Geography,Astronomy & Earth–Sun System,,How-many/Count,3.0,False,False,False,25,4,d,True,False,,cb6cad8d2e4f9bad
UPSC-2025-GS1-Q024,2025,24,,Economy,Agriculture & Rural Development,,Multi-statement,3.0,False,False,False,57,4,d,True,False,,66a2aec748492a92
UPSC-2025-GS1-Q025,2025,25,,Geography,Physical Geography & Geomorphology,,Multi-statement,3.0,False,False,False,79,4,c,True,False,,18133fdcb181baf2
UPSC-2025-GS1-Q026,2025,26,,Geography,Atmosphere & Climatology,,Assertion/Relationship,0.0,False,False,False,53,4,c,True,False,,87c60deeabdfd0f5
UPSC-2025-GS1-Q027,2025,27,,Geography,Atmosphere & Climatology,,Assertion/Relationship,0.0,False,False,False,62,4,a,True,False,,715abf4fffe3080b
UPSC-2025-GS1-Q028,2025,28,,Geography,Physical Geography & Geomorphology,,Assertion/Relationship,0.0,True,False,False,70,4,c,True,False,,e661d6b5d604585a
UPSC-2025-GS1-Q029,2025,29,,Environment & Ecology,Climate Change & Greenhouse Gases,,Multi-statement,3.0,False,False,False,56,4,c,True,False,,c640abeefbd5b839
UPSC-2025-GS1-Q030,2025,30,,Economy,Agriculture & Rural Development,,Multi-statement,2.0,False,False,False,63,4,c,True,False,,366f629e7ccb4466
UPSC-2025-GS1-Q031,2025,31,,Environment & Ecology,Climate Change & Greenhouse Gases,,Assertion/Relationship,0.0,False,False,False,65,4,b,True,False,,017af499a449c002
UPSC-2025-GS1-Q032,2025,32,,Environment & Ecology,International Environmental Treaties & Summits,,Assertion/Relationship,0.0,False,False,False,82,4,c,True,False,,3cef926edee23c08
UPSC-2025-GS1-Q033,2025,33,,Geography,Astronomy & Earth–Sun System,,Assertion/Relationship,0.0,False,False,False,73,4,b,True,False,,8487b90bd0beff3b
UPSC-2025-GS1-Q034,2025,34,,Environment & Ecology,International Environmental Treaties & Summits,,Assertion/Relationship,0.0,False,False,False,84,4,a,True,False,,9bbfba22436b9a77
UPSC-2025-GS1-Q035,2025,35,,Economy,International Organizations,,Single-answer,0.0,False,False,False,16,4,a,True,False,,057f5dcac2824004
UPSC-2025-GS1-Q036,2025,36,,Environment & Ecology,Climate Change,,Multi-statement,3.0,False,False,False,69,4,c,True,False,,8dd5442f47f8cd0e
UPSC-2025-GS1-Q037,2025,37,,Environment & Ecology,Biodiversity,,Multi-statement,3.0,False,False,False,47,4,d,True,False,,0b0fd14885690fdc
UPSC-2025-GS1-Q038,2025,38,,Environment & Ecology,Climate Change & Greenhouse Gases,,Multi-statement,3.0,False,False,False,55,4,c,True,False,,ccc1e37978422e0e
UPSC-2025-GS1-Q039,2025,39,,Science & Technology,Botany,,How-many/Count,5.0,False,False,False,44,4,b,True,False,,a6b70d1c2eda77a5
UPSC-2025-GS1-Q040,2025,40,,Environment & Ecology,Biogeochemical Cycles & Earth Systems,,Multi-statement,3.0,False,False,False,56,4,b,True,False,,d8a356253260e49f
UPSC-2025-GS1-Q041,2025,41,,Science & Technology,Energy & Environment,,How-many/Count,3.0,False,False,False,33,4,c,True,False,,e048113c911e1c0d
UPSC-2025-GS1-Q042,2025,42,,Science & Technology,Defence Technology,,How-many/Count,3.0,False,False,False,54,4,d,True,False,,38db9ae2fc70ebe0
UPSC-2025-GS1-Q043,2025,43,,Science & Technology,Technology,,How-many/Count,4.0,False,False,False,30,4,c,True,False,,03a1318a07b4a516
UPSC-2025-GS1-Q044,2025,44,,Environment & Ecology,Pollution,,How-many/Count,3.0,False,False,False,19,4,c,True,False,,3529274bdabf68ba
UPSC-2025-GS1-Q045,2025,45,,Science & Technology,Energy & Environment,,How-many/Count,3.0,False,False,False,25,4,b,True,False,,efe0692f36957faa
UPSC-2025-GS1-Q046,2025,46,,Science & Technology,Defence Technology,,Single-answer,0.0,False,False,False,23,4,b,True,False,,661756eb7ee7c1ae
UPSC-2025-GS1-Q047,2025,47,,Science & Technology,Computer & Information Technology,,Multi-statement,3.0,False,False,False,46,4,c,True,False,,2b251ead7f4da78e
UPSC-2025-GS1-Q048,2025,48,,Science & Technology,Biotechnology & Genetics,,Multi-statement,3.0,False,False,False,54,4,d,True,False,,56bc720371f58303
UPSC-2025-GS1-Q049,2025,49,,Science & Technology,Health & Diseases,,How-many/Count,3.0,False,False,False,40,4,d,True,False,,31a8035ac93bf861
UPSC-2025-GS1-Q050,2025,50,,Environment & Ecology,Pollution & Waste Management,,Assertion/Relationship,0.0,False,False,False,77,4,a,True,False,,a05c371769b31409
UPSC-2025-GS1-Q051,2025,51,,Polity & Governance,Constitutional Provisions,,Multi-statement,3.0,False,False,False,46,4,c,True,False,,0eb75aa180f04787
UPSC-2025-GS1-Q052,2025,52,,Geography,Indian Geography,,How-many/Count,3.0,False,False,False,81,4,c,True,False,,36fee0b6442d9473
UPSC-2025-GS1-Q053,2025,53,,Science & Technology,Defence Technology,,How-many/Count,3.0,False,False,False,36,4,a,True,False,,eba7d5941a7e4412
UPSC-2025-GS1-Q054,2025,54,,Polity & Governance,Governor,,Multi-statement,2.0,False,False,False,65,4,a,True,False,,05842bcc47a13b81
UPSC-2025-GS1-Q055,2025,55,,Polity & Governance,Constitutional Provisions,,How-many/Count,3.0,False,False,False,79,4,c,True,False,,93a3b0c10d52bdd7
UPSC-2025-GS1-Q056,2025,56,,Polity & Governance,Federalism & Centre–State Relations,,Multi-statement,2.0,False,False,False,75,4,d,True,False,,b0b83ac68f7fa6b3
UPSC-2025-GS1-Q057,2025,57,,Polity & Governance,Government Organizations,,How-many/Count,3.0,False,False,False,54,4,d,True,False,,6a8c2995441686f2
UPSC-2025-GS1-Q058,2025,58,,Polity & Governance,Constitutional Framework & Development,,Multi-statement,3.0,True,False,False,69,4,a,True,False,,94b4460b4c5cb089
UPSC-2025-GS1-Q059,2025,59,,Polity & Governance,Union & State Executive,,Multi-statement,3.0,True,False,False,84,4,d,True,False,,2624f8d9aa6a32bd
UPSC-2025-GS1-Q060,2025,60,,Economy,Infrastructure & Industry,,How-many/Count,4.0,False,False,False,48,4,b,True,False,,69f95f2f0920d22a
UPSC-2025-GS1-Q061,2025,61,,Economy,Public Finance,,Multi-statement,3.0,False,False,False,73,4,d,True,False,,836abdc90c0ef4e1
UPSC-2025-GS1-Q062,2025,62,,Geography,Transport & Infrastructure Geography,,Single-answer,0.0,False,False,False,21,4,a,True,False,,bda953abe783bf87
UPSC-2025-GS1-Q063,2025,63,,Environment & Ecology,Renewable Energy & Green Technologies,,Assertion/Relationship,0.0,False,False,False,75,4,d,True,False,,eef259147feca750
UPSC-2025-GS1-Q064,2025,64,,Science & Technology,Computer & Information Technology,,Multi-statement,2.0,False,False,False,75,4,c,True,False,,b292bc177133d3e1
UPSC-2025-GS1-Q065,2025,65,,Economy,Fiscal Policy & Budget,,Single-answer,0.0,False,False,False,34,4,a,True,False,,6b264a41a846c5b6
UPSC-2025-GS1-Q066,2025,66,,Economy,Fiscal Policy & Budget,,Multi-statement,4.0,False,False,False,95,4,c,True,False,,ec527ce95d0fcedb
UPSC-2025-GS1-Q067,2025,67,,Economy,International Organizations,,Multi-statement,4.0,False,False,False,58,4,c,True,False,,cfef9ece0d5354ff
UPSC-2025-GS1-Q068,2025,68,,Economy,Digital Payments & Financial Inclusion,,Multi-statement,3.0,True,False,False,74,4,a,True,False,,753bb3634c512c0b
UPSC-2025-GS1-Q069,2025,69,,Economy,Digital Payments & Financial Inclusion,,How-many/Count,5.0,False,False,False,36,4,b,True,False,,65b5a6cc7a6bd3d7
UPSC-2025-GS1-Q070,2025,70,,Current Affairs,Indian Government Schemes & Initiatives,,Multi-statement,3.0,False,True,False,81,4,d,True,False,,569ebfa0048263eb
UPSC-2025-GS1-Q071,2025,71,,History,Modern India,,Single-answer,0.0,False,False,False,16,4,b,True,False,,502a440728b024b0
UPSC-2025-GS1-Q072,2025,72,,History,Ancient India,,Single-answer,0.0,False,False,False,14,4,c,True,False,,26338c70eb032cf7
UPSC-2025-GS1-Q073,2025,73,,History,Social & Religious Reform Movements,,Single-answer,0.0,False,False,False,15,4,b,True,False,,acd950b398839c8e
UPSC-2025-GS1-Q074,2025,74,,History,Gandhian Mass Movements (1915-1942),,Single-answer,0.0,False,False,False,34,4,a,True,False,,64609f973c668a5e
UPSC-2025-GS1-Q075,2025,75,,History,Medieval India,,How-many/Count,3.0,False,False,False,29,4,c,True,False,,ff3c088e5d2caf97
UPSC-2025-GS1-Q076,2025,76,,Geography,World Geography,,How-many/Count,5.0,False,False,False,29,4,b,True,False,,6e56ba0e2392f7a6
UPSC-2025-GS1-Q077,2025,77,,Geography,Astronomy & Earth–Sun System,,Multi-statement,2.0,False,False,False,59,4,a,True,False,,2598b5de3d88e565
UPSC-2025-GS1-Q078,2025,78,,History,Social & Religious Reform Movements,,Single-answer,0.0,False,False,False,11,4,a,True,False,,bd366a2c50eafdd4
UPSC-2025-GS1-Q079,2025,79,,Geography,World Geography,,How-many/Count,2.0,False,False,False,21,4,c,True,False,SOURCE_BLANKED_FIELDS,ab030d01b3f0bb44
UPSC-2025-GS1-Q080,2025,80,,Geography,World Geography,,How-many/Count,2.0,False,False,False,21,4,d,True,False,SOURCE_BLANKED_FIELDS,ab030d01b3f0bb44
UPSC-2025-GS1-Q081,2025,81,,Science & Technology,Rare Earth Elements,,Assertion/Relationship,0.0,False,False,False,47,4,a,True,False,,580e40cea4610052
UPSC-2025-GS1-Q082,2025,82,,Economy,Infrastructure,,Multi-statement,3.0,True,False,False,59,4,a,True,False,,5a13df101c46dd0c
UPSC-2025-GS1-Q083,2025,83,,Science & Technology,Space,,How-many/Count,3.0,False,False,False,25,4,b,True,False,,4fac4badcdb65866
UPSC-2025-GS1-Q084,2025,84,,Science & Technology,Defence Technology,,How-many/Count,2.0,False,False,False,23,4,b,True,False,SOURCE_BLANKED_FIELDS,b3687956e968c0e5
UPSC-2025-GS1-Q085,2025,85,,Science & Technology,Chemistry,,Single-answer,0.0,False,False,False,12,4,a,True,False,,b84bbb77eb71189c
UPSC-2025-GS1-Q086,2025,86,,Polity & Governance,President,,Multi-statement,2.0,False,False,False,53,4,a,True,False,,21d15119b2c15fab
UPSC-2025-GS1-Q087,2025,87,,Polity & Governance,Parliament & State Legislatures,,Multi-statement,3.0,True,False,False,134,4,c,True,False,,bb0a4916dcee7d3d
UPSC-2025-GS1-Q088,2025,88,,Polity & Governance,Elections & Electoral Reforms,,Multi-statement,2.0,False,False,False,70,4,d,True,False,,1843e298f4ef9bf4
UPSC-2025-GS1-Q089,2025,89,,Economy,Infrastructure & Industry,,Assertion/Relationship,0.0,False,False,False,70,4,d,True,False,,578dfe066cfb9da3
UPSC-2025-GS1-Q090,2025,90,,Environment & Ecology,International Environmental Treaties & Summits,,Single-answer,0.0,False,False,False,16,4,a,True,False,,3fa2c85ee2c8b4b8
UPSC-2025-GS1-Q091,2025,91,,Polity & Governance,Panchayati Raj,,Multi-statement,3.0,True,False,False,96,4,d,True,False,,e5b7292fcc5b3496
UPSC-2025-GS1-Q092,2025,92,,International Relations,Regional Organizations,,Multi-statement,4.0,False,False,False,70,4,d,True,False,,982ca87660cbd876
UPSC-2025-GS1-Q093,2025,93,,Polity & Governance,Awards and Honours,,Single-answer,4.0,False,False,False,52,4,c,True,False,,39713ccc012ab87f
UPSC-2025-GS1-Q094,2025,94,,Science & Technology,Space Technology & Astronomy,,Multi-statement,3.0,True,False,False,72,4,d,True,False,,bcebb70a92a14c10
UPSC-2025-GS1-Q095,2025,95,,Current Affairs,International Relations & Treaties,,Multi-statement,2.0,False,True,False,68,4,a,True,False,,6fefdf67213780e4
UPSC-2025-GS1-Q096,2025,96,,International Relations,International Organizations,,How-many/Count,2.0,False,False,False,19,4,d,True,False,SOURCE_BLANKED_FIELDS,c6e133d3c8e9e205
UPSC-2025-GS1-Q097,2025,97,,Current Affairs,International Organisations & Groupings,,Multi-statement,3.0,False,True,False,56,4,a,True,False,,0a294b8230e2bbe7
UPSC-2025-GS1-Q098,2025,98,,Polity & Governance,Constitutional & Statutory Bodies,,Multi-statement,4.0,True,False,False,128,4,a,True,False,,16aaa3e715119186
UPSC-2025-GS1-Q099,2025,99,,Current Affairs,Other Sports & Personalities,,Multi-statement,3.0,False,True,False,72,4,a,True,False,,bada5b7943fef0c2
UPSC-2025-GS1-Q100,2025,100,,Current Affairs,Other Sports & Personalities,,Multi-statement,2.0,False,True,False,55,4,b,True,False,,e33fef1279701886
UPSC-2026-GS1-Q001,2026,1,,History,,,,,,,,113,4,,,,,
UPSC-2026-GS1-Q002,2026,2,,Art & Culture,,,,,,,,32,4,,,,,
UPSC-2026-GS1-Q003,2026,3,,History,,,,,,,,60,4,,,,,
UPSC-2026-GS1-Q004,2026,4,,Art & Culture,,,,,,,,94,4,,,,,
UPSC-2026-GS1-Q005,2026,5,,History,,,,,,,,57,4,,,,,
UPSC-2026-GS1-Q006,2026,6,,History,,,,,,,,103,4,,,,,
UPSC-2026-GS1-Q007,2026,7,,History,,,,,,,,92,4,,,,,
UPSC-2026-GS1-Q008,2026,8,,History,,,,,,,,96,4,,,,,
UPSC-2026-GS1-Q009,2026,9,,Art & Culture,,,,,,,,29,4,,,,,
UPSC-2026-GS1-Q010,2026,10,,History,,,,,,,,27,4,,,,,
UPSC-2026-GS1-Q011,2026,11,,Art & Culture,,,,,,,,29,4,,,,,
UPSC-2026-GS1-Q012,2026,12,,History,,,,,,,,67,4,,,,,
UPSC-2026-GS1-Q013,2026,13,,History,,,,,,,,94,4,,,,,
UPSC-2026-GS1-Q014,2026,14,,Art & Culture,,,,,,,,52,4,,,,,
UPSC-2026-GS1-Q015,2026,15,,Art & Culture,,,,,,,,40,4,,,,,
UPSC-2026-GS1-Q016,2026,16,,Art & Culture,,,,,,,,37,4,,,,,
UPSC-2026-GS1-Q017,2026,17,,History,,,,,,,,100,4,,,,,
UPSC-2026-GS1-Q018,2026,18,,History,,,,,,,,147,4,,,,,
UPSC-2026-GS1-Q019,2026,19,,History,,,,,,,,122,4,,,,,
UPSC-2026-GS1-Q020,2026,20,,History,,,,,,,,161,4,,,,,
UPSC-2026-GS1-Q021,2026,21,,Geography,,,,,,,,35,4,,,,,
UPSC-2026-GS1-Q022,2026,22,,Environment & Ecology,,,,,,,,76,4,,,,,
UPSC-2026-GS1-Q023,2026,23,,Geography,,,,,,,,74,4,,,,,
UPSC-2026-GS1-Q024,2026,24,,Geography,,,,,,,,80,4,,,,,
UPSC-2026-GS1-Q025,2026,25,,Economy,,,,,,,,161,4,,,,,
UPSC-2026-GS1-Q026,2026,26,,Environment & Ecology,,,,,,,,60,4,,,,,
UPSC-2026-GS1-Q027,2026,27,,Art & Culture,,,,,,,,93,4,,,,,
UPSC-2026-GS1-Q028,2026,28,,Environment & Ecology,,,,,,,,106,4,,,,,
UPSC-2026-GS1-Q029,2026,29,,Geography,,,,,,,,88,4,,,,,
UPSC-2026-GS1-Q030,2026,30,,Environment & Ecology,,,,,,,,53,4,,,,,
UPSC-2026-GS1-Q031,2026,31,,Environment & Ecology,,,,,,,,137,4,,,,,
UPSC-2026-GS1-Q032,2026,32,,Environment & Ecology,,,,,,,,93,4,,,,,
UPSC-2026-GS1-Q033,2026,33,,Environment & Ecology,,,,,,,,104,4,,,,,
UPSC-2026-GS1-Q034,2026,34,,Economy,,,,,,,,114,4,,,,,
UPSC-2026-GS1-Q035,2026,35,,Geography,,,,,,,,65,4,,,,,
UPSC-2026-GS1-Q036,2026,36,,Geography,,,,,,,,82,4,,,,,
UPSC-2026-GS1-Q037,2026,37,,Environment & Ecology,,,,,,,,106,4,,,,,
UPSC-2026-GS1-Q038,2026,38,,Economy,,,,,,,,73,4,,,,,
UPSC-2026-GS1-Q039,2026,39,,Economy,,,,,,,,86,4,,,,,
UPSC-2026-GS1-Q040,2026,40,,Geography,,,,,,,,57,4,,,,,
UPSC-2026-GS1-Q041,2026,41,,International Relations,,,,,,,,122,4,,,,,
UPSC-2026-GS1-Q042,2026,42,,Environment & Ecology,,,,,,,,135,4,,,,,
UPSC-2026-GS1-Q043,2026,43,,International Relations,,,,,,,,112,4,,,,,
UPSC-2026-GS1-Q044,2026,44,,Science & Technology,,,,,,,,74,4,,,,,
UPSC-2026-GS1-Q045,2026,45,,Science & Technology,,,,,,,,97,4,,,,,
UPSC-2026-GS1-Q046,2026,46,,Current Affairs,,,,,,,,43,4,,,,,
UPSC-2026-GS1-Q047,2026,47,,Current Affairs,,,,,,,,104,4,,,,,
UPSC-2026-GS1-Q048,2026,48,,Economy,,,,,,,,65,4,,,,,
UPSC-2026-GS1-Q049,2026,49,,Science & Technology,,,,,,,,68,4,,,,,
UPSC-2026-GS1-Q050,2026,50,,Current Affairs,,,,,,,,93,4,,,,,
UPSC-2026-GS1-Q051,2026,51,,Science & Technology,,,,,,,,109,4,,,,,
UPSC-2026-GS1-Q052,2026,52,,Economy,,,,,,,,59,4,,,,,
UPSC-2026-GS1-Q053,2026,53,,Economy,,,,,,,,56,4,,,,,
UPSC-2026-GS1-Q054,2026,54,,Economy,,,,,,,,61,4,,,,,
UPSC-2026-GS1-Q055,2026,55,,Economy,,,,,,,,130,4,,,,,
UPSC-2026-GS1-Q056,2026,56,,Economy,,,,,,,,96,4,,,,,
UPSC-2026-GS1-Q057,2026,57,,Economy,,,,,,,,36,4,,,,,
UPSC-2026-GS1-Q058,2026,58,,Economy,,,,,,,,76,4,,,,,
UPSC-2026-GS1-Q059,2026,59,,Economy,,,,,,,,76,4,,,,,
UPSC-2026-GS1-Q060,2026,60,,Economy,,,,,,,,112,4,,,,,
UPSC-2026-GS1-Q061,2026,61,,Economy,,,,,,,,90,4,,,,,
UPSC-2026-GS1-Q062,2026,62,,Economy,,,,,,,,83,4,,,,,
UPSC-2026-GS1-Q063,2026,63,,Economy,,,,,,,,145,4,,,,,
UPSC-2026-GS1-Q064,2026,64,,Economy,,,,,,,,100,4,,,,,
UPSC-2026-GS1-Q065,2026,65,,Economy,,,,,,,,84,4,,,,,
UPSC-2026-GS1-Q066,2026,66,,Science & Technology,,,,,,,,75,4,,,,,
UPSC-2026-GS1-Q067,2026,67,,Science & Technology,,,,,,,,82,4,,,,,
UPSC-2026-GS1-Q068,2026,68,,Science & Technology,,,,,,,,84,4,,,,,
UPSC-2026-GS1-Q069,2026,69,,Science & Technology,,,,,,,,81,4,,,,,
UPSC-2026-GS1-Q070,2026,70,,Science & Technology,,,,,,,,92,4,,,,,
UPSC-2026-GS1-Q071,2026,71,,Science & Technology,,,,,,,,90,4,,,,,
UPSC-2026-GS1-Q072,2026,72,,Science & Technology,,,,,,,,82,4,,,,,
UPSC-2026-GS1-Q073,2026,73,,Science & Technology,,,,,,,,82,4,,,,,
UPSC-2026-GS1-Q074,2026,74,,Science & Technology,,,,,,,,79,4,,,,,
UPSC-2026-GS1-Q075,2026,75,,Science & Technology,,,,,,,,80,4,,,,,
UPSC-2026-GS1-Q076,2026,76,,Polity & Governance,,,Scenario/Case,,,,,115,4,,,,,
UPSC-2026-GS1-Q077,2026,77,,Polity & Governance,,,Scenario/Case,,,,,175,4,,,,,
UPSC-2026-GS1-Q078,2026,78,,Polity & Governance,,,Scenario/Case,,,,,195,4,,,,,
UPSC-2026-GS1-Q079,2026,79,,Polity & Governance,,,,,,,,143,4,,,,,
UPSC-2026-GS1-Q080,2026,80,,Polity & Governance,,,,,,,,135,4,,,,,
UPSC-2026-GS1-Q081,2026,81,,Polity & Governance,,,,,,,,142,4,,,,,
UPSC-2026-GS1-Q082,2026,82,,Polity & Governance,,,,,,,,138,4,,,,,
UPSC-2026-GS1-Q083,2026,83,,Polity & Governance,,,,,,,,104,4,,,,,
UPSC-2026-GS1-Q084,2026,84,,Polity & Governance,,,,,,,,157,4,,,,,
UPSC-2026-GS1-Q085,2026,85,,Science & Technology,,,,,,,,97,4,,,,,
UPSC-2026-GS1-Q086,2026,86,,Geography,,,,,,,,76,4,,,,,
UPSC-2026-GS1-Q087,2026,87,,Polity & Governance,,,,,,,,124,4,,,,,
UPSC-2026-GS1-Q088,2026,88,,Polity & Governance,,,,,,,,116,4,,,,,
UPSC-2026-GS1-Q089,2026,89,,International Relations,,,,,,,,98,4,,,,,
UPSC-2026-GS1-Q090,2026,90,,Current Affairs,,,,,,,,130,4,,,,,
UPSC-2026-GS1-Q091,2026,91,,International Relations,,,,,,,,59,4,,,,,
UPSC-2026-GS1-Q092,2026,92,,International Relations,,,,,,,,86,4,,,,,
UPSC-2026-GS1-Q093,2026,93,,Science & Technology,,,,,,,,54,4,,,,,
UPSC-2026-GS1-Q094,2026,94,,International Relations,,,,,,,,112,4,,,,,
UPSC-2026-GS1-Q095,2026,95,,International Relations,,,,,,,,49,4,,,,,
UPSC-2026-GS1-Q096,2026,96,,International Relations,,,,,,,,83,4,,,,,
UPSC-2026-GS1-Q097,2026,97,,International Relations,,,,,,,,84,4,,,,,
UPSC-2026-GS1-Q098,2026,98,,Science & Technology,,,,,,,,38,4,,,,,
UPSC-2026-GS1-Q099,2026,99,,Polity & Governance,,,,,,,,106,4,,,,,
UPSC-2026-GS1-Q100,2026,100,,International Relations,,,,,,,,50,4,,,,,
