question_id,year,qnum,subject,subtopic,format,statement_count,negative_stem,explicit_current_affairs_tag,news_cue,answer,source_candidate,source_organization,source_date,source_year_ok,source_url,evidence_status,secondary_signal,verification_note
UPSC-2014-GS1-Q001,2014,1,Environment & Ecology,Sustainable Agriculture & Forestry,Single-answer,4.0,False,False,False,b,,,,,,UNVERIFIED,"Independent analyses describe NCERT/standard references, Indian Year Book, current affairs and conventional core subjects as important source families; these are research signals, not setter-source attribution.",Question-level original source is not claimed. Promote only proposition-level primary evidence dated <= PYQ year.
UPSC-2014-GS1-Q002,2014,2,Environment & Ecology,International Environmental Treaties & Summits,Single-answer,0.0,False,False,False,a,,,,,,UNVERIFIED,"Independent analyses describe NCERT/standard references, Indian Year Book, current affairs and conventional core subjects as important source families; these are research signals, not setter-source attribution.",Question-level original source is not claimed. Promote only proposition-level primary evidence dated <= PYQ year.
UPSC-2014-GS1-Q003,2014,3,Geography,Oceanography,Single-answer,0.0,False,False,False,a,,,,,,UNVERIFIED,"Independent analyses describe NCERT/standard references, Indian Year Book, current affairs and conventional core subjects as important source families; these are research signals, not setter-source attribution.",Question-level original source is not claimed. Promote only proposition-level primary evidence dated <= PYQ year.
UPSC-2014-GS1-Q004,2014,4,Economy,Agriculture & Rural Development,Match/Pair,3.0,False,False,False,d,,,,,,UNVERIFIED,"Independent analyses describe NCERT/standard references, Indian Year Book, current affairs and conventional core subjects as important source families; these are research signals, not setter-source attribution.",Question-level original source is not claimed. Promote only proposition-level primary evidence dated <= PYQ year.
UPSC-2014-GS1-Q005,2014,5,Environment & Ecology,Environmental Governance & Legislation,Multi-statement,3.0,False,False,False,c,,,,,,UNVERIFIED,"Independent analyses describe NCERT/standard references, Indian Year Book, current affairs and conventional core subjects as important source families; these are research signals, not setter-source attribution.",Question-level original source is not claimed. Promote only proposition-level primary evidence dated <= PYQ year.
UPSC-2014-GS1-Q006,2014,6,Environment & Ecology,International Environmental Treaties & Summits,Single-answer,0.0,False,False,False,a,,,,,,UNVERIFIED,"Independent analyses describe NCERT/standard references, Indian Year Book, current affairs and conventional core subjects as important source families; these are research signals, not setter-source attribution.",Question-level original source is not claimed. Promote only proposition-level primary evidence dated <= PYQ year.
UPSC-2014-GS1-Q007,2014,7,Science & Technology,Energy & Environment,Multi-statement,3.0,True,False,False,a,,,,,,UNVERIFIED,"Independent analyses describe NCERT/standard references, Indian Year Book, current affairs and conventional core subjects as important source families; these are research signals, not setter-source attribution.",Question-level original source is not claimed. Promote only proposition-level primary evidence dated <= PYQ year.
UPSC-2014-GS1-Q008,2014,8,Art & Culture,Literature & Languages,Multi-statement,3.0,False,False,False,c,,,,,,UNVERIFIED,"Independent analyses describe NCERT/standard references, Indian Year Book, current affairs and conventional core subjects as important source families; these are research signals, not setter-source attribution.",Question-level original source is not claimed. Promote only proposition-level primary evidence dated <= PYQ year.
UPSC-2014-GS1-Q009,2014,9,Environment & Ecology,Protected Areas & Wildlife,Match/Pair,3.0,False,False,False,c,,,,,,UNVERIFIED,"Independent analyses describe NCERT/standard references, Indian Year Book, current affairs and conventional core subjects as important source families; these are research signals, not setter-source attribution.",Question-level original source is not claimed. Promote only proposition-level primary evidence dated <= PYQ year.
UPSC-2014-GS1-Q010,2014,10,Environment & Ecology,Water & Wetland Conservation,Multi-statement,2.0,False,False,False,b,,,,,,UNVERIFIED,"Independent analyses describe NCERT/standard references, Indian Year Book, current affairs and conventional core subjects as important source families; these are research signals, not setter-source attribution.",Question-level original source is not claimed. Promote only proposition-level primary evidence dated <= PYQ year.
UPSC-2014-GS1-Q011,2014,11,Current Affairs,International Organisations & Groupings,Multi-statement,2.0,False,True,False,b,,,,,,UNVERIFIED,"Independent analyses describe NCERT/standard references, Indian Year Book, current affairs and conventional core subjects as important source families; these are research signals, not setter-source attribution.",Question-level original source is not claimed. Promote only proposition-level primary evidence dated <= PYQ year.
UPSC-2014-GS1-Q012,2014,12,Science & Technology,Health & Diseases,Multi-statement,3.0,False,False,False,b,,,,,,UNVERIFIED,"Independent analyses describe NCERT/standard references, Indian Year Book, current affairs and conventional core subjects as important source families; these are research signals, not setter-source attribution.",Question-level original source is not claimed. Promote only proposition-level primary evidence dated <= PYQ year.
UPSC-2014-GS1-Q013,2014,13,Science & Technology,Biology,Multi-statement,2.0,False,False,False,c,,,,,,UNVERIFIED,"Independent analyses describe NCERT/standard references, Indian Year Book, current affairs and conventional core subjects as important source families; these are research signals, not setter-source attribution.",Question-level original source is not claimed. Promote only proposition-level primary evidence dated <= PYQ year.
UPSC-2014-GS1-Q014,2014,14,Environment & Ecology,Biodiversity & Conservation,Single-answer,4.0,False,False,False,c,,,,,,UNVERIFIED,"Independent analyses describe NCERT/standard references, Indian Year Book, current affairs and conventional core subjects as important source families; these are research signals, not setter-source attribution.",Question-level original source is not claimed. Promote only proposition-level primary evidence dated <= PYQ year.
UPSC-2014-GS1-Q015,2014,15,History,Transfer Of Power & Partition (1945-1947),Single-answer,0.0,False,False,False,c,,,,,,UNVERIFIED,"Independent analyses describe NCERT/standard references, Indian Year Book, current affairs and conventional core subjects as important source families; these are research signals, not setter-source attribution.",Question-level original source is not claimed. Promote only proposition-level primary evidence dated <= PYQ year.
UPSC-2014-GS1-Q016,2014,16,Environment & Ecology,Pollution & Waste Management,Single-answer,2.0,False,False,False,c,,,,,,UNVERIFIED,"Independent analyses describe NCERT/standard references, Indian Year Book, current affairs and conventional core subjects as important source families; these are research signals, not setter-source attribution.",Question-level original source is not claimed. Promote only proposition-level primary evidence dated <= PYQ year.
UPSC-2014-GS1-Q017,2014,17,Science & Technology,Biology,Multi-statement,3.0,False,False,False,c,,,,,,UNVERIFIED,"Independent analyses describe NCERT/standard references, Indian Year Book, current affairs and conventional core subjects as important source families; these are research signals, not setter-source attribution.",Question-level original source is not claimed. Promote only proposition-level primary evidence dated <= PYQ year.
UPSC-2014-GS1-Q018,2014,18,Polity & Governance,Parliament & State Legislatures,Single-answer,0.0,False,False,False,b,,,,,,UNVERIFIED,"Independent analyses describe NCERT/standard references, Indian Year Book, current affairs and conventional core subjects as important source families; these are research signals, not setter-source attribution.",Question-level original source is not claimed. Promote only proposition-level primary evidence dated <= PYQ year.
UPSC-2014-GS1-Q019,2014,19,Environment & Ecology,Biogeochemical Cycles & Earth Systems,Multi-statement,4.0,False,False,False,c,,,,,,UNVERIFIED,"Independent analyses describe NCERT/standard references, Indian Year Book, current affairs and conventional core subjects as important source families; these are research signals, not setter-source attribution.",Question-level original source is not claimed. Promote only proposition-level primary evidence dated <= PYQ year.
UPSC-2014-GS1-Q020,2014,20,Environment & Ecology,Ecosystems & Ecology Concepts,Multi-statement,3.0,False,False,False,b,,,,,,UNVERIFIED,"Independent analyses describe NCERT/standard references, Indian Year Book, current affairs and conventional core subjects as important source families; these are research signals, not setter-source attribution.",Question-level original source is not claimed. Promote only proposition-level primary evidence dated <= PYQ year.
UPSC-2014-GS1-Q021,2014,21,History,Medieval Administration & Socio-Economic Institutions,Single-answer,0.0,False,False,False,b,,,,,,UNVERIFIED,"Independent analyses describe NCERT/standard references, Indian Year Book, current affairs and conventional core subjects as important source families; these are research signals, not setter-source attribution.",Question-level original source is not claimed. Promote only proposition-level primary evidence dated <= PYQ year.
UPSC-2014-GS1-Q022,2014,22,Science & Technology,Biology,Single-answer,0.0,False,False,False,b,,,,,,UNVERIFIED,"Independent analyses describe NCERT/standard references, Indian Year Book, current affairs and conventional core subjects as important source families; these are research signals, not setter-source attribution.",Question-level original source is not claimed. Promote only proposition-level primary evidence dated <= PYQ year.
UPSC-2014-GS1-Q023,2014,23,Geography,Biogeography & Natural Vegetation,Multi-statement,3.0,False,False,False,a,,,,,,UNVERIFIED,"Independent analyses describe NCERT/standard references, Indian Year Book, current affairs and conventional core subjects as important source families; these are research signals, not setter-source attribution.",Question-level original source is not claimed. Promote only proposition-level primary evidence dated <= PYQ year.
UPSC-2014-GS1-Q024,2014,24,Environment & Ecology,Pollution & Waste Management,Multi-statement,4.0,False,False,False,d,,,,,,UNVERIFIED,"Independent analyses describe NCERT/standard references, Indian Year Book, current affairs and conventional core subjects as important source families; these are research signals, not setter-source attribution.",Question-level original source is not claimed. Promote only proposition-level primary evidence dated <= PYQ year.
UPSC-2014-GS1-Q025,2014,25,History,Mahajanapadas & Early Kingdoms,Multi-statement,4.0,False,False,False,c,,,,,,UNVERIFIED,"Independent analyses describe NCERT/standard references, Indian Year Book, current affairs and conventional core subjects as important source families; these are research signals, not setter-source attribution.",Question-level original source is not claimed. Promote only proposition-level primary evidence dated <= PYQ year.
UPSC-2014-GS1-Q026,2014,26,Environment & Ecology,Sustainable Agriculture & Forestry,Single-answer,0.0,False,False,False,b,,,,,,UNVERIFIED,"Independent analyses describe NCERT/standard references, Indian Year Book, current affairs and conventional core subjects as important source families; these are research signals, not setter-source attribution.",Question-level original source is not claimed. Promote only proposition-level primary evidence dated <= PYQ year.
UPSC-2014-GS1-Q027,2014,27,Economy,Taxation,Single-answer,0.0,False,False,False,d,,,,,,UNVERIFIED,"Independent analyses describe NCERT/standard references, Indian Year Book, current affairs and conventional core subjects as important source families; these are research signals, not setter-source attribution.",Question-level original source is not claimed. Promote only proposition-level primary evidence dated <= PYQ year.
UPSC-2014-GS1-Q028,2014,28,Economy,Financial Markets & Capital Markets,Single-answer,0.0,False,False,False,b,,,,,,UNVERIFIED,"Independent analyses describe NCERT/standard references, Indian Year Book, current affairs and conventional core subjects as important source families; these are research signals, not setter-source attribution.",Question-level original source is not claimed. Promote only proposition-level primary evidence dated <= PYQ year.
UPSC-2014-GS1-Q029,2014,29,Economy,Economic Planning & Five-Year Plans,Single-answer,0.0,False,False,False,d,,,,,,UNVERIFIED,"Independent analyses describe NCERT/standard references, Indian Year Book, current affairs and conventional core subjects as important source families; these are research signals, not setter-source attribution.",Question-level original source is not claimed. Promote only proposition-level primary evidence dated <= PYQ year.
UPSC-2014-GS1-Q030,2014,30,Economy,External Sector & Balance Of Payments,Multi-statement,4.0,False,False,False,c,,,,,,UNVERIFIED,"Independent analyses describe NCERT/standard references, Indian Year Book, current affairs and conventional core subjects as important source families; these are research signals, not setter-source attribution.",Question-level original source is not claimed. Promote only proposition-level primary evidence dated <= PYQ year.
UPSC-2014-GS1-Q031,2014,31,Economy,Monetary Policy & Money Supply,Single-answer,0.0,False,False,False,a,,,,,,UNVERIFIED,"Independent analyses describe NCERT/standard references, Indian Year Book, current affairs and conventional core subjects as important source families; these are research signals, not setter-source attribution.",Question-level original source is not claimed. Promote only proposition-level primary evidence dated <= PYQ year.
UPSC-2014-GS1-Q032,2014,32,Economy,Digital Payments & Financial Inclusion,Single-answer,2.0,False,False,False,c,,,,,,UNVERIFIED,"Independent analyses describe NCERT/standard references, Indian Year Book, current affairs and conventional core subjects as important source families; these are research signals, not setter-source attribution.",Question-level original source is not claimed. Promote only proposition-level primary evidence dated <= PYQ year.
UPSC-2014-GS1-Q033,2014,33,Economy,Monetary Policy & Money Supply,Multi-statement,4.0,False,False,False,a,,,,,,UNVERIFIED,"Independent analyses describe NCERT/standard references, Indian Year Book, current affairs and conventional core subjects as important source families; these are research signals, not setter-source attribution.",Question-level original source is not claimed. Promote only proposition-level primary evidence dated <= PYQ year.
UPSC-2014-GS1-Q034,2014,34,Current Affairs,International Conflicts & Security,Single-answer,0.0,False,True,True,d,,,,,,UNVERIFIED,"Independent analyses describe NCERT/standard references, Indian Year Book, current affairs and conventional core subjects as important source families; these are research signals, not setter-source attribution.",Question-level original source is not claimed. Promote only proposition-level primary evidence dated <= PYQ year.
UPSC-2014-GS1-Q035,2014,35,Geography,World Political Geography & Borders,Multi-statement,5.0,False,False,False,d,,,,,,UNVERIFIED,"Independent analyses describe NCERT/standard references, Indian Year Book, current affairs and conventional core subjects as important source families; these are research signals, not setter-source attribution.",Question-level original source is not claimed. Promote only proposition-level primary evidence dated <= PYQ year.
UPSC-2014-GS1-Q036,2014,36,Current Affairs,International Conflicts & Security,Match/Pair,3.0,False,True,False,a,,,,,,UNVERIFIED,"Independent analyses describe NCERT/standard references, Indian Year Book, current affairs and conventional core subjects as important source families; these are research signals, not setter-source attribution.",Question-level original source is not claimed. Promote only proposition-level primary evidence dated <= PYQ year.
UPSC-2014-GS1-Q037,2014,37,Science & Technology,Defence Technology,Multi-statement,3.0,False,False,False,a,,,,,,UNVERIFIED,"Independent analyses describe NCERT/standard references, Indian Year Book, current affairs and conventional core subjects as important source families; these are research signals, not setter-source attribution.",Question-level original source is not claimed. Promote only proposition-level primary evidence dated <= PYQ year.
UPSC-2014-GS1-Q038,2014,38,Economy,Infrastructure & Industry,Multi-statement,2.0,False,False,False,d,,,,,,UNVERIFIED,"Independent analyses describe NCERT/standard references, Indian Year Book, current affairs and conventional core subjects as important source families; these are research signals, not setter-source attribution.",Question-level original source is not claimed. Promote only proposition-level primary evidence dated <= PYQ year.
UPSC-2014-GS1-Q039,2014,39,Geography,Population & Demography,Multi-statement,3.0,False,False,False,b,,,,,,UNVERIFIED,"Independent analyses describe NCERT/standard references, Indian Year Book, current affairs and conventional core subjects as important source families; these are research signals, not setter-source attribution.",Question-level original source is not claimed. Promote only proposition-level primary evidence dated <= PYQ year.
UPSC-2014-GS1-Q040,2014,40,Science & Technology,Energy & Environment,Single-answer,0.0,False,False,True,b,,,,,,UNVERIFIED,"Independent analyses describe NCERT/standard references, Indian Year Book, current affairs and conventional core subjects as important source families; these are research signals, not setter-source attribution.",Question-level original source is not claimed. Promote only proposition-level primary evidence dated <= PYQ year.
UPSC-2014-GS1-Q041,2014,41,Environment & Ecology,Ecosystems & Ecology Concepts,Multi-statement,4.0,False,False,False,a,,,,,,UNVERIFIED,"Independent analyses describe NCERT/standard references, Indian Year Book, current affairs and conventional core subjects as important source families; these are research signals, not setter-source attribution.",Question-level original source is not claimed. Promote only proposition-level primary evidence dated <= PYQ year.
UPSC-2014-GS1-Q042,2014,42,Geography,Physical Geography & Geomorphology,Multi-statement,3.0,False,False,False,b,,,,,,UNVERIFIED,"Independent analyses describe NCERT/standard references, Indian Year Book, current affairs and conventional core subjects as important source families; these are research signals, not setter-source attribution.",Question-level original source is not claimed. Promote only proposition-level primary evidence dated <= PYQ year.
UPSC-2014-GS1-Q043,2014,43,Geography,Atmosphere & Climatology,Single-answer,0.0,False,False,False,c,,,,,,UNVERIFIED,"Independent analyses describe NCERT/standard references, Indian Year Book, current affairs and conventional core subjects as important source families; these are research signals, not setter-source attribution.",Question-level original source is not claimed. Promote only proposition-level primary evidence dated <= PYQ year.
UPSC-2014-GS1-Q044,2014,44,Art & Culture,Architecture & World Heritage,Single-answer,0.0,False,False,False,c,,,,,,UNVERIFIED,"Independent analyses describe NCERT/standard references, Indian Year Book, current affairs and conventional core subjects as important source families; these are research signals, not setter-source attribution.",Question-level original source is not claimed. Promote only proposition-level primary evidence dated <= PYQ year.
UPSC-2014-GS1-Q045,2014,45,Geography,Indian Rivers & Water Resources,Multi-statement,3.0,False,False,False,b,,,,,,UNVERIFIED,"Independent analyses describe NCERT/standard references, Indian Year Book, current affairs and conventional core subjects as important source families; these are research signals, not setter-source attribution.",Question-level original source is not claimed. Promote only proposition-level primary evidence dated <= PYQ year.
UPSC-2014-GS1-Q046,2014,46,Geography,Biogeography & Natural Vegetation,Match/Pair,3.0,False,False,False,a,,,,,,UNVERIFIED,"Independent analyses describe NCERT/standard references, Indian Year Book, current affairs and conventional core subjects as important source families; these are research signals, not setter-source attribution.",Question-level original source is not claimed. Promote only proposition-level primary evidence dated <= PYQ year.
UPSC-2014-GS1-Q047,2014,47,Art & Culture,Philosophy & Religion,Single-answer,0.0,True,False,False,c,,,,,,UNVERIFIED,"Independent analyses describe NCERT/standard references, Indian Year Book, current affairs and conventional core subjects as important source families; these are research signals, not setter-source attribution.",Question-level original source is not claimed. Promote only proposition-level primary evidence dated <= PYQ year.
UPSC-2014-GS1-Q048,2014,48,Geography,Indian Physical Geography,Match/Pair,4.0,False,False,False,c,,,,,,UNVERIFIED,"Independent analyses describe NCERT/standard references, Indian Year Book, current affairs and conventional core subjects as important source families; these are research signals, not setter-source attribution.",Question-level original source is not claimed. Promote only proposition-level primary evidence dated <= PYQ year.
UPSC-2014-GS1-Q049,2014,49,Polity & Governance,Elections & Electoral Reforms,Single-answer,0.0,False,False,False,d,,,,,,UNVERIFIED,"Independent analyses describe NCERT/standard references, Indian Year Book, current affairs and conventional core subjects as important source families; these are research signals, not setter-source attribution.",Question-level original source is not claimed. Promote only proposition-level primary evidence dated <= PYQ year.
UPSC-2014-GS1-Q050,2014,50,Environment & Ecology,Protected Areas & Wildlife,Single-answer,0.0,False,False,False,a,,,,,,UNVERIFIED,"Independent analyses describe NCERT/standard references, Indian Year Book, current affairs and conventional core subjects as important source families; these are research signals, not setter-source attribution.",Question-level original source is not claimed. Promote only proposition-level primary evidence dated <= PYQ year.
UPSC-2014-GS1-Q051,2014,51,Geography,World Physical Geography,Single-answer,0.0,False,False,False,b,,,,,,UNVERIFIED,"Independent analyses describe NCERT/standard references, Indian Year Book, current affairs and conventional core subjects as important source families; these are research signals, not setter-source attribution.",Question-level original source is not claimed. Promote only proposition-level primary evidence dated <= PYQ year.
UPSC-2014-GS1-Q052,2014,52,Geography,Cartography & Map Skills,Single-answer,4.0,False,False,False,c,,,,,,UNVERIFIED,"Independent analyses describe NCERT/standard references, Indian Year Book, current affairs and conventional core subjects as important source families; these are research signals, not setter-source attribution.",Question-level original source is not claimed. Promote only proposition-level primary evidence dated <= PYQ year.
UPSC-2014-GS1-Q053,2014,53,Environment & Ecology,Climate Change & Greenhouse Gases,Single-answer,4.0,True,False,False,b,,,,,,UNVERIFIED,"Independent analyses describe NCERT/standard references, Indian Year Book, current affairs and conventional core subjects as important source families; these are research signals, not setter-source attribution.",Question-level original source is not claimed. Promote only proposition-level primary evidence dated <= PYQ year.
UPSC-2014-GS1-Q054,2014,54,Art & Culture,Philosophy & Religion,Single-answer,0.0,False,False,False,d,,,,,,UNVERIFIED,"Independent analyses describe NCERT/standard references, Indian Year Book, current affairs and conventional core subjects as important source families; these are research signals, not setter-source attribution.",Question-level original source is not claimed. Promote only proposition-level primary evidence dated <= PYQ year.
UPSC-2014-GS1-Q055,2014,55,Polity & Governance,Directive Principles Of State Policy,Single-answer,0.0,False,False,False,b,,,,,,UNVERIFIED,"Independent analyses describe NCERT/standard references, Indian Year Book, current affairs and conventional core subjects as important source families; these are research signals, not setter-source attribution.",Question-level original source is not claimed. Promote only proposition-level primary evidence dated <= PYQ year.
UPSC-2014-GS1-Q056,2014,56,Environment & Ecology,Water & Wetland Conservation,Single-answer,4.0,False,False,False,c,,,,,,UNVERIFIED,"Independent analyses describe NCERT/standard references, Indian Year Book, current affairs and conventional core subjects as important source families; these are research signals, not setter-source attribution.",Question-level original source is not claimed. Promote only proposition-level primary evidence dated <= PYQ year.
UPSC-2014-GS1-Q057,2014,57,Economy,Economic Planning & Five-Year Plans,Multi-statement,5.0,False,False,False,b,,,,,,UNVERIFIED,"Independent analyses describe NCERT/standard references, Indian Year Book, current affairs and conventional core subjects as important source families; these are research signals, not setter-source attribution.",Question-level original source is not claimed. Promote only proposition-level primary evidence dated <= PYQ year.
UPSC-2014-GS1-Q058,2014,58,Polity & Governance,Union & State Executive,Multi-statement,3.0,False,False,False,c,,,,,,UNVERIFIED,"Independent analyses describe NCERT/standard references, Indian Year Book, current affairs and conventional core subjects as important source families; these are research signals, not setter-source attribution.",Question-level original source is not claimed. Promote only proposition-level primary evidence dated <= PYQ year.
UPSC-2014-GS1-Q059,2014,59,Polity & Governance,Constitutional Framework & Development,Multi-statement,2.0,False,False,False,b,,,,,,UNVERIFIED,"Independent analyses describe NCERT/standard references, Indian Year Book, current affairs and conventional core subjects as important source families; these are research signals, not setter-source attribution.",Question-level original source is not claimed. Promote only proposition-level primary evidence dated <= PYQ year.
UPSC-2014-GS1-Q060,2014,60,Polity & Governance,Union & State Executive,Multi-statement,4.0,False,False,False,b,,,,,,UNVERIFIED,"Independent analyses describe NCERT/standard references, Indian Year Book, current affairs and conventional core subjects as important source families; these are research signals, not setter-source attribution.",Question-level original source is not claimed. Promote only proposition-level primary evidence dated <= PYQ year.
UPSC-2014-GS1-Q061,2014,61,Economy,Money & Banking / Monetary Policy,Single-answer,0.0,False,False,False,c,,,,,,UNVERIFIED,"Independent analyses describe NCERT/standard references, Indian Year Book, current affairs and conventional core subjects as important source families; these are research signals, not setter-source attribution.",Question-level original source is not claimed. Promote only proposition-level primary evidence dated <= PYQ year.
UPSC-2014-GS1-Q062,2014,62,Polity & Governance,Union & State Executive,Multi-statement,2.0,False,False,False,a,,,,,,UNVERIFIED,"Independent analyses describe NCERT/standard references, Indian Year Book, current affairs and conventional core subjects as important source families; these are research signals, not setter-source attribution.",Question-level original source is not claimed. Promote only proposition-level primary evidence dated <= PYQ year.
UPSC-2014-GS1-Q063,2014,63,Polity & Governance,Parliament & State Legislatures,Multi-statement,2.0,False,False,False,c,,,,,,UNVERIFIED,"Independent analyses describe NCERT/standard references, Indian Year Book, current affairs and conventional core subjects as important source families; these are research signals, not setter-source attribution.",Question-level original source is not claimed. Promote only proposition-level primary evidence dated <= PYQ year.
UPSC-2014-GS1-Q064,2014,64,Environment & Ecology,Sustainable Agriculture & Forestry,Multi-statement,3.0,False,False,False,c,,,,,,UNVERIFIED,"Independent analyses describe NCERT/standard references, Indian Year Book, current affairs and conventional core subjects as important source families; these are research signals, not setter-source attribution.",Question-level original source is not claimed. Promote only proposition-level primary evidence dated <= PYQ year.
UPSC-2014-GS1-Q065,2014,65,Science & Technology,Biology,Single-answer,0.0,False,False,False,b,,,,,,UNVERIFIED,"Independent analyses describe NCERT/standard references, Indian Year Book, current affairs and conventional core subjects as important source families; these are research signals, not setter-source attribution.",Question-level original source is not claimed. Promote only proposition-level primary evidence dated <= PYQ year.
UPSC-2014-GS1-Q066,2014,66,Science & Technology,Computer & Information Technology,Multi-statement,3.0,False,False,False,d,,,,,,UNVERIFIED,"Independent analyses describe NCERT/standard references, Indian Year Book, current affairs and conventional core subjects as important source families; these are research signals, not setter-source attribution.",Question-level original source is not claimed. Promote only proposition-level primary evidence dated <= PYQ year.
UPSC-2014-GS1-Q067,2014,67,Science & Technology,Biotechnology & Genetics,Multi-statement,3.0,False,False,False,c,,,,,,UNVERIFIED,"Independent analyses describe NCERT/standard references, Indian Year Book, current affairs and conventional core subjects as important source families; these are research signals, not setter-source attribution.",Question-level original source is not claimed. Promote only proposition-level primary evidence dated <= PYQ year.
UPSC-2014-GS1-Q068,2014,68,Science & Technology,Space Technology & Astronomy,Match/Pair,3.0,False,False,False,b,,,,,,UNVERIFIED,"Independent analyses describe NCERT/standard references, Indian Year Book, current affairs and conventional core subjects as important source families; these are research signals, not setter-source attribution.",Question-level original source is not claimed. Promote only proposition-level primary evidence dated <= PYQ year.
UPSC-2014-GS1-Q069,2014,69,Geography,Indian Agriculture & Land Use,Match/Pair,3.0,False,False,False,d,,,,,,UNVERIFIED,"Independent analyses describe NCERT/standard references, Indian Year Book, current affairs and conventional core subjects as important source families; these are research signals, not setter-source attribution.",Question-level original source is not claimed. Promote only proposition-level primary evidence dated <= PYQ year.
UPSC-2014-GS1-Q070,2014,70,Science & Technology,Chemistry,Multi-statement,3.0,False,False,False,b,,,,,,UNVERIFIED,"Independent analyses describe NCERT/standard references, Indian Year Book, current affairs and conventional core subjects as important source families; these are research signals, not setter-source attribution.",Question-level original source is not claimed. Promote only proposition-level primary evidence dated <= PYQ year.
UPSC-2014-GS1-Q071,2014,71,Polity & Governance,Judiciary,Single-answer,0.0,False,False,False,c,,,,,,UNVERIFIED,"Independent analyses describe NCERT/standard references, Indian Year Book, current affairs and conventional core subjects as important source families; these are research signals, not setter-source attribution.",Question-level original source is not claimed. Promote only proposition-level primary evidence dated <= PYQ year.
UPSC-2014-GS1-Q072,2014,72,Science & Technology,Biotechnology & Genetics,Multi-statement,3.0,False,False,False,b,,,,,,UNVERIFIED,"Independent analyses describe NCERT/standard references, Indian Year Book, current affairs and conventional core subjects as important source families; these are research signals, not setter-source attribution.",Question-level original source is not claimed. Promote only proposition-level primary evidence dated <= PYQ year.
UPSC-2014-GS1-Q073,2014,73,Science & Technology,Biology,Multi-statement,3.0,False,False,False,d,,,,,,UNVERIFIED,"Independent analyses describe NCERT/standard references, Indian Year Book, current affairs and conventional core subjects as important source families; these are research signals, not setter-source attribution.",Question-level original source is not claimed. Promote only proposition-level primary evidence dated <= PYQ year.
UPSC-2014-GS1-Q074,2014,74,Science & Technology,Biology,Single-answer,0.0,True,False,False,a,,,,,,UNVERIFIED,"Independent analyses describe NCERT/standard references, Indian Year Book, current affairs and conventional core subjects as important source families; these are research signals, not setter-source attribution.",Question-level original source is not claimed. Promote only proposition-level primary evidence dated <= PYQ year.
UPSC-2014-GS1-Q075,2014,75,Polity & Governance,Judiciary,Single-answer,0.0,False,False,False,b,,,,,,UNVERIFIED,"Independent analyses describe NCERT/standard references, Indian Year Book, current affairs and conventional core subjects as important source families; these are research signals, not setter-source attribution.",Question-level original source is not claimed. Promote only proposition-level primary evidence dated <= PYQ year.
UPSC-2014-GS1-Q076,2014,76,Art & Culture,"Festivals, Crafts & Folk Traditions",Multi-statement,4.0,False,False,False,b,,,,,,UNVERIFIED,"Independent analyses describe NCERT/standard references, Indian Year Book, current affairs and conventional core subjects as important source families; these are research signals, not setter-source attribution.",Question-level original source is not claimed. Promote only proposition-level primary evidence dated <= PYQ year.
UPSC-2014-GS1-Q077,2014,77,Geography,Transport & Infrastructure Geography,Match/Pair,3.0,False,False,False,d,,,,,,UNVERIFIED,"Independent analyses describe NCERT/standard references, Indian Year Book, current affairs and conventional core subjects as important source families; these are research signals, not setter-source attribution.",Question-level original source is not claimed. Promote only proposition-level primary evidence dated <= PYQ year.
UPSC-2014-GS1-Q078,2014,78,Environment & Ecology,International Environmental Treaties & Summits,Multi-statement,3.0,False,False,False,d,,,,,,UNVERIFIED,"Independent analyses describe NCERT/standard references, Indian Year Book, current affairs and conventional core subjects as important source families; these are research signals, not setter-source attribution.",Question-level original source is not claimed. Promote only proposition-level primary evidence dated <= PYQ year.
UPSC-2014-GS1-Q079,2014,79,Environment & Ecology,Climate Change & Greenhouse Gases,Multi-statement,3.0,False,False,False,c,,,,,,UNVERIFIED,"Independent analyses describe NCERT/standard references, Indian Year Book, current affairs and conventional core subjects as important source families; these are research signals, not setter-source attribution.",Question-level original source is not claimed. Promote only proposition-level primary evidence dated <= PYQ year.
UPSC-2014-GS1-Q080,2014,80,Environment & Ecology,Ecosystems & Ecology Concepts,Single-answer,0.0,False,False,False,a,,,,,,UNVERIFIED,"Independent analyses describe NCERT/standard references, Indian Year Book, current affairs and conventional core subjects as important source families; these are research signals, not setter-source attribution.",Question-level original source is not claimed. Promote only proposition-level primary evidence dated <= PYQ year.
UPSC-2014-GS1-Q081,2014,81,History,Early Nationalism & Indian National Congress (1885-1915),Single-answer,0.0,False,False,False,b,,,,,,UNVERIFIED,"Independent analyses describe NCERT/standard references, Indian Year Book, current affairs and conventional core subjects as important source families; these are research signals, not setter-source attribution.",Question-level original source is not claimed. Promote only proposition-level primary evidence dated <= PYQ year.
UPSC-2014-GS1-Q082,2014,82,History,Gandhian Mass Movements (1915-1942),Single-answer,0.0,False,False,False,b,,,,,,UNVERIFIED,"Independent analyses describe NCERT/standard references, Indian Year Book, current affairs and conventional core subjects as important source families; these are research signals, not setter-source attribution.",Question-level original source is not claimed. Promote only proposition-level primary evidence dated <= PYQ year.
UPSC-2014-GS1-Q083,2014,83,Art & Culture,Classical Dance Forms,Multi-statement,3.0,False,False,False,b,,,,,,UNVERIFIED,"Independent analyses describe NCERT/standard references, Indian Year Book, current affairs and conventional core subjects as important source families; these are research signals, not setter-source attribution.",Question-level original source is not claimed. Promote only proposition-level primary evidence dated <= PYQ year.
UPSC-2014-GS1-Q084,2014,84,Art & Culture,Cultural Institutions & Awards,Single-answer,0.0,False,False,False,a,,,,,,UNVERIFIED,"Independent analyses describe NCERT/standard references, Indian Year Book, current affairs and conventional core subjects as important source families; these are research signals, not setter-source attribution.",Question-level original source is not claimed. Promote only proposition-level primary evidence dated <= PYQ year.
UPSC-2014-GS1-Q085,2014,85,Art & Culture,Sculpture & Iconography,Match/Pair,3.0,False,False,False,c,,,,,,UNVERIFIED,"Independent analyses describe NCERT/standard references, Indian Year Book, current affairs and conventional core subjects as important source families; these are research signals, not setter-source attribution.",Question-level original source is not claimed. Promote only proposition-level primary evidence dated <= PYQ year.
UPSC-2014-GS1-Q086,2014,86,History,Revolutionary & Communist Movements,Single-answer,0.0,False,False,False,a,,,,,,UNVERIFIED,"Independent analyses describe NCERT/standard references, Indian Year Book, current affairs and conventional core subjects as important source families; these are research signals, not setter-source attribution.",Question-level original source is not claimed. Promote only proposition-level primary evidence dated <= PYQ year.
UPSC-2014-GS1-Q087,2014,87,Art & Culture,"Festivals, Crafts & Folk Traditions",Single-answer,0.0,False,False,False,d,,,,,,UNVERIFIED,"Independent analyses describe NCERT/standard references, Indian Year Book, current affairs and conventional core subjects as important source families; these are research signals, not setter-source attribution.",Question-level original source is not claimed. Promote only proposition-level primary evidence dated <= PYQ year.
UPSC-2014-GS1-Q088,2014,88,Art & Culture,Classical Dance Forms,Match/Pair,3.0,False,False,False,c,,,,,,UNVERIFIED,"Independent analyses describe NCERT/standard references, Indian Year Book, current affairs and conventional core subjects as important source families; these are research signals, not setter-source attribution.",Question-level original source is not claimed. Promote only proposition-level primary evidence dated <= PYQ year.
UPSC-2014-GS1-Q089,2014,89,Art & Culture,Architecture & World Heritage,Match/Pair,3.0,False,False,False,c,,,,,,UNVERIFIED,"Independent analyses describe NCERT/standard references, Indian Year Book, current affairs and conventional core subjects as important source families; these are research signals, not setter-source attribution.",Question-level original source is not claimed. Promote only proposition-level primary evidence dated <= PYQ year.
UPSC-2014-GS1-Q090,2014,90,Art & Culture,Philosophy & Religion,Multi-statement,2.0,False,False,False,d,,,,,,UNVERIFIED,"Independent analyses describe NCERT/standard references, Indian Year Book, current affairs and conventional core subjects as important source families; these are research signals, not setter-source attribution.",Question-level original source is not claimed. Promote only proposition-level primary evidence dated <= PYQ year.
UPSC-2014-GS1-Q091,2014,91,Art & Culture,Music,Single-answer,0.0,False,False,False,b,,,,,,UNVERIFIED,"Independent analyses describe NCERT/standard references, Indian Year Book, current affairs and conventional core subjects as important source families; these are research signals, not setter-source attribution.",Question-level original source is not claimed. Promote only proposition-level primary evidence dated <= PYQ year.
UPSC-2014-GS1-Q092,2014,92,History,Constitutional Developments & British Plans (1909-1947),Single-answer,3.0,False,False,False,a,,,,,,UNVERIFIED,"Independent analyses describe NCERT/standard references, Indian Year Book, current affairs and conventional core subjects as important source families; these are research signals, not setter-source attribution.",Question-level original source is not claimed. Promote only proposition-level primary evidence dated <= PYQ year.
UPSC-2014-GS1-Q093,2014,93,History,Mughal Empire,Single-answer,0.0,False,False,False,c,,,,,,UNVERIFIED,"Independent analyses describe NCERT/standard references, Indian Year Book, current affairs and conventional core subjects as important source families; these are research signals, not setter-source attribution.",Question-level original source is not claimed. Promote only proposition-level primary evidence dated <= PYQ year.
UPSC-2014-GS1-Q094,2014,94,Economy,Agriculture & Rural Development,Single-answer,3.0,False,False,False,b,,,,,,UNVERIFIED,"Independent analyses describe NCERT/standard references, Indian Year Book, current affairs and conventional core subjects as important source families; these are research signals, not setter-source attribution.",Question-level original source is not claimed. Promote only proposition-level primary evidence dated <= PYQ year.
UPSC-2014-GS1-Q095,2014,95,Environment & Ecology,Environmental Governance & Legislation,Multi-statement,2.0,True,False,False,d,,,,,,UNVERIFIED,"Independent analyses describe NCERT/standard references, Indian Year Book, current affairs and conventional core subjects as important source families; these are research signals, not setter-source attribution.",Question-level original source is not claimed. Promote only proposition-level primary evidence dated <= PYQ year.
UPSC-2014-GS1-Q096,2014,96,Environment & Ecology,Environmental Governance & Legislation,Multi-statement,3.0,False,False,False,b,,,,,,UNVERIFIED,"Independent analyses describe NCERT/standard references, Indian Year Book, current affairs and conventional core subjects as important source families; these are research signals, not setter-source attribution.",Question-level original source is not claimed. Promote only proposition-level primary evidence dated <= PYQ year.
UPSC-2014-GS1-Q097,2014,97,Science & Technology,Health & Diseases,Match/Pair,3.0,False,False,False,a,,,,,,UNVERIFIED,"Independent analyses describe NCERT/standard references, Indian Year Book, current affairs and conventional core subjects as important source families; these are research signals, not setter-source attribution.",Question-level original source is not claimed. Promote only proposition-level primary evidence dated <= PYQ year.
UPSC-2014-GS1-Q098,2014,98,Science & Technology,Materials & Engineering,Single-answer,3.0,False,False,False,d,,,,,,UNVERIFIED,"Independent analyses describe NCERT/standard references, Indian Year Book, current affairs and conventional core subjects as important source families; these are research signals, not setter-source attribution.",Question-level original source is not claimed. Promote only proposition-level primary evidence dated <= PYQ year.
UPSC-2014-GS1-Q099,2014,99,Economy,International Institutions & Reports,Single-answer,0.0,False,False,False,a,,,,,,UNVERIFIED,"Independent analyses describe NCERT/standard references, Indian Year Book, current affairs and conventional core subjects as important source families; these are research signals, not setter-source attribution.",Question-level original source is not claimed. Promote only proposition-level primary evidence dated <= PYQ year.
UPSC-2014-GS1-Q100,2014,100,Economy,Fiscal Policy & Budget,Multi-statement,4.0,False,False,False,c,,,,,,UNVERIFIED,"Independent analyses describe NCERT/standard references, Indian Year Book, current affairs and conventional core subjects as important source families; these are research signals, not setter-source attribution.",Question-level original source is not claimed. Promote only proposition-level primary evidence dated <= PYQ year.
UPSC-2015-GS1-Q001,2015,1,Economy,Digital Payments & Financial Inclusion,Single-answer,0.0,False,False,False,c,,,,,,UNVERIFIED,"Independent analyses emphasize newspapers/current affairs, NCERT, Economic Survey/India-2015 and conventional subject material; these are research signals, not setter-source attribution.",Question-level original source is not claimed. Promote only proposition-level primary evidence dated <= PYQ year.
UPSC-2015-GS1-Q002,2015,2,Economy,Fiscal Policy & Budget,Multi-statement,2.0,False,False,False,a,,,,,,UNVERIFIED,"Independent analyses emphasize newspapers/current affairs, NCERT, Economic Survey/India-2015 and conventional subject material; these are research signals, not setter-source attribution.",Question-level original source is not claimed. Promote only proposition-level primary evidence dated <= PYQ year.
UPSC-2015-GS1-Q003,2015,3,Current Affairs,International Organisations & Groupings,Single-answer,0.0,False,True,True,b,,,,,,UNVERIFIED,"Independent analyses emphasize newspapers/current affairs, NCERT, Economic Survey/India-2015 and conventional subject material; these are research signals, not setter-source attribution.",Question-level original source is not claimed. Promote only proposition-level primary evidence dated <= PYQ year.
UPSC-2015-GS1-Q004,2015,4,Economy,Fiscal Policy & Budget,Multi-statement,2.0,False,False,False,a,,,,,,UNVERIFIED,"Independent analyses emphasize newspapers/current affairs, NCERT, Economic Survey/India-2015 and conventional subject material; these are research signals, not setter-source attribution.",Question-level original source is not claimed. Promote only proposition-level primary evidence dated <= PYQ year.
UPSC-2015-GS1-Q005,2015,5,Geography,Atmosphere & Climatology,Single-answer,0.0,True,False,False,b,,,,,,UNVERIFIED,"Independent analyses emphasize newspapers/current affairs, NCERT, Economic Survey/India-2015 and conventional subject material; these are research signals, not setter-source attribution.",Question-level original source is not claimed. Promote only proposition-level primary evidence dated <= PYQ year.
UPSC-2015-GS1-Q006,2015,6,Geography,Cartography & Map Skills,Single-answer,0.0,False,False,False,d,,,,,,UNVERIFIED,"Independent analyses emphasize newspapers/current affairs, NCERT, Economic Survey/India-2015 and conventional subject material; these are research signals, not setter-source attribution.",Question-level original source is not claimed. Promote only proposition-level primary evidence dated <= PYQ year.
UPSC-2015-GS1-Q007,2015,7,Polity & Governance,Directive Principles Of State Policy,Multi-statement,2.0,True,False,False,c,,,,,,UNVERIFIED,"Independent analyses emphasize newspapers/current affairs, NCERT, Economic Survey/India-2015 and conventional subject material; these are research signals, not setter-source attribution.",Question-level original source is not claimed. Promote only proposition-level primary evidence dated <= PYQ year.
UPSC-2015-GS1-Q008,2015,8,Economy,Infrastructure & Industry,Single-answer,0.0,False,False,False,b,,,,,,UNVERIFIED,"Independent analyses emphasize newspapers/current affairs, NCERT, Economic Survey/India-2015 and conventional subject material; these are research signals, not setter-source attribution.",Question-level original source is not claimed. Promote only proposition-level primary evidence dated <= PYQ year.
UPSC-2015-GS1-Q009,2015,9,Environment & Ecology,Protected Areas & Wildlife,Single-answer,0.0,False,False,False,b,,,,,,UNVERIFIED,"Independent analyses emphasize newspapers/current affairs, NCERT, Economic Survey/India-2015 and conventional subject material; these are research signals, not setter-source attribution.",Question-level original source is not claimed. Promote only proposition-level primary evidence dated <= PYQ year.
UPSC-2015-GS1-Q010,2015,10,Science & Technology,Science & Technology Institutions,Multi-statement,2.0,False,False,False,a,,,,,,UNVERIFIED,"Independent analyses emphasize newspapers/current affairs, NCERT, Economic Survey/India-2015 and conventional subject material; these are research signals, not setter-source attribution.",Question-level original source is not claimed. Promote only proposition-level primary evidence dated <= PYQ year.
UPSC-2015-GS1-Q011,2015,11,Environment & Ecology,Pollution & Waste Management,Single-answer,3.0,False,False,False,c,,,,,,UNVERIFIED,"Independent analyses emphasize newspapers/current affairs, NCERT, Economic Survey/India-2015 and conventional subject material; these are research signals, not setter-source attribution.",Question-level original source is not claimed. Promote only proposition-level primary evidence dated <= PYQ year.
UPSC-2015-GS1-Q012,2015,12,Environment & Ecology,International Environmental Treaties & Summits,Multi-statement,3.0,True,False,False,b,,,,,,UNVERIFIED,"Independent analyses emphasize newspapers/current affairs, NCERT, Economic Survey/India-2015 and conventional subject material; these are research signals, not setter-source attribution.",Question-level original source is not claimed. Promote only proposition-level primary evidence dated <= PYQ year.
UPSC-2015-GS1-Q013,2015,13,Economy,Agriculture & Rural Development,Single-answer,0.0,False,False,False,a,,,,,,UNVERIFIED,"Independent analyses emphasize newspapers/current affairs, NCERT, Economic Survey/India-2015 and conventional subject material; these are research signals, not setter-source attribution.",Question-level original source is not claimed. Promote only proposition-level primary evidence dated <= PYQ year.
UPSC-2015-GS1-Q014,2015,14,Geography,Oceanography,Single-answer,0.0,False,False,False,b,,,,,,UNVERIFIED,"Independent analyses emphasize newspapers/current affairs, NCERT, Economic Survey/India-2015 and conventional subject material; these are research signals, not setter-source attribution.",Question-level original source is not claimed. Promote only proposition-level primary evidence dated <= PYQ year.
UPSC-2015-GS1-Q015,2015,15,Geography,Indian Physical Geography,Match/Pair,3.0,False,False,False,a,,,,,,UNVERIFIED,"Independent analyses emphasize newspapers/current affairs, NCERT, Economic Survey/India-2015 and conventional subject material; these are research signals, not setter-source attribution.",Question-level original source is not claimed. Promote only proposition-level primary evidence dated <= PYQ year.
UPSC-2015-GS1-Q016,2015,16,History,Gandhian Mass Movements (1915-1942),Multi-statement,3.0,False,False,False,b,,,,,,UNVERIFIED,"Independent analyses emphasize newspapers/current affairs, NCERT, Economic Survey/India-2015 and conventional subject material; these are research signals, not setter-source attribution.",Question-level original source is not claimed. Promote only proposition-level primary evidence dated <= PYQ year.
UPSC-2015-GS1-Q017,2015,17,Current Affairs,Disasters & Humanitarian Issues,Single-answer,0.0,False,True,True,b,,,,,,UNVERIFIED,"Independent analyses emphasize newspapers/current affairs, NCERT, Economic Survey/India-2015 and conventional subject material; these are research signals, not setter-source attribution.",Question-level original source is not claimed. Promote only proposition-level primary evidence dated <= PYQ year.
UPSC-2015-GS1-Q018,2015,18,Environment & Ecology,Pollution & Waste Management,Multi-statement,3.0,True,False,False,a,,,,,,UNVERIFIED,"Independent analyses emphasize newspapers/current affairs, NCERT, Economic Survey/India-2015 and conventional subject material; these are research signals, not setter-source attribution.",Question-level original source is not claimed. Promote only proposition-level primary evidence dated <= PYQ year.
UPSC-2015-GS1-Q019,2015,19,Environment & Ecology,Biodiversity & Conservation,Multi-statement,3.0,False,False,False,c,,,,,,UNVERIFIED,"Independent analyses emphasize newspapers/current affairs, NCERT, Economic Survey/India-2015 and conventional subject material; these are research signals, not setter-source attribution.",Question-level original source is not claimed. Promote only proposition-level primary evidence dated <= PYQ year.
UPSC-2015-GS1-Q020,2015,20,History,British Administration & Economic Policies,Single-answer,3.0,False,False,False,d,,,,,,UNVERIFIED,"Independent analyses emphasize newspapers/current affairs, NCERT, Economic Survey/India-2015 and conventional subject material; these are research signals, not setter-source attribution.",Question-level original source is not claimed. Promote only proposition-level primary evidence dated <= PYQ year.
UPSC-2015-GS1-Q021,2015,21,Economy,International Institutions & Reports,Single-answer,0.0,False,False,False,d,,,,,,UNVERIFIED,"Independent analyses emphasize newspapers/current affairs, NCERT, Economic Survey/India-2015 and conventional subject material; these are research signals, not setter-source attribution.",Question-level original source is not claimed. Promote only proposition-level primary evidence dated <= PYQ year.
UPSC-2015-GS1-Q022,2015,22,Economy,Monetary Policy & Money Supply,Single-answer,0.0,False,False,False,c,,,,,,UNVERIFIED,"Independent analyses emphasize newspapers/current affairs, NCERT, Economic Survey/India-2015 and conventional subject material; these are research signals, not setter-source attribution.",Question-level original source is not claimed. Promote only proposition-level primary evidence dated <= PYQ year.
UPSC-2015-GS1-Q023,2015,23,Science & Technology,Health & Diseases,Multi-statement,2.0,False,False,False,c,,,,,,UNVERIFIED,"Independent analyses emphasize newspapers/current affairs, NCERT, Economic Survey/India-2015 and conventional subject material; these are research signals, not setter-source attribution.",Question-level original source is not claimed. Promote only proposition-level primary evidence dated <= PYQ year.
UPSC-2015-GS1-Q024,2015,24,Economy,Agriculture & Rural Development,Single-answer,0.0,False,False,False,b,,,,,,UNVERIFIED,"Independent analyses emphasize newspapers/current affairs, NCERT, Economic Survey/India-2015 and conventional subject material; these are research signals, not setter-source attribution.",Question-level original source is not claimed. Promote only proposition-level primary evidence dated <= PYQ year.
UPSC-2015-GS1-Q025,2015,25,Environment & Ecology,Biodiversity & Conservation,Single-answer,0.0,False,False,False,c,,,,,,UNVERIFIED,"Independent analyses emphasize newspapers/current affairs, NCERT, Economic Survey/India-2015 and conventional subject material; these are research signals, not setter-source attribution.",Question-level original source is not claimed. Promote only proposition-level primary evidence dated <= PYQ year.
UPSC-2015-GS1-Q026,2015,26,History,Revolutionary & Communist Movements,Multi-statement,3.0,False,False,False,d,,,,,,UNVERIFIED,"Independent analyses emphasize newspapers/current affairs, NCERT, Economic Survey/India-2015 and conventional subject material; these are research signals, not setter-source attribution.",Question-level original source is not claimed. Promote only proposition-level primary evidence dated <= PYQ year.
UPSC-2015-GS1-Q027,2015,27,Polity & Governance,Parliament & State Legislatures,Multi-statement,3.0,False,False,False,b,,,,,,UNVERIFIED,"Independent analyses emphasize newspapers/current affairs, NCERT, Economic Survey/India-2015 and conventional subject material; these are research signals, not setter-source attribution.",Question-level original source is not claimed. Promote only proposition-level primary evidence dated <= PYQ year.
UPSC-2015-GS1-Q028,2015,28,History,Constitutional Developments & British Plans (1909-1947),Single-answer,0.0,False,False,False,b,,,,,,UNVERIFIED,"Independent analyses emphasize newspapers/current affairs, NCERT, Economic Survey/India-2015 and conventional subject material; these are research signals, not setter-source attribution.",Question-level original source is not claimed. Promote only proposition-level primary evidence dated <= PYQ year.
UPSC-2015-GS1-Q029,2015,29,Economy,Inflation & Price Indices,Single-answer,0.0,False,False,False,c,,,,,,UNVERIFIED,"Independent analyses emphasize newspapers/current affairs, NCERT, Economic Survey/India-2015 and conventional subject material; these are research signals, not setter-source attribution.",Question-level original source is not claimed. Promote only proposition-level primary evidence dated <= PYQ year.
UPSC-2015-GS1-Q030,2015,30,Science & Technology,Physics,Multi-statement,3.0,False,False,True,d,,,,,,UNVERIFIED,"Independent analyses emphasize newspapers/current affairs, NCERT, Economic Survey/India-2015 and conventional subject material; these are research signals, not setter-source attribution.",Question-level original source is not claimed. Promote only proposition-level primary evidence dated <= PYQ year.
UPSC-2015-GS1-Q031,2015,31,Economy,International Trade & WTO,Single-answer,0.0,False,False,True,c,,,,,,UNVERIFIED,"Independent analyses emphasize newspapers/current affairs, NCERT, Economic Survey/India-2015 and conventional subject material; these are research signals, not setter-source attribution.",Question-level original source is not claimed. Promote only proposition-level primary evidence dated <= PYQ year.
UPSC-2015-GS1-Q032,2015,32,Science & Technology,Computer & Information Technology,Multi-statement,3.0,False,False,False,c,,,,,,UNVERIFIED,"Independent analyses emphasize newspapers/current affairs, NCERT, Economic Survey/India-2015 and conventional subject material; these are research signals, not setter-source attribution.",Question-level original source is not claimed. Promote only proposition-level primary evidence dated <= PYQ year.
UPSC-2015-GS1-Q033,2015,33,Geography,World Political Geography & Borders,Single-answer,0.0,False,False,True,b,,,,,,UNVERIFIED,"Independent analyses emphasize newspapers/current affairs, NCERT, Economic Survey/India-2015 and conventional subject material; these are research signals, not setter-source attribution.",Question-level original source is not claimed. Promote only proposition-level primary evidence dated <= PYQ year.
UPSC-2015-GS1-Q034,2015,34,Economy,External Sector & Balance Of Payments,Single-answer,0.0,False,False,False,c,,,,,,UNVERIFIED,"Independent analyses emphasize newspapers/current affairs, NCERT, Economic Survey/India-2015 and conventional subject material; these are research signals, not setter-source attribution.",Question-level original source is not claimed. Promote only proposition-level primary evidence dated <= PYQ year.
UPSC-2015-GS1-Q035,2015,35,History,Regional Kingdoms & Frontier States,Match/Pair,3.0,False,False,False,b,,,,,,UNVERIFIED,"Independent analyses emphasize newspapers/current affairs, NCERT, Economic Survey/India-2015 and conventional subject material; these are research signals, not setter-source attribution.",Question-level original source is not claimed. Promote only proposition-level primary evidence dated <= PYQ year.
UPSC-2015-GS1-Q036,2015,36,Geography,Indian Rivers & Water Resources,Multi-statement,4.0,False,False,False,d,,,,,,UNVERIFIED,"Independent analyses emphasize newspapers/current affairs, NCERT, Economic Survey/India-2015 and conventional subject material; these are research signals, not setter-source attribution.",Question-level original source is not claimed. Promote only proposition-level primary evidence dated <= PYQ year.
UPSC-2015-GS1-Q037,2015,37,Polity & Governance,Parliament & State Legislatures,Single-answer,0.0,False,False,False,a,,,,,,UNVERIFIED,"Independent analyses emphasize newspapers/current affairs, NCERT, Economic Survey/India-2015 and conventional subject material; these are research signals, not setter-source attribution.",Question-level original source is not claimed. Promote only proposition-level primary evidence dated <= PYQ year.
UPSC-2015-GS1-Q038,2015,38,Environment & Ecology,Ecosystems & Ecology Concepts,Single-answer,0.0,False,False,False,d,,,,,,UNVERIFIED,"Independent analyses emphasize newspapers/current affairs, NCERT, Economic Survey/India-2015 and conventional subject material; these are research signals, not setter-source attribution.",Question-level original source is not claimed. Promote only proposition-level primary evidence dated <= PYQ year.
UPSC-2015-GS1-Q039,2015,39,History,Mahajanapadas & Early Kingdoms,Multi-statement,4.0,False,False,False,d,,,,,,UNVERIFIED,"Independent analyses emphasize newspapers/current affairs, NCERT, Economic Survey/India-2015 and conventional subject material; these are research signals, not setter-source attribution.",Question-level original source is not claimed. Promote only proposition-level primary evidence dated <= PYQ year.
UPSC-2015-GS1-Q040,2015,40,Environment & Ecology,International Environmental Treaties & Summits,Single-answer,0.0,False,False,False,b,,,,,,UNVERIFIED,"Independent analyses emphasize newspapers/current affairs, NCERT, Economic Survey/India-2015 and conventional subject material; these are research signals, not setter-source attribution.",Question-level original source is not claimed. Promote only proposition-level primary evidence dated <= PYQ year.
UPSC-2015-GS1-Q041,2015,41,History,Mughal Empire,Multi-statement,3.0,False,False,False,b,,,,,,UNVERIFIED,"Independent analyses emphasize newspapers/current affairs, NCERT, Economic Survey/India-2015 and conventional subject material; these are research signals, not setter-source attribution.",Question-level original source is not claimed. Promote only proposition-level primary evidence dated <= PYQ year.
UPSC-2015-GS1-Q042,2015,42,Economy,Economic Planning & Five-Year Plans,Single-answer,0.0,False,False,False,d,,,,,,UNVERIFIED,"Independent analyses emphasize newspapers/current affairs, NCERT, Economic Survey/India-2015 and conventional subject material; these are research signals, not setter-source attribution.",Question-level original source is not claimed. Promote only proposition-level primary evidence dated <= PYQ year.
UPSC-2015-GS1-Q043,2015,43,Environment & Ecology,International Environmental Treaties & Summits,Single-answer,0.0,False,False,True,a,,,,,,UNVERIFIED,"Independent analyses emphasize newspapers/current affairs, NCERT, Economic Survey/India-2015 and conventional subject material; these are research signals, not setter-source attribution.",Question-level original source is not claimed. Promote only proposition-level primary evidence dated <= PYQ year.
UPSC-2015-GS1-Q044,2015,44,Polity & Governance,Union & State Executive,Multi-statement,2.0,False,False,False,d,,,,,,UNVERIFIED,"Independent analyses emphasize newspapers/current affairs, NCERT, Economic Survey/India-2015 and conventional subject material; these are research signals, not setter-source attribution.",Question-level original source is not claimed. Promote only proposition-level primary evidence dated <= PYQ year.
UPSC-2015-GS1-Q045,2015,45,Science & Technology,Space Technology & Astronomy,Single-answer,0.0,False,False,True,c,,,,,,UNVERIFIED,"Independent analyses emphasize newspapers/current affairs, NCERT, Economic Survey/India-2015 and conventional subject material; these are research signals, not setter-source attribution.",Question-level original source is not claimed. Promote only proposition-level primary evidence dated <= PYQ year.
UPSC-2015-GS1-Q046,2015,46,History,Gandhian Mass Movements (1915-1942),Single-answer,0.0,False,False,False,b,,,,,,UNVERIFIED,"Independent analyses emphasize newspapers/current affairs, NCERT, Economic Survey/India-2015 and conventional subject material; these are research signals, not setter-source attribution.",Question-level original source is not claimed. Promote only proposition-level primary evidence dated <= PYQ year.
UPSC-2015-GS1-Q047,2015,47,History,Vijayanagara Empire,Single-answer,0.0,False,False,False,c,,,,,,UNVERIFIED,"Independent analyses emphasize newspapers/current affairs, NCERT, Economic Survey/India-2015 and conventional subject material; these are research signals, not setter-source attribution.",Question-level original source is not claimed. Promote only proposition-level primary evidence dated <= PYQ year.
UPSC-2015-GS1-Q048,2015,48,History,Early Nationalism & Indian National Congress (1885-1915),Multi-statement,2.0,False,False,False,b,,,,,,UNVERIFIED,"Independent analyses emphasize newspapers/current affairs, NCERT, Economic Survey/India-2015 and conventional subject material; these are research signals, not setter-source attribution.",Question-level original source is not claimed. Promote only proposition-level primary evidence dated <= PYQ year.
UPSC-2015-GS1-Q049,2015,49,Environment & Ecology,International Environmental Treaties & Summits,Multi-statement,2.0,False,False,False,a,,,,,,UNVERIFIED,"Independent analyses emphasize newspapers/current affairs, NCERT, Economic Survey/India-2015 and conventional subject material; these are research signals, not setter-source attribution.",Question-level original source is not claimed. Promote only proposition-level primary evidence dated <= PYQ year.
UPSC-2015-GS1-Q050,2015,50,Current Affairs,Awards & Honours,Single-answer,0.0,False,True,False,c,,,,,,UNVERIFIED,"Independent analyses emphasize newspapers/current affairs, NCERT, Economic Survey/India-2015 and conventional subject material; these are research signals, not setter-source attribution.",Question-level original source is not claimed. Promote only proposition-level primary evidence dated <= PYQ year.
UPSC-2015-GS1-Q051,2015,51,History,Constitutional Developments & British Plans (1909-1947),Multi-statement,3.0,False,False,False,a,,,,,,UNVERIFIED,"Independent analyses emphasize newspapers/current affairs, NCERT, Economic Survey/India-2015 and conventional subject material; these are research signals, not setter-source attribution.",Question-level original source is not claimed. Promote only proposition-level primary evidence dated <= PYQ year.
UPSC-2015-GS1-Q052,2015,52,Environment & Ecology,Protected Areas & Wildlife,Single-answer,0.0,False,False,False,d,,,,,,UNVERIFIED,"Independent analyses emphasize newspapers/current affairs, NCERT, Economic Survey/India-2015 and conventional subject material; these are research signals, not setter-source attribution.",Question-level original source is not claimed. Promote only proposition-level primary evidence dated <= PYQ year.
UPSC-2015-GS1-Q053,2015,53,Current Affairs,International Organisations & Groupings,Single-answer,0.0,False,True,False,b,,,,,,UNVERIFIED,"Independent analyses emphasize newspapers/current affairs, NCERT, Economic Survey/India-2015 and conventional subject material; these are research signals, not setter-source attribution.",Question-level original source is not claimed. Promote only proposition-level primary evidence dated <= PYQ year.
UPSC-2015-GS1-Q054,2015,54,Art & Culture,Sculpture & Iconography,Single-answer,0.0,False,False,False,b,,,,,,UNVERIFIED,"Independent analyses emphasize newspapers/current affairs, NCERT, Economic Survey/India-2015 and conventional subject material; these are research signals, not setter-source attribution.",Question-level original source is not claimed. Promote only proposition-level primary evidence dated <= PYQ year.
UPSC-2015-GS1-Q055,2015,55,History,Medieval Administration & Socio-Economic Institutions,Multi-statement,3.0,False,False,False,b,,,,,,UNVERIFIED,"Independent analyses emphasize newspapers/current affairs, NCERT, Economic Survey/India-2015 and conventional subject material; these are research signals, not setter-source attribution.",Question-level original source is not claimed. Promote only proposition-level primary evidence dated <= PYQ year.
UPSC-2015-GS1-Q056,2015,56,Environment & Ecology,International Environmental Treaties & Summits,Single-answer,0.0,False,False,False,d,,,,,,UNVERIFIED,"Independent analyses emphasize newspapers/current affairs, NCERT, Economic Survey/India-2015 and conventional subject material; these are research signals, not setter-source attribution.",Question-level original source is not claimed. Promote only proposition-level primary evidence dated <= PYQ year.
UPSC-2015-GS1-Q057,2015,57,Current Affairs,International Organisations & Groupings,Single-answer,3.0,False,True,False,b,,,,,,UNVERIFIED,"Independent analyses emphasize newspapers/current affairs, NCERT, Economic Survey/India-2015 and conventional subject material; these are research signals, not setter-source attribution.",Question-level original source is not claimed. Promote only proposition-level primary evidence dated <= PYQ year.
UPSC-2015-GS1-Q058,2015,58,Economy,Infrastructure & Industry,Single-answer,0.0,False,False,False,c,,,,,,UNVERIFIED,"Independent analyses emphasize newspapers/current affairs, NCERT, Economic Survey/India-2015 and conventional subject material; these are research signals, not setter-source attribution.",Question-level original source is not claimed. Promote only proposition-level primary evidence dated <= PYQ year.
UPSC-2015-GS1-Q059,2015,59,Polity & Governance,Federalism & Centre–State Relations,Single-answer,0.0,False,False,False,a,,,,,,UNVERIFIED,"Independent analyses emphasize newspapers/current affairs, NCERT, Economic Survey/India-2015 and conventional subject material; these are research signals, not setter-source attribution.",Question-level original source is not claimed. Promote only proposition-level primary evidence dated <= PYQ year.
UPSC-2015-GS1-Q060,2015,60,Polity & Governance,Public Finance & Finance Commission,Multi-statement,3.0,False,False,False,c,,,,,,UNVERIFIED,"Independent analyses emphasize newspapers/current affairs, NCERT, Economic Survey/India-2015 and conventional subject material; these are research signals, not setter-source attribution.",Question-level original source is not claimed. Promote only proposition-level primary evidence dated <= PYQ year.
UPSC-2015-GS1-Q061,2015,61,Polity & Governance,Judiciary,Single-answer,0.0,False,False,False,d,,,,,,UNVERIFIED,"Independent analyses emphasize newspapers/current affairs, NCERT, Economic Survey/India-2015 and conventional subject material; these are research signals, not setter-source attribution.",Question-level original source is not claimed. Promote only proposition-level primary evidence dated <= PYQ year.
UPSC-2015-GS1-Q062,2015,62,Economy,Agriculture & Rural Development,Multi-statement,2.0,False,False,False,b,,,,,,UNVERIFIED,"Independent analyses emphasize newspapers/current affairs, NCERT, Economic Survey/India-2015 and conventional subject material; these are research signals, not setter-source attribution.",Question-level original source is not claimed. Promote only proposition-level primary evidence dated <= PYQ year.
UPSC-2015-GS1-Q063,2015,63,Environment & Ecology,Environmental Governance & Legislation,Single-answer,0.0,False,False,False,c,,,,,,UNVERIFIED,"Independent analyses emphasize newspapers/current affairs, NCERT, Economic Survey/India-2015 and conventional subject material; these are research signals, not setter-source attribution.",Question-level original source is not claimed. Promote only proposition-level primary evidence dated <= PYQ year.
UPSC-2015-GS1-Q064,2015,64,Current Affairs,International Relations & Treaties,Multi-statement,5.0,True,True,False,c,,,,,,UNVERIFIED,"Independent analyses emphasize newspapers/current affairs, NCERT, Economic Survey/India-2015 and conventional subject material; these are research signals, not setter-source attribution.",Question-level original source is not claimed. Promote only proposition-level primary evidence dated <= PYQ year.
UPSC-2015-GS1-Q065,2015,65,Economy,Banking & Financial Sector,Single-answer,0.0,False,False,True,b,,,,,,UNVERIFIED,"Independent analyses emphasize newspapers/current affairs, NCERT, Economic Survey/India-2015 and conventional subject material; these are research signals, not setter-source attribution.",Question-level original source is not claimed. Promote only proposition-level primary evidence dated <= PYQ year.
UPSC-2015-GS1-Q066,2015,66,Geography,Atmosphere & Climatology,Multi-statement,2.0,False,False,False,b,,,,,,UNVERIFIED,"Independent analyses emphasize newspapers/current affairs, NCERT, Economic Survey/India-2015 and conventional subject material; these are research signals, not setter-source attribution.",Question-level original source is not claimed. Promote only proposition-level primary evidence dated <= PYQ year.
UPSC-2015-GS1-Q067,2015,67,Current Affairs,International Organisations & Groupings,Multi-statement,2.0,False,True,True,d,,,,,,UNVERIFIED,"Independent analyses emphasize newspapers/current affairs, NCERT, Economic Survey/India-2015 and conventional subject material; these are research signals, not setter-source attribution.",Question-level original source is not claimed. Promote only proposition-level primary evidence dated <= PYQ year.
UPSC-2015-GS1-Q068,2015,68,History,Early Nationalism & Indian National Congress (1885-1915),Single-answer,0.0,False,False,False,a,,,,,,UNVERIFIED,"Independent analyses emphasize newspapers/current affairs, NCERT, Economic Survey/India-2015 and conventional subject material; these are research signals, not setter-source attribution.",Question-level original source is not claimed. Promote only proposition-level primary evidence dated <= PYQ year.
UPSC-2015-GS1-Q069,2015,69,Environment & Ecology,Sustainable Agriculture & Forestry,Single-answer,0.0,False,False,False,a,,,,,,UNVERIFIED,"Independent analyses emphasize newspapers/current affairs, NCERT, Economic Survey/India-2015 and conventional subject material; these are research signals, not setter-source attribution.",Question-level original source is not claimed. Promote only proposition-level primary evidence dated <= PYQ year.
UPSC-2015-GS1-Q070,2015,70,Geography,Oceanography,Single-answer,3.0,False,False,False,d,,,,,,UNVERIFIED,"Independent analyses emphasize newspapers/current affairs, NCERT, Economic Survey/India-2015 and conventional subject material; these are research signals, not setter-source attribution.",Question-level original source is not claimed. Promote only proposition-level primary evidence dated <= PYQ year.
UPSC-2015-GS1-Q071,2015,71,Science & Technology,Space Technology & Astronomy,Multi-statement,5.0,False,False,False,a,,,,,,UNVERIFIED,"Independent analyses emphasize newspapers/current affairs, NCERT, Economic Survey/India-2015 and conventional subject material; these are research signals, not setter-source attribution.",Question-level original source is not claimed. Promote only proposition-level primary evidence dated <= PYQ year.
UPSC-2015-GS1-Q072,2015,72,Geography,Biogeography & Natural Vegetation,Multi-statement,3.0,False,False,False,c,,,,,,UNVERIFIED,"Independent analyses emphasize newspapers/current affairs, NCERT, Economic Survey/India-2015 and conventional subject material; these are research signals, not setter-source attribution.",Question-level original source is not claimed. Promote only proposition-level primary evidence dated <= PYQ year.
UPSC-2015-GS1-Q073,2015,73,Science & Technology,Science & Technology Institutions,Single-answer,0.0,False,False,True,d,,,,,,UNVERIFIED,"Independent analyses emphasize newspapers/current affairs, NCERT, Economic Survey/India-2015 and conventional subject material; these are research signals, not setter-source attribution.",Question-level original source is not claimed. Promote only proposition-level primary evidence dated <= PYQ year.
UPSC-2015-GS1-Q074,2015,74,Environment & Ecology,International Environmental Treaties & Summits,Multi-statement,3.0,False,False,False,c,,,,,,UNVERIFIED,"Independent analyses emphasize newspapers/current affairs, NCERT, Economic Survey/India-2015 and conventional subject material; these are research signals, not setter-source attribution.",Question-level original source is not claimed. Promote only proposition-level primary evidence dated <= PYQ year.
UPSC-2015-GS1-Q075,2015,75,Art & Culture,Literature & Languages,Single-answer,0.0,False,False,True,a,,,,,,UNVERIFIED,"Independent analyses emphasize newspapers/current affairs, NCERT, Economic Survey/India-2015 and conventional subject material; these are research signals, not setter-source attribution.",Question-level original source is not claimed. Promote only proposition-level primary evidence dated <= PYQ year.
UPSC-2015-GS1-Q076,2015,76,Environment & Ecology,International Environmental Treaties & Summits,Multi-statement,3.0,False,False,False,c,,,,,,UNVERIFIED,"Independent analyses emphasize newspapers/current affairs, NCERT, Economic Survey/India-2015 and conventional subject material; these are research signals, not setter-source attribution.",Question-level original source is not claimed. Promote only proposition-level primary evidence dated <= PYQ year.
UPSC-2015-GS1-Q077,2015,77,Geography,World Political Geography & Borders,Single-answer,0.0,True,False,False,b,,,,,,UNVERIFIED,"Independent analyses emphasize newspapers/current affairs, NCERT, Economic Survey/India-2015 and conventional subject material; these are research signals, not setter-source attribution.",Question-level original source is not claimed. Promote only proposition-level primary evidence dated <= PYQ year.
UPSC-2015-GS1-Q078,2015,78,Environment & Ecology,Ecosystems & Ecology Concepts,Single-answer,0.0,False,False,False,a,,,,,,UNVERIFIED,"Independent analyses emphasize newspapers/current affairs, NCERT, Economic Survey/India-2015 and conventional subject material; these are research signals, not setter-source attribution.",Question-level original source is not claimed. Promote only proposition-level primary evidence dated <= PYQ year.
UPSC-2015-GS1-Q079,2015,79,Current Affairs,International Relations & Treaties,Single-answer,0.0,False,True,True,c,,,,,,UNVERIFIED,"Independent analyses emphasize newspapers/current affairs, NCERT, Economic Survey/India-2015 and conventional subject material; these are research signals, not setter-source attribution.",Question-level original source is not claimed. Promote only proposition-level primary evidence dated <= PYQ year.
UPSC-2015-GS1-Q080,2015,80,Geography,Atmosphere & Climatology,Single-answer,0.0,False,False,False,b,,,,,,UNVERIFIED,"Independent analyses emphasize newspapers/current affairs, NCERT, Economic Survey/India-2015 and conventional subject material; these are research signals, not setter-source attribution.",Question-level original source is not claimed. Promote only proposition-level primary evidence dated <= PYQ year.
UPSC-2015-GS1-Q081,2015,81,Economy,National Income & Economic Growth,Multi-statement,2.0,False,False,False,b,,,,,,UNVERIFIED,"Independent analyses emphasize newspapers/current affairs, NCERT, Economic Survey/India-2015 and conventional subject material; these are research signals, not setter-source attribution.",Question-level original source is not claimed. Promote only proposition-level primary evidence dated <= PYQ year.
UPSC-2015-GS1-Q082,2015,82,Polity & Governance,Parliament & State Legislatures,Multi-statement,2.0,False,False,False,d,,,,,,UNVERIFIED,"Independent analyses emphasize newspapers/current affairs, NCERT, Economic Survey/India-2015 and conventional subject material; these are research signals, not setter-source attribution.",Question-level original source is not claimed. Promote only proposition-level primary evidence dated <= PYQ year.
UPSC-2015-GS1-Q083,2015,83,Polity & Governance,Fundamental Duties,Single-answer,0.0,False,False,False,d,,,,,,UNVERIFIED,"Independent analyses emphasize newspapers/current affairs, NCERT, Economic Survey/India-2015 and conventional subject material; these are research signals, not setter-source attribution.",Question-level original source is not claimed. Promote only proposition-level primary evidence dated <= PYQ year.
UPSC-2015-GS1-Q084,2015,84,Environment & Ecology,Ecosystems & Ecology Concepts,Single-answer,0.0,False,False,False,c,,,,,,UNVERIFIED,"Independent analyses emphasize newspapers/current affairs, NCERT, Economic Survey/India-2015 and conventional subject material; these are research signals, not setter-source attribution.",Question-level original source is not claimed. Promote only proposition-level primary evidence dated <= PYQ year.
UPSC-2015-GS1-Q085,2015,85,Polity & Governance,Local Government & Panchayati Raj,Single-answer,4.0,False,False,False,c,,,,,,UNVERIFIED,"Independent analyses emphasize newspapers/current affairs, NCERT, Economic Survey/India-2015 and conventional subject material; these are research signals, not setter-source attribution.",Question-level original source is not claimed. Promote only proposition-level primary evidence dated <= PYQ year.
UPSC-2015-GS1-Q086,2015,86,Economy,Monetary Policy & Money Supply,Multi-statement,4.0,False,False,False,c,,,,,,UNVERIFIED,"Independent analyses emphasize newspapers/current affairs, NCERT, Economic Survey/India-2015 and conventional subject material; these are research signals, not setter-source attribution.",Question-level original source is not claimed. Promote only proposition-level primary evidence dated <= PYQ year.
UPSC-2015-GS1-Q087,2015,87,Economy,Inflation & Price Indices,Single-answer,0.0,False,False,False,c,,,,,,UNVERIFIED,"Independent analyses emphasize newspapers/current affairs, NCERT, Economic Survey/India-2015 and conventional subject material; these are research signals, not setter-source attribution.",Question-level original source is not claimed. Promote only proposition-level primary evidence dated <= PYQ year.
UPSC-2015-GS1-Q088,2015,88,Current Affairs,International Relations & Treaties,Multi-statement,5.0,False,True,False,a,,,,,,UNVERIFIED,"Independent analyses emphasize newspapers/current affairs, NCERT, Economic Survey/India-2015 and conventional subject material; these are research signals, not setter-source attribution.",Question-level original source is not claimed. Promote only proposition-level primary evidence dated <= PYQ year.
UPSC-2015-GS1-Q089,2015,89,Polity & Governance,Directive Principles Of State Policy,Single-answer,0.0,False,False,False,b,,,,,,UNVERIFIED,"Independent analyses emphasize newspapers/current affairs, NCERT, Economic Survey/India-2015 and conventional subject material; these are research signals, not setter-source attribution.",Question-level original source is not claimed. Promote only proposition-level primary evidence dated <= PYQ year.
UPSC-2015-GS1-Q090,2015,90,Economy,Infrastructure & Industry,Single-answer,0.0,False,False,False,b,,,,,,UNVERIFIED,"Independent analyses emphasize newspapers/current affairs, NCERT, Economic Survey/India-2015 and conventional subject material; these are research signals, not setter-source attribution.",Question-level original source is not claimed. Promote only proposition-level primary evidence dated <= PYQ year.
UPSC-2015-GS1-Q091,2015,91,Polity & Governance,Union & State Executive,Single-answer,0.0,False,False,False,d,,,,,,UNVERIFIED,"Independent analyses emphasize newspapers/current affairs, NCERT, Economic Survey/India-2015 and conventional subject material; these are research signals, not setter-source attribution.",Question-level original source is not claimed. Promote only proposition-level primary evidence dated <= PYQ year.
UPSC-2015-GS1-Q092,2015,92,Science & Technology,Health & Diseases,Single-answer,0.0,False,False,True,d,,,,,,UNVERIFIED,"Independent analyses emphasize newspapers/current affairs, NCERT, Economic Survey/India-2015 and conventional subject material; these are research signals, not setter-source attribution.",Question-level original source is not claimed. Promote only proposition-level primary evidence dated <= PYQ year.
UPSC-2015-GS1-Q093,2015,93,Science & Technology,Biotechnology & Genetics,Multi-statement,2.0,False,False,False,d,,,,,,UNVERIFIED,"Independent analyses emphasize newspapers/current affairs, NCERT, Economic Survey/India-2015 and conventional subject material; these are research signals, not setter-source attribution.",Question-level original source is not claimed. Promote only proposition-level primary evidence dated <= PYQ year.
UPSC-2015-GS1-Q094,2015,94,Economy,External Sector & Balance Of Payments,Single-answer,0.0,False,False,False,c,,,,,,UNVERIFIED,"Independent analyses emphasize newspapers/current affairs, NCERT, Economic Survey/India-2015 and conventional subject material; these are research signals, not setter-source attribution.",Question-level original source is not claimed. Promote only proposition-level primary evidence dated <= PYQ year.
UPSC-2015-GS1-Q095,2015,95,Science & Technology,Energy & Environment,Multi-statement,3.0,True,False,False,a,,,,,,UNVERIFIED,"Independent analyses emphasize newspapers/current affairs, NCERT, Economic Survey/India-2015 and conventional subject material; these are research signals, not setter-source attribution.",Question-level original source is not claimed. Promote only proposition-level primary evidence dated <= PYQ year.
UPSC-2015-GS1-Q096,2015,96,Art & Culture,"Festivals, Crafts & Folk Traditions",Single-answer,0.0,False,False,False,a,,,,,,UNVERIFIED,"Independent analyses emphasize newspapers/current affairs, NCERT, Economic Survey/India-2015 and conventional subject material; these are research signals, not setter-source attribution.",Question-level original source is not claimed. Promote only proposition-level primary evidence dated <= PYQ year.
UPSC-2015-GS1-Q097,2015,97,Economy,Agriculture & Rural Development,Single-answer,0.0,False,False,False,b,,,,,,UNVERIFIED,"Independent analyses emphasize newspapers/current affairs, NCERT, Economic Survey/India-2015 and conventional subject material; these are research signals, not setter-source attribution.",Question-level original source is not claimed. Promote only proposition-level primary evidence dated <= PYQ year.
UPSC-2015-GS1-Q098,2015,98,Economy,Fiscal Policy & Budget,Multi-statement,4.0,False,False,False,a,,,,,,UNVERIFIED,"Independent analyses emphasize newspapers/current affairs, NCERT, Economic Survey/India-2015 and conventional subject material; these are research signals, not setter-source attribution.",Question-level original source is not claimed. Promote only proposition-level primary evidence dated <= PYQ year.
UPSC-2015-GS1-Q099,2015,99,Art & Culture,"Festivals, Crafts & Folk Traditions",Multi-statement,3.0,False,False,False,c,,,,,,UNVERIFIED,"Independent analyses emphasize newspapers/current affairs, NCERT, Economic Survey/India-2015 and conventional subject material; these are research signals, not setter-source attribution.",Question-level original source is not claimed. Promote only proposition-level primary evidence dated <= PYQ year.
UPSC-2015-GS1-Q100,2015,100,Economy,Banking & Financial Sector,Multi-statement,2.0,False,False,False,c,,,,,,UNVERIFIED,"Independent analyses emphasize newspapers/current affairs, NCERT, Economic Survey/India-2015 and conventional subject material; these are research signals, not setter-source attribution.",Question-level original source is not claimed. Promote only proposition-level primary evidence dated <= PYQ year.
UPSC-2016-GS1-Q001,2016,1,Polity & Governance,Parliament & State Legislatures,Multi-statement,2.0,True,False,False,b,Atal Pension Yojana,Government of India / Ministry of Finance / PIB,2015-03-01,True,https://www.pib.gov.in/newsite/erelcontent.aspx?lang=2&reg=48&relid=116208,PRIMARY_CANDIDATE,2016 question-level secondary source analysis exists (BYJU's); never treated as setter-source disclosure.,Primary government release predates 2016; exact scheme facts match the question theme. Exact setter-source attribution remains unproven.
UPSC-2016-GS1-Q002,2016,2,Current Affairs,International Organisations & Groupings,Multi-statement,3.0,False,True,False,c,NOT YET PRIMARY-VERIFIED,,,,,UNVERIFIED,2016 question-level secondary source analysis exists (BYJU's); never treated as setter-source disclosure.,Full-year inventory completed. Secondary source-analysis claims were not promoted to original-source attribution. Primary source must be dated 2016 or earlier and matched at proposition level.
UPSC-2016-GS1-Q003,2016,3,Economy,Fiscal Policy & Budget,Single-answer,4.0,False,False,False,c,NOT YET PRIMARY-VERIFIED,,,,,UNVERIFIED,2016 question-level secondary source analysis exists (BYJU's); never treated as setter-source disclosure.,Full-year inventory completed. Secondary source-analysis claims were not promoted to original-source attribution. Primary source must be dated 2016 or earlier and matched at proposition level.
UPSC-2016-GS1-Q004,2016,4,Economy,Digital Payments & Financial Inclusion,Multi-statement,3.0,False,False,False,b,Guidelines for Licensing of Payments Banks,Reserve Bank of India,2014-11-27,True,https://www.rbi.org.in/Scripts/bs_viewcontent.aspx?Id=2900,PRIMARY_VERIFIED,2016 question-level secondary source analysis exists (BYJU's); never treated as setter-source disclosure.,RBI final guidelines dated 27 Nov 2014 establish eligible promoters including resident mobile telephone companies/supermarket chains and state that Payments Banks cannot undertake lending; proposition-level evidence supports the question.
UPSC-2016-GS1-Q005,2016,5,Science & Technology,Computer & Information Technology,Multi-statement,2.0,False,False,True,c,NOT YET PRIMARY-VERIFIED,,,,,UNVERIFIED,2016 question-level secondary source analysis exists (BYJU's); never treated as setter-source disclosure.,Full-year inventory completed. Secondary source-analysis claims were not promoted to original-source attribution. Primary source must be dated 2016 or earlier and matched at proposition level.
UPSC-2016-GS1-Q006,2016,6,Environment & Ecology,International Environmental Treaties & Summits,Single-answer,0.0,False,False,True,b,Intended Nationally Determined Contributions (INDCs),UNFCCC,2015-11-01,True,https://www.unfccc.int/process-and-meetings/the-paris-agreement/nationally-determined-contributions-ndcs/indcs,PRIMARY_VERIFIED,2016 question-level secondary source analysis exists (BYJU's); never treated as setter-source disclosure.,UNFCCC records INDCs as country communications under the pre-Paris process and notes its 1 Nov 2015 synthesis report; this directly supports the climate-change context.
UPSC-2016-GS1-Q007,2016,7,Economy,Infrastructure & Industry,Single-answer,0.0,False,False,False,d,UDAY (Ujwal DISCOM Assurance Yojana),Government of India / Ministry of Power / PIB,2015-11-05,True,https://www.pib.gov.in/newsite/printrelease.aspx?lang=2&reg=3&relid=130262,PRIMARY_VERIFIED,2016 question-level secondary source analysis exists (BYJU's); never treated as setter-source disclosure.,PIB release dated 5 Nov 2015 states UDAY provides financial turnaround and revival of Power Distribution Companies.
UPSC-2016-GS1-Q008,2016,8,Economy,Financial Markets & Capital Markets,Multi-statement,2.0,False,False,True,c,IFC Masala Bonds,International Finance Corporation / World Bank,2015-01-01,True,https://documents1.worldbank.org/curated/en/682211467997285993/pdf/103210-AR-Box394958B-PUBLIC-IFC-AR15-Full.pdf,PRIMARY_VERIFIED,2016 question-level secondary source analysis exists (BYJU's); never treated as setter-source disclosure.,IFC Annual Report 2015 documents the offshore rupee-denominated Masala Bond programme and its purpose; exact question propositions are supported by the primary institutional report.
UPSC-2016-GS1-Q009,2016,9,History,Vijayanagara Empire,Multi-statement,2.0,False,False,False,c,NOT YET PRIMARY-VERIFIED,,,,,UNVERIFIED,2016 question-level secondary source analysis exists (BYJU's); never treated as setter-source disclosure.,Full-year inventory completed. Secondary source-analysis claims were not promoted to original-source attribution. Primary source must be dated 2016 or earlier and matched at proposition level.
UPSC-2016-GS1-Q010,2016,10,Art & Culture,Literature & Languages,Single-answer,0.0,False,False,False,b,NOT YET PRIMARY-VERIFIED,,,,,UNVERIFIED,2016 question-level secondary source analysis exists (BYJU's); never treated as setter-source disclosure.,Full-year inventory completed. Secondary source-analysis claims were not promoted to original-source attribution. Primary source must be dated 2016 or earlier and matched at proposition level.
UPSC-2016-GS1-Q011,2016,11,Economy,International Trade & WTO,Single-answer,0.0,False,False,True,a,WTO domestic-support boxes (Amber/Blue/Green),World Trade Organization,2010-12-06,True,https://www.wto.org/english/news_e/news10_e/agng_06dec10_e.htm,PRIMARY_VERIFIED,2016 question-level secondary source analysis exists (BYJU's); never treated as setter-source disclosure.,"WTO source defines Amber, Blue and Green Boxes under agricultural domestic support, directly matching the terminology in the question."
UPSC-2016-GS1-Q012,2016,12,Economy,Fiscal Policy & Budget,Multi-statement,3.0,False,False,False,d,Union Government Capital Budget,Government of India / India Budget,2015-02-01,True,https://www.indiabudget.gov.in/budget2015-2016/ub2015-16/keybud/keybud2015.pdf,PRIMARY_VERIFIED,2016 question-level secondary source analysis exists (BYJU's); never treated as setter-source disclosure.,"Union Budget 2015-16 Key to Budget states capital budget comprises capital receipts/payments, including foreign-government loans, asset acquisition expenditure, and loans/advances to States/UTs."
UPSC-2016-GS1-Q013,2016,13,Environment & Ecology,International Environmental Treaties & Summits,Single-answer,3.0,False,False,False,c,NOT YET PRIMARY-VERIFIED,,,,,UNVERIFIED,2016 question-level secondary source analysis exists (BYJU's); never treated as setter-source disclosure.,Full-year inventory completed. Secondary source-analysis claims were not promoted to original-source attribution. Primary source must be dated 2016 or earlier and matched at proposition level.
UPSC-2016-GS1-Q014,2016,14,Economy,International Institutions & Reports,Single-answer,0.0,False,False,True,d,Chinese Renminbi inclusion in IMF SDR basket,International Monetary Fund,2015-11-30,True,https://www.imf.org/en/news/articles/2015/09/14/01/49/pr15540,PRIMARY_VERIFIED,2016 question-level secondary source analysis exists (BYJU's); never treated as setter-source disclosure.,IMF press release dated 30 Nov 2015 states the Chinese renminbi was decided for inclusion as the fifth SDR-basket currency effective 1 Oct 2016.
UPSC-2016-GS1-Q015,2016,15,Economy,International Institutions & Reports,Multi-statement,2.0,False,False,False,c,International Monetary and Financial Committee (IMFC),International Monetary Fund,2015-04-17,True,https://meetings.imf.org/en/2015/Spring/Participants,PRIMARY_CANDIDATE,2016 question-level secondary source analysis exists (BYJU's); never treated as setter-source disclosure.,"IMF 2015 Spring Meetings page explicitly identifies observer institutions to the IMFC and provides the 2015 meeting context; use as primary evidence for the World Bank observer proposition, with final proposition-level archival verification still preferred."
UPSC-2016-GS1-Q016,2016,16,Current Affairs,Indian Government Schemes & Initiatives,Single-answer,0.0,False,True,False,c,NOT YET PRIMARY-VERIFIED,,,,,UNVERIFIED,2016 question-level secondary source analysis exists (BYJU's); never treated as setter-source disclosure.,Full-year inventory completed. Secondary source-analysis claims were not promoted to original-source attribution. Primary source must be dated 2016 or earlier and matched at proposition level.
UPSC-2016-GS1-Q017,2016,17,History,Bhakti Movement,Multi-statement,2.0,False,False,False,c,NOT YET PRIMARY-VERIFIED,,,,,UNVERIFIED,2016 question-level secondary source analysis exists (BYJU's); never treated as setter-source disclosure.,Full-year inventory completed. Secondary source-analysis claims were not promoted to original-source attribution. Primary source must be dated 2016 or earlier and matched at proposition level.
UPSC-2016-GS1-Q018,2016,18,Economy,External Sector & Balance Of Payments,Single-answer,0.0,False,False,True,d,NOT YET PRIMARY-VERIFIED,,,,,UNVERIFIED,2016 question-level secondary source analysis exists (BYJU's); never treated as setter-source disclosure.,Full-year inventory completed. Secondary source-analysis claims were not promoted to original-source attribution. Primary source must be dated 2016 or earlier and matched at proposition level.
UPSC-2016-GS1-Q019,2016,19,Current Affairs,International Relations & Treaties,Match/Pair,3.0,False,True,True,c,NOT YET PRIMARY-VERIFIED,,,,,UNVERIFIED,2016 question-level secondary source analysis exists (BYJU's); never treated as setter-source disclosure.,Full-year inventory completed. Secondary source-analysis claims were not promoted to original-source attribution. Primary source must be dated 2016 or earlier and matched at proposition level.
UPSC-2016-GS1-Q020,2016,20,Current Affairs,International Organisations & Groupings,Multi-statement,3.0,False,True,False,b,NOT YET PRIMARY-VERIFIED,,,,,UNVERIFIED,2016 question-level secondary source analysis exists (BYJU's); never treated as setter-source disclosure.,Full-year inventory completed. Secondary source-analysis claims were not promoted to original-source attribution. Primary source must be dated 2016 or earlier and matched at proposition level.
UPSC-2016-GS1-Q021,2016,21,Economy,Agriculture & Rural Development,Multi-statement,2.0,False,False,False,b,NOT YET PRIMARY-VERIFIED,,,,,UNVERIFIED,2016 question-level secondary source analysis exists (BYJU's); never treated as setter-source disclosure.,Full-year inventory completed. Secondary source-analysis claims were not promoted to original-source attribution. Primary source must be dated 2016 or earlier and matched at proposition level.
UPSC-2016-GS1-Q022,2016,22,Environment & Ecology,Protected Areas & Wildlife,Single-answer,0.0,False,False,False,d,NOT YET PRIMARY-VERIFIED,,,,,UNVERIFIED,2016 question-level secondary source analysis exists (BYJU's); never treated as setter-source disclosure.,Full-year inventory completed. Secondary source-analysis claims were not promoted to original-source attribution. Primary source must be dated 2016 or earlier and matched at proposition level.
UPSC-2016-GS1-Q023,2016,23,Environment & Ecology,Water & Wetland Conservation,Multi-statement,3.0,False,False,False,a,NOT YET PRIMARY-VERIFIED,,,,,UNVERIFIED,2016 question-level secondary source analysis exists (BYJU's); never treated as setter-source disclosure.,Full-year inventory completed. Secondary source-analysis claims were not promoted to original-source attribution. Primary source must be dated 2016 or earlier and matched at proposition level.
UPSC-2016-GS1-Q024,2016,24,Economy,Agriculture & Rural Development,Single-answer,0.0,False,False,False,b,NOT YET PRIMARY-VERIFIED,,,,,UNVERIFIED,2016 question-level secondary source analysis exists (BYJU's); never treated as setter-source disclosure.,Full-year inventory completed. Secondary source-analysis claims were not promoted to original-source attribution. Primary source must be dated 2016 or earlier and matched at proposition level.
UPSC-2016-GS1-Q025,2016,25,Polity & Governance,Union & State Executive,Multi-statement,2.0,False,False,False,d,NOT YET PRIMARY-VERIFIED,,,,,UNVERIFIED,2016 question-level secondary source analysis exists (BYJU's); never treated as setter-source disclosure.,Full-year inventory completed. Secondary source-analysis claims were not promoted to original-source attribution. Primary source must be dated 2016 or earlier and matched at proposition level.
UPSC-2016-GS1-Q026,2016,26,Economy,Digital Payments & Financial Inclusion,Multi-statement,2.0,False,False,False,c,NOT YET PRIMARY-VERIFIED,,,,,UNVERIFIED,2016 question-level secondary source analysis exists (BYJU's); never treated as setter-source disclosure.,Full-year inventory completed. Secondary source-analysis claims were not promoted to original-source attribution. Primary source must be dated 2016 or earlier and matched at proposition level.
UPSC-2016-GS1-Q027,2016,27,Environment & Ecology,Sustainable Agriculture & Forestry,Single-answer,3.0,False,False,False,b,NOT YET PRIMARY-VERIFIED,,,,,UNVERIFIED,2016 question-level secondary source analysis exists (BYJU's); never treated as setter-source disclosure.,Full-year inventory completed. Secondary source-analysis claims were not promoted to original-source attribution. Primary source must be dated 2016 or earlier and matched at proposition level.
UPSC-2016-GS1-Q028,2016,28,Geography,Indian Rivers & Water Resources,Multi-statement,3.0,False,False,False,d,NOT YET PRIMARY-VERIFIED,,,,,UNVERIFIED,2016 question-level secondary source analysis exists (BYJU's); never treated as setter-source disclosure.,Full-year inventory completed. Secondary source-analysis claims were not promoted to original-source attribution. Primary source must be dated 2016 or earlier and matched at proposition level.
UPSC-2016-GS1-Q029,2016,29,Economy,Digital Payments & Financial Inclusion,Multi-statement,3.0,False,False,True,a,NOT YET PRIMARY-VERIFIED,,,,,UNVERIFIED,2016 question-level secondary source analysis exists (BYJU's); never treated as setter-source disclosure.,Full-year inventory completed. Secondary source-analysis claims were not promoted to original-source attribution. Primary source must be dated 2016 or earlier and matched at proposition level.
UPSC-2016-GS1-Q030,2016,30,Environment & Ecology,Climate Change & Greenhouse Gases,Match/Pair,3.0,False,False,True,c,NOT YET PRIMARY-VERIFIED,,,,,UNVERIFIED,2016 question-level secondary source analysis exists (BYJU's); never treated as setter-source disclosure.,Full-year inventory completed. Secondary source-analysis claims were not promoted to original-source attribution. Primary source must be dated 2016 or earlier and matched at proposition level.
UPSC-2016-GS1-Q031,2016,31,Science & Technology,Biotechnology & Genetics,Single-answer,0.0,False,False,True,b,NOT YET PRIMARY-VERIFIED,,,,,UNVERIFIED,2016 question-level secondary source analysis exists (BYJU's); never treated as setter-source disclosure.,Full-year inventory completed. Secondary source-analysis claims were not promoted to original-source attribution. Primary source must be dated 2016 or earlier and matched at proposition level.
UPSC-2016-GS1-Q032,2016,32,Current Affairs,Indian Government Schemes & Initiatives,Single-answer,0.0,False,True,False,a,NOT YET PRIMARY-VERIFIED,,,,,UNVERIFIED,2016 question-level secondary source analysis exists (BYJU's); never treated as setter-source disclosure.,Full-year inventory completed. Secondary source-analysis claims were not promoted to original-source attribution. Primary source must be dated 2016 or earlier and matched at proposition level.
UPSC-2016-GS1-Q033,2016,33,Environment & Ecology,Climate Change & Greenhouse Gases,Multi-statement,3.0,False,False,False,c,NOT YET PRIMARY-VERIFIED,,,,,UNVERIFIED,2016 question-level secondary source analysis exists (BYJU's); never treated as setter-source disclosure.,Full-year inventory completed. Secondary source-analysis claims were not promoted to original-source attribution. Primary source must be dated 2016 or earlier and matched at proposition level.
UPSC-2016-GS1-Q034,2016,34,Science & Technology,Health & Diseases,Multi-statement,4.0,False,False,False,c,NOT YET PRIMARY-VERIFIED,,,,,UNVERIFIED,2016 question-level secondary source analysis exists (BYJU's); never treated as setter-source disclosure.,Full-year inventory completed. Secondary source-analysis claims were not promoted to original-source attribution. Primary source must be dated 2016 or earlier and matched at proposition level.
UPSC-2016-GS1-Q035,2016,35,Science & Technology,Computer & Information Technology,Single-answer,0.0,False,False,True,b,NOT YET PRIMARY-VERIFIED,,,,,UNVERIFIED,2016 question-level secondary source analysis exists (BYJU's); never treated as setter-source disclosure.,Full-year inventory completed. Secondary source-analysis claims were not promoted to original-source attribution. Primary source must be dated 2016 or earlier and matched at proposition level.
UPSC-2016-GS1-Q036,2016,36,Environment & Ecology,Renewable Energy & Green Technologies,Single-answer,0.0,False,False,True,a,NOT YET PRIMARY-VERIFIED,,,,,UNVERIFIED,2016 question-level secondary source analysis exists (BYJU's); never treated as setter-source disclosure.,Full-year inventory completed. Secondary source-analysis claims were not promoted to original-source attribution. Primary source must be dated 2016 or earlier and matched at proposition level.
UPSC-2016-GS1-Q037,2016,37,Economy,International Institutions & Reports,Single-answer,0.0,False,False,True,c,NOT YET PRIMARY-VERIFIED,,,,,UNVERIFIED,2016 question-level secondary source analysis exists (BYJU's); never treated as setter-source disclosure.,Full-year inventory completed. Secondary source-analysis claims were not promoted to original-source attribution. Primary source must be dated 2016 or earlier and matched at proposition level.
UPSC-2016-GS1-Q038,2016,38,History,Medieval Administration & Socio-Economic Institutions,Single-answer,0.0,False,False,False,a,NOT YET PRIMARY-VERIFIED,,,,,UNVERIFIED,2016 question-level secondary source analysis exists (BYJU's); never treated as setter-source disclosure.,Full-year inventory completed. Secondary source-analysis claims were not promoted to original-source attribution. Primary source must be dated 2016 or earlier and matched at proposition level.
UPSC-2016-GS1-Q039,2016,39,History,Mauryan Empire,Single-answer,0.0,False,False,False,b,NOT YET PRIMARY-VERIFIED,,,,,UNVERIFIED,2016 question-level secondary source analysis exists (BYJU's); never treated as setter-source disclosure.,Full-year inventory completed. Secondary source-analysis claims were not promoted to original-source attribution. Primary source must be dated 2016 or earlier and matched at proposition level.
UPSC-2016-GS1-Q040,2016,40,Polity & Governance,Judiciary,Multi-statement,2.0,True,False,False,b,NOT YET PRIMARY-VERIFIED,,,,,UNVERIFIED,2016 question-level secondary source analysis exists (BYJU's); never treated as setter-source disclosure.,Full-year inventory completed. Secondary source-analysis claims were not promoted to original-source attribution. Primary source must be dated 2016 or earlier and matched at proposition level.
UPSC-2016-GS1-Q041,2016,41,Current Affairs,International Relations & Treaties,Multi-statement,2.0,True,True,False,d,NOT YET PRIMARY-VERIFIED,,,,,UNVERIFIED,2016 question-level secondary source analysis exists (BYJU's); never treated as setter-source disclosure.,Full-year inventory completed. Secondary source-analysis claims were not promoted to original-source attribution. Primary source must be dated 2016 or earlier and matched at proposition level.
UPSC-2016-GS1-Q042,2016,42,Current Affairs,International Relations & Treaties,Multi-statement,2.0,False,True,False,a,NOT YET PRIMARY-VERIFIED,,,,,UNVERIFIED,2016 question-level secondary source analysis exists (BYJU's); never treated as setter-source disclosure.,Full-year inventory completed. Secondary source-analysis claims were not promoted to original-source attribution. Primary source must be dated 2016 or earlier and matched at proposition level.
UPSC-2016-GS1-Q043,2016,43,Economy,Banking & Financial Sector,Single-answer,2.0,False,False,False,c,NOT YET PRIMARY-VERIFIED,,,,,UNVERIFIED,2016 question-level secondary source analysis exists (BYJU's); never treated as setter-source disclosure.,Full-year inventory completed. Secondary source-analysis claims were not promoted to original-source attribution. Primary source must be dated 2016 or earlier and matched at proposition level.
UPSC-2016-GS1-Q044,2016,44,Environment & Ecology,Biodiversity & Conservation,Single-answer,3.0,False,False,False,a,NOT YET PRIMARY-VERIFIED,,,,,UNVERIFIED,2016 question-level secondary source analysis exists (BYJU's); never treated as setter-source disclosure.,Full-year inventory completed. Secondary source-analysis claims were not promoted to original-source attribution. Primary source must be dated 2016 or earlier and matched at proposition level.
UPSC-2016-GS1-Q045,2016,45,Environment & Ecology,Biodiversity & Conservation,Single-answer,0.0,False,False,True,a,NOT YET PRIMARY-VERIFIED,,,,,UNVERIFIED,2016 question-level secondary source analysis exists (BYJU's); never treated as setter-source disclosure.,Full-year inventory completed. Secondary source-analysis claims were not promoted to original-source attribution. Primary source must be dated 2016 or earlier and matched at proposition level.
UPSC-2016-GS1-Q046,2016,46,Science & Technology,Defence Technology,Single-answer,0.0,False,False,True,c,NOT YET PRIMARY-VERIFIED,,,,,UNVERIFIED,2016 question-level secondary source analysis exists (BYJU's); never treated as setter-source disclosure.,Full-year inventory completed. Secondary source-analysis claims were not promoted to original-source attribution. Primary source must be dated 2016 or earlier and matched at proposition level.
UPSC-2016-GS1-Q047,2016,47,Science & Technology,Defence Technology,Single-answer,0.0,False,False,True,a,NOT YET PRIMARY-VERIFIED,,,,,UNVERIFIED,2016 question-level secondary source analysis exists (BYJU's); never treated as setter-source disclosure.,Full-year inventory completed. Secondary source-analysis claims were not promoted to original-source attribution. Primary source must be dated 2016 or earlier and matched at proposition level.
UPSC-2016-GS1-Q048,2016,48,Economy,Agriculture & Rural Development,Multi-statement,3.0,False,False,False,c,NOT YET PRIMARY-VERIFIED,,,,,UNVERIFIED,2016 question-level secondary source analysis exists (BYJU's); never treated as setter-source disclosure.,Full-year inventory completed. Secondary source-analysis claims were not promoted to original-source attribution. Primary source must be dated 2016 or earlier and matched at proposition level.
UPSC-2016-GS1-Q049,2016,49,History,Early Nationalism & Indian National Congress (1885-1915),Single-answer,0.0,False,False,False,a,NOT YET PRIMARY-VERIFIED,,,,,UNVERIFIED,2016 question-level secondary source analysis exists (BYJU's); never treated as setter-source disclosure.,Full-year inventory completed. Secondary source-analysis claims were not promoted to original-source attribution. Primary source must be dated 2016 or earlier and matched at proposition level.
UPSC-2016-GS1-Q050,2016,50,Art & Culture,Philosophy & Religion,Multi-statement,3.0,False,False,False,b,NOT YET PRIMARY-VERIFIED,,,,,UNVERIFIED,2016 question-level secondary source analysis exists (BYJU's); never treated as setter-source disclosure.,Full-year inventory completed. Secondary source-analysis claims were not promoted to original-source attribution. Primary source must be dated 2016 or earlier and matched at proposition level.
UPSC-2016-GS1-Q051,2016,51,Current Affairs,International Organisations & Groupings,Single-answer,0.0,False,True,True,b,NOT YET PRIMARY-VERIFIED,,,,,UNVERIFIED,2016 question-level secondary source analysis exists (BYJU's); never treated as setter-source disclosure.,Full-year inventory completed. Secondary source-analysis claims were not promoted to original-source attribution. Primary source must be dated 2016 or earlier and matched at proposition level.
UPSC-2016-GS1-Q052,2016,52,Environment & Ecology,Environmental Governance & Legislation,Multi-statement,3.0,False,False,False,c,Globally Important Agricultural Heritage Systems (GIAHS),FAO,2002-01-01,True,https://www.fao.org/giahs/frequently-asked-questions/,PRIMARY_CANDIDATE,2016 question-level secondary source analysis exists (BYJU's); never treated as setter-source disclosure.,FAO primary page establishes GIAHS definition and origin; BYJU's explicitly attributes the question to FAO. Need archival pre-2016 page/document for exact proposition-level match.
UPSC-2016-GS1-Q053,2016,53,Environment & Ecology,Biodiversity & Conservation,Multi-statement,2.0,False,False,True,a,NOT YET PRIMARY-VERIFIED,,,,,UNVERIFIED,2016 question-level secondary source analysis exists (BYJU's); never treated as setter-source disclosure.,Full-year inventory completed. Secondary source-analysis claims were not promoted to original-source attribution. Primary source must be dated 2016 or earlier and matched at proposition level.
UPSC-2016-GS1-Q054,2016,54,Environment & Ecology,International Environmental Treaties & Summits,Multi-statement,3.0,False,False,False,d,NOT YET PRIMARY-VERIFIED,,,,,UNVERIFIED,2016 question-level secondary source analysis exists (BYJU's); never treated as setter-source disclosure.,Full-year inventory completed. Secondary source-analysis claims were not promoted to original-source attribution. Primary source must be dated 2016 or earlier and matched at proposition level.
UPSC-2016-GS1-Q055,2016,55,Environment & Ecology,Climate Change & Greenhouse Gases,Single-answer,0.0,False,False,False,a,NOT YET PRIMARY-VERIFIED,,,,,UNVERIFIED,2016 question-level secondary source analysis exists (BYJU's); never treated as setter-source disclosure.,Full-year inventory completed. Secondary source-analysis claims were not promoted to original-source attribution. Primary source must be dated 2016 or earlier and matched at proposition level.
UPSC-2016-GS1-Q056,2016,56,Economy,Banking & Financial Sector,Multi-statement,3.0,False,False,False,c,NOT YET PRIMARY-VERIFIED,,,,,UNVERIFIED,2016 question-level secondary source analysis exists (BYJU's); never treated as setter-source disclosure.,Full-year inventory completed. Secondary source-analysis claims were not promoted to original-source attribution. Primary source must be dated 2016 or earlier and matched at proposition level.
UPSC-2016-GS1-Q057,2016,57,Environment & Ecology,International Environmental Treaties & Summits,Multi-statement,2.0,False,False,True,a,NOT YET PRIMARY-VERIFIED,,,,,UNVERIFIED,2016 question-level secondary source analysis exists (BYJU's); never treated as setter-source disclosure.,Full-year inventory completed. Secondary source-analysis claims were not promoted to original-source attribution. Primary source must be dated 2016 or earlier and matched at proposition level.
UPSC-2016-GS1-Q058,2016,58,History,Social & Religious Reform Movements,Single-answer,0.0,False,False,False,c,NOT YET PRIMARY-VERIFIED,,,,,UNVERIFIED,2016 question-level secondary source analysis exists (BYJU's); never treated as setter-source disclosure.,Full-year inventory completed. Secondary source-analysis claims were not promoted to original-source attribution. Primary source must be dated 2016 or earlier and matched at proposition level.
UPSC-2016-GS1-Q059,2016,59,Science & Technology,Health & Diseases,Multi-statement,3.0,False,False,False,d,NOT YET PRIMARY-VERIFIED,,,,,UNVERIFIED,2016 question-level secondary source analysis exists (BYJU's); never treated as setter-source disclosure.,Full-year inventory completed. Secondary source-analysis claims were not promoted to original-source attribution. Primary source must be dated 2016 or earlier and matched at proposition level.
UPSC-2016-GS1-Q060,2016,60,Economy,Taxation,Single-answer,0.0,False,False,True,b,NOT YET PRIMARY-VERIFIED,,,,,UNVERIFIED,2016 question-level secondary source analysis exists (BYJU's); never treated as setter-source disclosure.,Full-year inventory completed. Secondary source-analysis claims were not promoted to original-source attribution. Primary source must be dated 2016 or earlier and matched at proposition level.
UPSC-2016-GS1-Q061,2016,61,Economy,Infrastructure & Industry,Single-answer,0.0,False,False,True,a,NOT YET PRIMARY-VERIFIED,,,,,UNVERIFIED,2016 question-level secondary source analysis exists (BYJU's); never treated as setter-source disclosure.,Full-year inventory completed. Secondary source-analysis claims were not promoted to original-source attribution. Primary source must be dated 2016 or earlier and matched at proposition level.
UPSC-2016-GS1-Q062,2016,62,Economy,Infrastructure & Industry,Single-answer,3.0,False,False,False,b,NOT YET PRIMARY-VERIFIED,,,,,UNVERIFIED,2016 question-level secondary source analysis exists (BYJU's); never treated as setter-source disclosure.,Full-year inventory completed. Secondary source-analysis claims were not promoted to original-source attribution. Primary source must be dated 2016 or earlier and matched at proposition level.
UPSC-2016-GS1-Q063,2016,63,Science & Technology,Computer & Information Technology,Single-answer,0.0,False,False,False,d,NOT YET PRIMARY-VERIFIED,,,,,UNVERIFIED,2016 question-level secondary source analysis exists (BYJU's); never treated as setter-source disclosure.,Full-year inventory completed. Secondary source-analysis claims were not promoted to original-source attribution. Primary source must be dated 2016 or earlier and matched at proposition level.
UPSC-2016-GS1-Q064,2016,64,History,Constitutional Developments & British Plans (1909-1947),Single-answer,0.0,False,False,False,d,NOT YET PRIMARY-VERIFIED,,,,,UNVERIFIED,2016 question-level secondary source analysis exists (BYJU's); never treated as setter-source disclosure.,Full-year inventory completed. Secondary source-analysis claims were not promoted to original-source attribution. Primary source must be dated 2016 or earlier and matched at proposition level.
UPSC-2016-GS1-Q65,2016,65,,,,,,,,,"Gram Nyayalayas Act, 2008","Department of Justice, Government of India",2008-01-01,True,https://doj.gov.in/,PRIMARY_CANDIDATE,2016 question-level secondary source analysis exists (BYJU's); never treated as setter-source disclosure.,BYJU's points to Department of Justice Gram Nyayalayas material; underlying Act predates 2016. Exact archived PDF retrieval still required for primary verification.
UPSC-2016-GS1-Q066,2016,66,Science & Technology,Computer & Information Technology,Multi-statement,3.0,False,False,True,b,NOT YET PRIMARY-VERIFIED,,,,,UNVERIFIED,2016 question-level secondary source analysis exists (BYJU's); never treated as setter-source disclosure.,Full-year inventory completed. Secondary source-analysis claims were not promoted to original-source attribution. Primary source must be dated 2016 or earlier and matched at proposition level.
UPSC-2016-GS1-Q067,2016,67,Economy,International Institutions & Reports,Multi-statement,2.0,False,False,False,b,NOT YET PRIMARY-VERIFIED,,,,,UNVERIFIED,2016 question-level secondary source analysis exists (BYJU's); never treated as setter-source disclosure.,Full-year inventory completed. Secondary source-analysis claims were not promoted to original-source attribution. Primary source must be dated 2016 or earlier and matched at proposition level.
UPSC-2016-GS1-Q068,2016,68,Environment & Ecology,Protected Areas & Wildlife,Single-answer,0.0,False,False,True,d,NOT YET PRIMARY-VERIFIED,,,,,UNVERIFIED,2016 question-level secondary source analysis exists (BYJU's); never treated as setter-source disclosure.,Full-year inventory completed. Secondary source-analysis claims were not promoted to original-source attribution. Primary source must be dated 2016 or earlier and matched at proposition level.
UPSC-2016-GS1-Q069,2016,69,History,Social & Religious Reform Movements,Multi-statement,3.0,False,False,False,b,NOT YET PRIMARY-VERIFIED,,,,,UNVERIFIED,2016 question-level secondary source analysis exists (BYJU's); never treated as setter-source disclosure.,Full-year inventory completed. Secondary source-analysis claims were not promoted to original-source attribution. Primary source must be dated 2016 or earlier and matched at proposition level.
UPSC-2016-GS1-Q070,2016,70,Current Affairs,International Organisations & Groupings,Single-answer,0.0,True,True,False,a,NOT YET PRIMARY-VERIFIED,,,,,UNVERIFIED,2016 question-level secondary source analysis exists (BYJU's); never treated as setter-source disclosure.,Full-year inventory completed. Secondary source-analysis claims were not promoted to original-source attribution. Primary source must be dated 2016 or earlier and matched at proposition level.
UPSC-2016-GS1-Q071,2016,71,Economy,Financial Markets & Capital Markets,Single-answer,3.0,False,False,False,c,NOT YET PRIMARY-VERIFIED,,,,,UNVERIFIED,2016 question-level secondary source analysis exists (BYJU's); never treated as setter-source disclosure.,Full-year inventory completed. Secondary source-analysis claims were not promoted to original-source attribution. Primary source must be dated 2016 or earlier and matched at proposition level.
UPSC-2016-GS1-Q072,2016,72,Current Affairs,International Relations & Treaties,Single-answer,0.0,False,True,True,d,NOT YET PRIMARY-VERIFIED,,,,,UNVERIFIED,2016 question-level secondary source analysis exists (BYJU's); never treated as setter-source disclosure.,Full-year inventory completed. Secondary source-analysis claims were not promoted to original-source attribution. Primary source must be dated 2016 or earlier and matched at proposition level.
UPSC-2016-GS1-Q073,2016,73,Economy,Digital Payments & Financial Inclusion,Single-answer,0.0,False,False,False,a,NOT YET PRIMARY-VERIFIED,,,,,UNVERIFIED,2016 question-level secondary source analysis exists (BYJU's); never treated as setter-source disclosure.,Full-year inventory completed. Secondary source-analysis claims were not promoted to original-source attribution. Primary source must be dated 2016 or earlier and matched at proposition level.
UPSC-2016-GS1-Q074,2016,74,Geography,Economic & Mineral Geography,Multi-statement,3.0,False,False,False,d,NOT YET PRIMARY-VERIFIED,,,,,UNVERIFIED,2016 question-level secondary source analysis exists (BYJU's); never treated as setter-source disclosure.,Full-year inventory completed. Secondary source-analysis claims were not promoted to original-source attribution. Primary source must be dated 2016 or earlier and matched at proposition level.
UPSC-2016-GS1-Q075,2016,75,Economy,International Institutions & Reports,Single-answer,0.0,False,False,False,b,NOT YET PRIMARY-VERIFIED,,,,,UNVERIFIED,2016 question-level secondary source analysis exists (BYJU's); never treated as setter-source disclosure.,Full-year inventory completed. Secondary source-analysis claims were not promoted to original-source attribution. Primary source must be dated 2016 or earlier and matched at proposition level.
UPSC-2016-GS1-Q076,2016,76,Economy,"Human Development, Poverty & Employment Schemes",Multi-statement,3.0,False,False,False,c,NOT YET PRIMARY-VERIFIED,,,,,UNVERIFIED,2016 question-level secondary source analysis exists (BYJU's); never treated as setter-source disclosure.,Full-year inventory completed. Secondary source-analysis claims were not promoted to original-source attribution. Primary source must be dated 2016 or earlier and matched at proposition level.
UPSC-2016-GS1-Q077,2016,77,Economy,International Trade & WTO,Single-answer,0.0,False,False,True,b,NOT YET PRIMARY-VERIFIED,,,,,UNVERIFIED,2016 question-level secondary source analysis exists (BYJU's); never treated as setter-source disclosure.,Full-year inventory completed. Secondary source-analysis claims were not promoted to original-source attribution. Primary source must be dated 2016 or earlier and matched at proposition level.
UPSC-2016-GS1-Q078,2016,78,Environment & Ecology,Renewable Energy & Green Technologies,Multi-statement,3.0,False,False,False,d,NOT YET PRIMARY-VERIFIED,,,,,UNVERIFIED,2016 question-level secondary source analysis exists (BYJU's); never treated as setter-source disclosure.,Full-year inventory completed. Secondary source-analysis claims were not promoted to original-source attribution. Primary source must be dated 2016 or earlier and matched at proposition level.
UPSC-2016-GS1-Q079,2016,79,Science & Technology,Energy & Environment,Single-answer,0.0,False,False,False,d,NOT YET PRIMARY-VERIFIED,,,,,UNVERIFIED,2016 question-level secondary source analysis exists (BYJU's); never treated as setter-source disclosure.,Full-year inventory completed. Secondary source-analysis claims were not promoted to original-source attribution. Primary source must be dated 2016 or earlier and matched at proposition level.
UPSC-2016-GS1-Q80,2016,80,,,,,,,,,Greenhouse Gas Protocol,GHG Protocol / World Resources Institute,2004-01-01,True,https://ghgprotocol.org/,PRIMARY_CANDIDATE,2016 question-level secondary source analysis exists (BYJU's); never treated as setter-source disclosure.,BYJU's identifies WRI GHG Protocol; the standard predates 2016. Exact archived page/document should be captured before upgrading to PRIMARY_VERIFIED.
UPSC-2016-GS1-Q081,2016,81,Environment & Ecology,International Environmental Treaties & Summits,Multi-statement,2.0,False,False,False,a,NOT YET PRIMARY-VERIFIED,,,,,UNVERIFIED,2016 question-level secondary source analysis exists (BYJU's); never treated as setter-source disclosure.,Full-year inventory completed. Secondary source-analysis claims were not promoted to original-source attribution. Primary source must be dated 2016 or earlier and matched at proposition level.
UPSC-2016-GS1-Q082,2016,82,Current Affairs,International Organisations & Groupings,Single-answer,0.0,False,True,True,b,NOT YET PRIMARY-VERIFIED,,,,,UNVERIFIED,2016 question-level secondary source analysis exists (BYJU's); never treated as setter-source disclosure.,Full-year inventory completed. Secondary source-analysis claims were not promoted to original-source attribution. Primary source must be dated 2016 or earlier and matched at proposition level.
UPSC-2016-GS1-Q083,2016,83,Geography,Indian Agriculture & Land Use,Multi-statement,3.0,False,False,False,a,NOT YET PRIMARY-VERIFIED,,,,,UNVERIFIED,2016 question-level secondary source analysis exists (BYJU's); never treated as setter-source disclosure.,Full-year inventory completed. Secondary source-analysis claims were not promoted to original-source attribution. Primary source must be dated 2016 or earlier and matched at proposition level.
UPSC-2016-GS1-Q084,2016,84,Science & Technology,Computer & Information Technology,Multi-statement,2.0,False,False,True,c,NOT YET PRIMARY-VERIFIED,,,,,UNVERIFIED,2016 question-level secondary source analysis exists (BYJU's); never treated as setter-source disclosure.,Full-year inventory completed. Secondary source-analysis claims were not promoted to original-source attribution. Primary source must be dated 2016 or earlier and matched at proposition level.
UPSC-2016-GS1-Q085,2016,85,Geography,Indian Rivers & Water Resources,Single-answer,0.0,False,False,True,b,NOT YET PRIMARY-VERIFIED,,,,,UNVERIFIED,2016 question-level secondary source analysis exists (BYJU's); never treated as setter-source disclosure.,Full-year inventory completed. Secondary source-analysis claims were not promoted to original-source attribution. Primary source must be dated 2016 or earlier and matched at proposition level.
UPSC-2016-GS1-Q086,2016,86,Environment & Ecology,Pollution & Waste Management,Single-answer,5.0,False,False,False,b,NOT YET PRIMARY-VERIFIED,,,,,UNVERIFIED,2016 question-level secondary source analysis exists (BYJU's); never treated as setter-source disclosure.,Full-year inventory completed. Secondary source-analysis claims were not promoted to original-source attribution. Primary source must be dated 2016 or earlier and matched at proposition level.
UPSC-2016-GS1-Q087,2016,87,Science & Technology,Space Technology & Astronomy,Multi-statement,2.0,False,False,False,d,NOT YET PRIMARY-VERIFIED,,,,,UNVERIFIED,2016 question-level secondary source analysis exists (BYJU's); never treated as setter-source disclosure.,Full-year inventory completed. Secondary source-analysis claims were not promoted to original-source attribution. Primary source must be dated 2016 or earlier and matched at proposition level.
UPSC-2016-GS1-Q088,2016,88,History,Medieval Administration & Socio-Economic Institutions,Single-answer,0.0,False,False,False,c,NOT YET PRIMARY-VERIFIED,,,,,UNVERIFIED,2016 question-level secondary source analysis exists (BYJU's); never treated as setter-source disclosure.,Full-year inventory completed. Secondary source-analysis claims were not promoted to original-source attribution. Primary source must be dated 2016 or earlier and matched at proposition level.
UPSC-2016-GS1-Q089,2016,89,Art & Culture,"Festivals, Crafts & Folk Traditions",Single-answer,0.0,False,False,False,b,NOT YET PRIMARY-VERIFIED,,,,,UNVERIFIED,2016 question-level secondary source analysis exists (BYJU's); never treated as setter-source disclosure.,Full-year inventory completed. Secondary source-analysis claims were not promoted to original-source attribution. Primary source must be dated 2016 or earlier and matched at proposition level.
UPSC-2016-GS1-Q090,2016,90,Environment & Ecology,Biodiversity & Conservation,Single-answer,0.0,False,False,True,d,NOT YET PRIMARY-VERIFIED,,,,,UNVERIFIED,2016 question-level secondary source analysis exists (BYJU's); never treated as setter-source disclosure.,Full-year inventory completed. Secondary source-analysis claims were not promoted to original-source attribution. Primary source must be dated 2016 or earlier and matched at proposition level.
UPSC-2016-GS1-Q091,2016,91,Science & Technology,Space Technology & Astronomy,Multi-statement,3.0,False,False,False,c,NOT YET PRIMARY-VERIFIED,,,,,UNVERIFIED,2016 question-level secondary source analysis exists (BYJU's); never treated as setter-source disclosure.,Full-year inventory completed. Secondary source-analysis claims were not promoted to original-source attribution. Primary source must be dated 2016 or earlier and matched at proposition level.
UPSC-2016-GS1-Q092,2016,92,History,Early Nationalism & Indian National Congress (1885-1915),Single-answer,0.0,False,False,False,b,NOT YET PRIMARY-VERIFIED,,,,,UNVERIFIED,2016 question-level secondary source analysis exists (BYJU's); never treated as setter-source disclosure.,Full-year inventory completed. Secondary source-analysis claims were not promoted to original-source attribution. Primary source must be dated 2016 or earlier and matched at proposition level.
UPSC-2016-GS1-Q093,2016,93,History,Constitutional Developments & British Plans (1909-1947),Single-answer,0.0,False,False,False,d,NOT YET PRIMARY-VERIFIED,,,,,UNVERIFIED,2016 question-level secondary source analysis exists (BYJU's); never treated as setter-source disclosure.,Full-year inventory completed. Secondary source-analysis claims were not promoted to original-source attribution. Primary source must be dated 2016 or earlier and matched at proposition level.
UPSC-2016-GS1-Q094,2016,94,Geography,Indian Physical Geography,Match/Pair,5.0,False,False,False,c,NOT YET PRIMARY-VERIFIED,,,,,UNVERIFIED,2016 question-level secondary source analysis exists (BYJU's); never treated as setter-source disclosure.,Full-year inventory completed. Secondary source-analysis claims were not promoted to original-source attribution. Primary source must be dated 2016 or earlier and matched at proposition level.
UPSC-2016-GS1-Q095,2016,95,Polity & Governance,Federalism & Centre–State Relations,Single-answer,0.0,False,False,False,d,NOT YET PRIMARY-VERIFIED,,,,,UNVERIFIED,2016 question-level secondary source analysis exists (BYJU's); never treated as setter-source disclosure.,Full-year inventory completed. Secondary source-analysis claims were not promoted to original-source attribution. Primary source must be dated 2016 or earlier and matched at proposition level.
UPSC-2016-GS1-Q096,2016,96,Geography,Transport & Infrastructure Geography,Single-answer,0.0,False,False,True,d,NOT YET PRIMARY-VERIFIED,,,,,UNVERIFIED,2016 question-level secondary source analysis exists (BYJU's); never treated as setter-source disclosure.,Full-year inventory completed. Secondary source-analysis claims were not promoted to original-source attribution. Primary source must be dated 2016 or earlier and matched at proposition level.
UPSC-2016-GS1-Q097,2016,97,Environment & Ecology,International Environmental Treaties & Summits,Multi-statement,3.0,True,False,False,b,NOT YET PRIMARY-VERIFIED,,,,,UNVERIFIED,2016 question-level secondary source analysis exists (BYJU's); never treated as setter-source disclosure.,Full-year inventory completed. Secondary source-analysis claims were not promoted to original-source attribution. Primary source must be dated 2016 or earlier and matched at proposition level.
UPSC-2016-GS1-Q098,2016,98,Environment & Ecology,International Environmental Treaties & Summits,Multi-statement,2.0,False,False,False,b,NOT YET PRIMARY-VERIFIED,,,,,UNVERIFIED,2016 question-level secondary source analysis exists (BYJU's); never treated as setter-source disclosure.,Full-year inventory completed. Secondary source-analysis claims were not promoted to original-source attribution. Primary source must be dated 2016 or earlier and matched at proposition level.
UPSC-2016-GS1-Q099,2016,99,Art & Culture,Theatre & Cinema,Single-answer,0.0,False,False,False,a,NOT YET PRIMARY-VERIFIED,,,,,UNVERIFIED,2016 question-level secondary source analysis exists (BYJU's); never treated as setter-source disclosure.,Full-year inventory completed. Secondary source-analysis claims were not promoted to original-source attribution. Primary source must be dated 2016 or earlier and matched at proposition level.
UPSC-2016-GS1-Q100,2016,100,Polity & Governance,Local Government & Panchayati Raj,Multi-statement,2.0,False,False,False,b,"Global Financial Stability Report, April 2015",International Monetary Fund,2015-04-15,True,https://www.imf.org/en/publications/gfsr/issues/2016/12/31/global-financial-stability-report-april-2015-navigating-monetary-policy-challenges-and-42422,PRIMARY_VERIFIED,2016 question-level secondary source analysis exists (BYJU's); never treated as setter-source disclosure.,IMF primary publication dated 15 Apr 2015; the report identifies the IMF as publisher/authoring institution and directly supports the report identity. Setter-source attribution remains unproven.
