question_id,year,qnum,subject,subtopic,format,statement_count,negative_stem,explicit_current_affairs_tag,news_cue,stem_word_count,option_count,answer,answer_valid,cancelled,data_quality_flags,research_source_family_candidate,primary_source,primary_source_date,primary_source_url,secondary_source_claim,verification_status,proposition_verified,chronology_check,source_confidence,notes
UPSC-2017-GS1-Q001,2017,1,Polity & Governance,Parliament & State Legislatures,Multi-statement,2,True,False,True,68,4,d,True,False,,Constitution/Act/Rules/official government institutional source,,,,,UNVERIFIED,NO,PENDING,PENDING,No primary-source attribution entered without proposition-level verification.
UPSC-2017-GS1-Q002,2017,2,History,Vedic Period,Multi-statement,3,True,False,False,99,4,c,True,False,,NCERT/ASI/Ministry of Culture/official archival or primary historical source,,,,,UNVERIFIED,NO,PENDING,PENDING,No primary-source attribution entered without proposition-level verification.
UPSC-2017-GS1-Q003,2017,3,Economy,"Human Development, Poverty & Employment Schemes",Single-answer,0,False,False,True,14,4,a,True,False,,RBI/Ministry of Finance/Budget/Economic Survey/official institutional source,,,,,UNVERIFIED,NO,PENDING,PENDING,No primary-source attribution entered without proposition-level verification.
UPSC-2017-GS1-Q004,2017,4,Environment & Ecology,Protected Areas & Wildlife,Single-answer,0,False,False,False,27,4,a,True,False,,MoEFCC/official treaty convention/UN body/official environmental source,,,,,UNVERIFIED,NO,PENDING,PENDING,No primary-source attribution entered without proposition-level verification.
UPSC-2017-GS1-Q005,2017,5,Polity & Governance,Political Theory,Single-answer,0,False,False,False,12,4,a,True,False,,Constitution/Act/Rules/official government institutional source,,,,,UNVERIFIED,NO,PENDING,PENDING,No primary-source attribution entered without proposition-level verification.
UPSC-2017-GS1-Q006,2017,6,Environment & Ecology,Biodiversity & Conservation,Multi-statement,2,True,False,False,61,4,b,True,False,,MoEFCC/official treaty convention/UN body/official environmental source,,,,,UNVERIFIED,NO,PENDING,PENDING,No primary-source attribution entered without proposition-level verification.
UPSC-2017-GS1-Q007,2017,7,Polity & Governance,Parliament & State Legislatures,Single-answer,0,False,False,False,22,4,b,True,False,,Constitution/Act/Rules/official government institutional source,,,,,UNVERIFIED,NO,PENDING,PENDING,No primary-source attribution entered without proposition-level verification.
UPSC-2017-GS1-Q008,2017,8,History,Vedic Period,Single-answer,0,False,False,False,9,4,c,True,False,,NCERT/ASI/Ministry of Culture/official archival or primary historical source,,,,,UNVERIFIED,NO,PENDING,PENDING,No primary-source attribution entered without proposition-level verification.
UPSC-2017-GS1-Q009,2017,9,Economy,"Human Development, Poverty & Employment Schemes",Single-answer,0,False,False,False,17,4,a,True,False,,RBI/Ministry of Finance/Budget/Economic Survey/official institutional source,,,,,UNVERIFIED,NO,PENDING,PENDING,No primary-source attribution entered without proposition-level verification.
UPSC-2017-GS1-Q010,2017,10,Environment & Ecology,Protected Areas & Wildlife,Multi-statement,3,False,False,False,83,4,b,True,False,,MoEFCC/official treaty convention/UN body/official environmental source,,,,,UNVERIFIED,NO,PENDING,PENDING,No primary-source attribution entered without proposition-level verification.
UPSC-2017-GS1-Q011,2017,11,Economy,Banking and Finance,Multi-statement,3,False,False,False,59,4,a,True,False,,RBI/Ministry of Finance/Budget/Economic Survey/official institutional source,,,,,UNVERIFIED,NO,PENDING,PENDING,No primary-source attribution entered without proposition-level verification.
UPSC-2017-GS1-Q012,2017,12,Environment & Ecology,International Environmental Treaties & Summits,Multi-statement,3,False,False,False,51,4,b,True,False,,MoEFCC/official treaty convention/UN body/official environmental source,,,,,UNVERIFIED,NO,PENDING,PENDING,No primary-source attribution entered without proposition-level verification.
UPSC-2017-GS1-Q013,2017,13,Polity & Governance,Directive Principles Of State Policy,Single-answer,3,False,False,False,38,4,c,True,False,,Constitution/Act/Rules/official government institutional source,,,,,UNVERIFIED,NO,PENDING,PENDING,No primary-source attribution entered without proposition-level verification.
UPSC-2017-GS1-Q014,2017,14,Polity & Governance,Political Theory & Concepts,Single-answer,3,False,False,False,78,4,c,True,False,,Constitution/Act/Rules/official government institutional source,,,,,UNVERIFIED,NO,PENDING,PENDING,No primary-source attribution entered without proposition-level verification.
UPSC-2017-GS1-Q015,2017,15,Economy,"Human Development, Poverty & Employment Schemes",Single-answer,0,False,False,False,8,4,d,True,False,,RBI/Ministry of Finance/Budget/Economic Survey/official institutional source,,,,,UNVERIFIED,NO,PENDING,PENDING,No primary-source attribution entered without proposition-level verification.
UPSC-2017-GS1-Q016,2017,16,Polity & Governance,Local Government,Single-answer,0,False,False,False,10,4,b,True,False,,Constitution/Act/Rules/official government institutional source,,,,,UNVERIFIED,NO,PENDING,PENDING,No primary-source attribution entered without proposition-level verification.
UPSC-2017-GS1-Q017,2017,17,Economy,Monetary Policy & Money Supply,Multi-statement,2,False,False,False,35,4,d,True,False,,RBI/Ministry of Finance/Budget/Economic Survey/official institutional source,,,,,UNVERIFIED,NO,PENDING,PENDING,No primary-source attribution entered without proposition-level verification.
UPSC-2017-GS1-Q018,2017,18,Art & Culture,Music,Single-answer,0,False,False,True,12,4,c,True,False,,NCERT/ASI/Ministry of Culture/official archival or primary historical source,,,,,UNVERIFIED,NO,PENDING,PENDING,No primary-source attribution entered without proposition-level verification.
UPSC-2017-GS1-Q019,2017,19,History,Early Nationalism & Indian National Congress (1885-1915),Single-answer,0,False,False,False,60,4,c,True,False,,NCERT/ASI/Ministry of Culture/official archival or primary historical source,,,,,UNVERIFIED,NO,PENDING,PENDING,No primary-source attribution entered without proposition-level verification.
UPSC-2017-GS1-Q020,2017,20,Economy,Fiscal Policy & Budget,Multi-statement,3,True,False,False,78,4,b,True,False,,RBI/Ministry of Finance/Budget/Economic Survey/official institutional source,,,,,UNVERIFIED,NO,PENDING,PENDING,No primary-source attribution entered without proposition-level verification.
UPSC-2017-GS1-Q021,2017,21,Environment & Ecology,Ecosystems & Ecology Concepts,Single-answer,3,False,False,False,76,4,c,True,False,,MoEFCC/official treaty convention/UN body/official environmental source,,,,,UNVERIFIED,NO,PENDING,PENDING,No primary-source attribution entered without proposition-level verification.
UPSC-2017-GS1-Q022,2017,22,Science & Technology,Energy & Environment,Single-answer,3,True,False,False,86,4,b,True,False,,concerned ministry/department/official scientific or international body,,,,,UNVERIFIED,NO,PENDING,PENDING,No primary-source attribution entered without proposition-level verification.
UPSC-2017-GS1-Q023,2017,23,Current Affairs,Indian Government Schemes & Initiatives,Multi-statement,4,False,True,False,69,4,a,True,False,,official organisation/government release/treaty document,,,,,UNVERIFIED,NO,PENDING,PENDING,No primary-source attribution entered without proposition-level verification.
UPSC-2017-GS1-Q024,2017,24,History,"Peasant, Tribal & Labour Movements",Multi-statement,2,False,False,False,53,4,b,True,False,,NCERT/ASI/Ministry of Culture/official archival or primary historical source,,,,,UNVERIFIED,NO,PENDING,PENDING,No primary-source attribution entered without proposition-level verification.
UPSC-2017-GS1-Q025,2017,25,Environment & Ecology,Climate Change & Greenhouse Gases,Multi-statement,3,False,False,False,56,4,d,True,False,,MoEFCC/official treaty convention/UN body/official environmental source,,,,,UNVERIFIED,NO,PENDING,PENDING,No primary-source attribution entered without proposition-level verification.
UPSC-2017-GS1-Q026,2017,26,History,Constitutional Developments & British Plans (1909-1947),Single-answer,0,False,False,False,10,4,d,True,False,,Constitution/Act/Rules/official government institutional source,,,,,UNVERIFIED,NO,PENDING,PENDING,No primary-source attribution entered without proposition-level verification.
UPSC-2017-GS1-Q027,2017,27,Economy,Infrastructure & Industry,Single-answer,0,False,False,True,14,4,a,True,False,,RBI/Ministry of Finance/Budget/Economic Survey/official institutional source,,,,,UNVERIFIED,NO,PENDING,PENDING,No primary-source attribution entered without proposition-level verification.
UPSC-2017-GS1-Q028,2017,28,Science & Technology,Energy & Environment,Multi-statement,2,False,False,False,44,4,d,True,False,,concerned ministry/department/official scientific or international body,,,,,UNVERIFIED,NO,PENDING,PENDING,No primary-source attribution entered without proposition-level verification.
UPSC-2017-GS1-Q029,2017,29,Economy,"Human Development, Poverty & Employment Schemes",Single-answer,0,False,False,False,12,4,c,True,False,,RBI/Ministry of Finance/Budget/Economic Survey/official institutional source,,,,,UNVERIFIED,NO,PENDING,PENDING,No primary-source attribution entered without proposition-level verification.
UPSC-2017-GS1-Q030,2017,30,Geography,Indian Rivers & Water Resources,Multi-statement,3,False,False,False,66,4,b,True,False,,Survey of India/IMD/official atlas or international scientific body,,,,,UNVERIFIED,NO,PENDING,PENDING,No primary-source attribution entered without proposition-level verification.
UPSC-2017-GS1-Q031,2017,31,Science & Technology,Health & Diseases,Multi-statement,2,False,False,False,39,4,c,True,False,,concerned ministry/department/official scientific or international body,,,,,UNVERIFIED,NO,PENDING,PENDING,No primary-source attribution entered without proposition-level verification.
UPSC-2017-GS1-Q032,2017,32,Economy,Agriculture & Rural Development,Multi-statement,2,False,False,False,46,4,a,True,False,,RBI/Ministry of Finance/Budget/Economic Survey/official institutional source,,,,,UNVERIFIED,NO,PENDING,PENDING,No primary-source attribution entered without proposition-level verification.
UPSC-2017-GS1-Q033,2017,33,Economy,Agriculture & Rural Development,Single-answer,2,False,False,False,51,4,c,True,False,,RBI/Ministry of Finance/Budget/Economic Survey/official institutional source,,,,,UNVERIFIED,NO,PENDING,PENDING,No primary-source attribution entered without proposition-level verification.
UPSC-2017-GS1-Q034,2017,34,Economy,International Trade & WTO,Multi-statement,2,False,False,False,54,4,c,True,False,,RBI/Ministry of Finance/Budget/Economic Survey/official institutional source,,,,,UNVERIFIED,NO,PENDING,PENDING,No primary-source attribution entered without proposition-level verification.
UPSC-2017-GS1-Q035,2017,35,Environment & Ecology,Environmental Governance & Legislation,Multi-statement,3,True,False,False,45,4,d,True,False,,MoEFCC/official treaty convention/UN body/official environmental source,,,,,UNVERIFIED,NO,PENDING,PENDING,No primary-source attribution entered without proposition-level verification.
UPSC-2017-GS1-Q036,2017,36,Polity & Governance,Fundamental Duties,Multi-statement,2,False,False,False,44,4,d,True,False,,Constitution/Act/Rules/official government institutional source,,,,,UNVERIFIED,NO,PENDING,PENDING,No primary-source attribution entered without proposition-level verification.
UPSC-2017-GS1-Q037,2017,37,History,Early Nationalism & Indian National Congress (1885-1915),Match/Pair,3,False,False,False,45,4,b,True,False,,NCERT/ASI/Ministry of Culture/official archival or primary historical source,,,,,UNVERIFIED,NO,PENDING,PENDING,No primary-source attribution entered without proposition-level verification.
UPSC-2017-GS1-Q038,2017,38,Polity & Governance,Constitutional Framework & Development,Single-answer,0,True,False,False,18,4,b,True,False,,Constitution/Act/Rules/official government institutional source,,,,,UNVERIFIED,NO,PENDING,PENDING,No primary-source attribution entered without proposition-level verification.
UPSC-2017-GS1-Q039,2017,39,Economy,International Institutions & Reports,Multi-statement,2,False,False,False,55,4,c,True,False,,RBI/Ministry of Finance/Budget/Economic Survey/official institutional source,,,,,UNVERIFIED,NO,PENDING,PENDING,No primary-source attribution entered without proposition-level verification.
UPSC-2017-GS1-Q040,2017,40,Economy,Digital Payments & Financial Inclusion,Single-answer,3,False,False,False,55,4,a,True,False,,RBI/Ministry of Finance/Budget/Economic Survey/official institutional source,,,,,UNVERIFIED,NO,PENDING,PENDING,No primary-source attribution entered without proposition-level verification.
UPSC-2017-GS1-Q041,2017,41,Economy,International Institutions & Reports,Multi-statement,2,False,False,False,64,4,d,True,False,,RBI/Ministry of Finance/Budget/Economic Survey/official institutional source,,,,,UNVERIFIED,NO,PENDING,PENDING,No primary-source attribution entered without proposition-level verification.
UPSC-2017-GS1-Q042,2017,42,Polity & Governance,Political Theory & Concepts,Single-answer,0,False,False,False,12,4,a,True,False,,Constitution/Act/Rules/official government institutional source,,,,,UNVERIFIED,NO,PENDING,PENDING,No primary-source attribution entered without proposition-level verification.
UPSC-2017-GS1-Q043,2017,43,Economy,Digital Payments & Financial Inclusion,Single-answer,0,False,False,False,17,4,a,True,False,,RBI/Ministry of Finance/Budget/Economic Survey/official institutional source,,,,,UNVERIFIED,NO,PENDING,PENDING,No primary-source attribution entered without proposition-level verification.
UPSC-2017-GS1-Q044,2017,44,Science & Technology,Space Technology & Astronomy,Single-answer,0,False,False,True,20,4,a,True,False,,concerned ministry/department/official scientific or international body,,,,,UNVERIFIED,NO,PENDING,PENDING,No primary-source attribution entered without proposition-level verification.
UPSC-2017-GS1-Q045,2017,45,Science & Technology,Biotechnology & Genetics,Single-answer,3,False,False,True,83,4,d,True,False,,concerned ministry/department/official scientific or international body,,,,,UNVERIFIED,NO,PENDING,PENDING,No primary-source attribution entered without proposition-level verification.
UPSC-2017-GS1-Q046,2017,46,Polity & Governance,Parliament & State Legislatures,Single-answer,0,False,False,False,11,4,c,True,False,,Constitution/Act/Rules/official government institutional source,,,,,UNVERIFIED,NO,PENDING,PENDING,No primary-source attribution entered without proposition-level verification.
UPSC-2017-GS1-Q047,2017,47,Polity & Governance,Political Theory & Concepts,Single-answer,0,False,False,False,19,4,a,True,False,,Constitution/Act/Rules/official government institutional source,,,,,UNVERIFIED,NO,PENDING,PENDING,No primary-source attribution entered without proposition-level verification.
UPSC-2017-GS1-Q048,2017,48,Polity & Governance,Constitutional Framework & Development,Single-answer,0,False,False,False,18,4,a,True,False,,Constitution/Act/Rules/official government institutional source,,,,,UNVERIFIED,NO,PENDING,PENDING,No primary-source attribution entered without proposition-level verification.
UPSC-2017-GS1-Q049,2017,49,Geography,Transport & Infrastructure Geography,Single-answer,0,False,False,False,30,4,b,True,False,,Survey of India/IMD/official atlas or international scientific body,,,,,UNVERIFIED,NO,PENDING,PENDING,No primary-source attribution entered without proposition-level verification.
UPSC-2017-GS1-Q050,2017,50,Polity & Governance,Parliament & State Legislatures,Single-answer,3,False,False,False,34,4,d,True,False,,Constitution/Act/Rules/official government institutional source,,,,,UNVERIFIED,NO,PENDING,PENDING,No primary-source attribution entered without proposition-level verification.
UPSC-2017-GS1-Q051,2017,51,History,South Indian Dynasties,Single-answer,0,False,False,False,15,4,b,True,False,,NCERT/ASI/Ministry of Culture/official archival or primary historical source,,,,,UNVERIFIED,NO,PENDING,PENDING,No primary-source attribution entered without proposition-level verification.
UPSC-2017-GS1-Q052,2017,52,Environment & Ecology,International Environmental Treaties & Summits,Multi-statement,3,False,False,False,71,4,a,True,False,,MoEFCC/official treaty convention/UN body/official environmental source,,,,,UNVERIFIED,NO,PENDING,PENDING,No primary-source attribution entered without proposition-level verification.
UPSC-2017-GS1-Q053,2017,53,History,Buddhism & Jainism,Multi-statement,2,True,False,False,50,4,b,True,False,,NCERT/ASI/Ministry of Culture/official archival or primary historical source,,,,,UNVERIFIED,NO,PENDING,PENDING,No primary-source attribution entered without proposition-level verification.
UPSC-2017-GS1-Q054,2017,54,Geography,World Political Geography & Borders,Multi-statement,4,False,False,False,30,4,c,True,False,,Survey of India/IMD/official atlas or international scientific body,,,,,UNVERIFIED,NO,PENDING,PENDING,No primary-source attribution entered without proposition-level verification.
UPSC-2017-GS1-Q055,2017,55,Economy,Infrastructure & Industry,Multi-statement,2,False,False,False,45,4,d,True,False,,RBI/Ministry of Finance/Budget/Economic Survey/official institutional source,,,,,UNVERIFIED,NO,PENDING,PENDING,No primary-source attribution entered without proposition-level verification.
UPSC-2017-GS1-Q056,2017,56,Economy,International Institutions & Reports,Single-answer,0,False,False,False,6,4,b,True,False,,RBI/Ministry of Finance/Budget/Economic Survey/official institutional source,,,,,UNVERIFIED,NO,PENDING,PENDING,No primary-source attribution entered without proposition-level verification.
UPSC-2017-GS1-Q057,2017,57,Polity & Governance,Elections & Electoral Reforms,Single-answer,0,False,False,False,13,4,c,True,False,,Constitution/Act/Rules/official government institutional source,,,,,UNVERIFIED,NO,PENDING,PENDING,No primary-source attribution entered without proposition-level verification.
UPSC-2017-GS1-Q058,2017,58,Geography,Indian Physical Geography,Multi-statement,3,False,False,False,43,4,b,True,False,,Survey of India/IMD/official atlas or international scientific body,,,,,UNVERIFIED,NO,PENDING,PENDING,No primary-source attribution entered without proposition-level verification.
UPSC-2017-GS1-Q059,2017,59,Environment & Ecology,Pollution,Single-answer,0,False,False,False,9,4,c,True,False,,MoEFCC/official treaty convention/UN body/official environmental source,,,,,UNVERIFIED,NO,PENDING,PENDING,No primary-source attribution entered without proposition-level verification.
UPSC-2017-GS1-Q060,2017,60,Environment & Ecology,International Environmental Treaties & Summits,Multi-statement,3,False,False,False,98,4,b,True,False,,MoEFCC/official treaty convention/UN body/official environmental source,,,,,UNVERIFIED,NO,PENDING,PENDING,No primary-source attribution entered without proposition-level verification.
UPSC-2017-GS1-Q061,2017,61,Economy,"Human Development, Poverty & Employment Schemes",Multi-statement,2,False,False,False,59,4,b,True,False,,RBI/Ministry of Finance/Budget/Economic Survey/official institutional source,,,,,UNVERIFIED,NO,PENDING,PENDING,No primary-source attribution entered without proposition-level verification.
UPSC-2017-GS1-Q062,2017,62,History,Constitutional Developments & British Plans (1909-1947),Single-answer,0,False,False,False,13,4,d,True,False,,Constitution/Act/Rules/official government institutional source,,,,,UNVERIFIED,NO,PENDING,PENDING,No primary-source attribution entered without proposition-level verification.
UPSC-2017-GS1-Q063,2017,63,Economy,"Human Development, Poverty & Employment Schemes",Multi-statement,2,False,False,False,57,4,d,True,False,,RBI/Ministry of Finance/Budget/Economic Survey/official institutional source,,,,,UNVERIFIED,NO,PENDING,PENDING,No primary-source attribution entered without proposition-level verification.
UPSC-2017-GS1-Q064,2017,64,Economy,Banking & Financial Sector,Single-answer,0,False,False,True,23,4,b,True,False,,RBI/Ministry of Finance/Budget/Economic Survey/official institutional source,,,,,UNVERIFIED,NO,PENDING,PENDING,No primary-source attribution entered without proposition-level verification.
UPSC-2017-GS1-Q065,2017,65,Environment & Ecology,Climate Change & Greenhouse Gases,Multi-statement,2,False,False,False,46,4,b,True,False,,MoEFCC/official treaty convention/UN body/official environmental source,,,,,UNVERIFIED,NO,PENDING,PENDING,No primary-source attribution entered without proposition-level verification.
UPSC-2017-GS1-Q066,2017,66,Geography,Atmosphere & Climatology,Multi-statement,2,False,False,True,69,4,b,True,False,,Survey of India/IMD/official atlas or international scientific body,,,,,UNVERIFIED,NO,PENDING,PENDING,No primary-source attribution entered without proposition-level verification.
UPSC-2017-GS1-Q067,2017,67,Environment & Ecology,Protected Areas & Wildlife,Single-answer,0,False,False,False,22,4,b,True,False,,MoEFCC/official treaty convention/UN body/official environmental source,,,,,UNVERIFIED,NO,PENDING,PENDING,No primary-source attribution entered without proposition-level verification.
UPSC-2017-GS1-Q068,2017,68,Current Affairs,International Organisations & Groupings,Multi-statement,2,False,True,False,59,4,b,True,False,,official organisation/government release/treaty document,,,,,UNVERIFIED,NO,PENDING,PENDING,No primary-source attribution entered without proposition-level verification.
UPSC-2017-GS1-Q069,2017,69,Art & Culture,Painting & Visual Arts,Single-answer,0,False,False,False,15,4,a,True,False,,NCERT/ASI/Ministry of Culture/official archival or primary historical source,,,,,UNVERIFIED,NO,PENDING,PENDING,No primary-source attribution entered without proposition-level verification.
UPSC-2017-GS1-Q070,2017,70,Art & Culture,"Festivals, Crafts & Folk Traditions",Match/Pair,3,False,False,False,34,4,a,True,False,,NCERT/ASI/Ministry of Culture/official archival or primary historical source,,,,,UNVERIFIED,NO,PENDING,PENDING,No primary-source attribution entered without proposition-level verification.
UPSC-2017-GS1-Q071,2017,71,Environment & Ecology,Sustainable Agriculture & Forestry,Multi-statement,3,False,False,False,47,4,c,True,False,,MoEFCC/official treaty convention/UN body/official environmental source,,,,,UNVERIFIED,NO,PENDING,PENDING,No primary-source attribution entered without proposition-level verification.
UPSC-2017-GS1-Q072,2017,72,Economy,Agriculture & Rural Development,Multi-statement,3,False,False,False,57,4,b,True,False,,RBI/Ministry of Finance/Budget/Economic Survey/official institutional source,,,,,UNVERIFIED,NO,PENDING,PENDING,No primary-source attribution entered without proposition-level verification.
UPSC-2017-GS1-Q073,2017,73,Science & Technology,Health & Diseases,Match/Pair,3,False,False,False,48,4,d,True,False,,concerned ministry/department/official scientific or international body,,,,,UNVERIFIED,NO,PENDING,PENDING,No primary-source attribution entered without proposition-level verification.
UPSC-2017-GS1-Q074,2017,74,Science & Technology,Computer & Information Technology,Single-answer,3,False,False,False,64,4,c,True,False,,concerned ministry/department/official scientific or international body,,,,,UNVERIFIED,NO,PENDING,PENDING,No primary-source attribution entered without proposition-level verification.
UPSC-2017-GS1-Q075,2017,75,Art & Culture,Architecture & World Heritage,Multi-statement,3,False,False,False,26,4,a,True,False,,NCERT/ASI/Ministry of Culture/official archival or primary historical source,,,,,UNVERIFIED,NO,PENDING,PENDING,No primary-source attribution entered without proposition-level verification.
UPSC-2017-GS1-Q076,2017,76,Polity & Governance,Parliament & State Legislatures,Multi-statement,2,True,False,False,71,4,d,True,False,,Constitution/Act/Rules/official government institutional source,,,,,UNVERIFIED,NO,PENDING,PENDING,No primary-source attribution entered without proposition-level verification.
UPSC-2017-GS1-Q077,2017,77,Economy,Economic Planning & Five-Year Plans,Multi-statement,4,False,False,False,55,4,b,True,False,,RBI/Ministry of Finance/Budget/Economic Survey/official institutional source,,,,,UNVERIFIED,NO,PENDING,PENDING,No primary-source attribution entered without proposition-level verification.
UPSC-2017-GS1-Q078,2017,78,Science & Technology,Biotechnology & Genetics,Single-answer,0,False,False,False,11,4,c,True,False,,concerned ministry/department/official scientific or international body,,,,,UNVERIFIED,NO,PENDING,PENDING,No primary-source attribution entered without proposition-level verification.
UPSC-2017-GS1-Q079,2017,79,Economy,Digital Payments & Financial Inclusion,Multi-statement,2,False,False,False,39,4,c,True,False,,RBI/Ministry of Finance/Budget/Economic Survey/official institutional source,,,,,UNVERIFIED,NO,PENDING,PENDING,No primary-source attribution entered without proposition-level verification.
UPSC-2017-GS1-Q080,2017,80,Environment & Ecology,Protected Areas & Wildlife,Single-answer,0,False,False,True,13,4,b,True,False,,MoEFCC/official treaty convention/UN body/official environmental source,,,,,UNVERIFIED,NO,PENDING,PENDING,No primary-source attribution entered without proposition-level verification.
UPSC-2017-GS1-Q081,2017,81,Economy,Taxation,Single-answer,3,False,False,False,88,4,a,True,False,,RBI/Ministry of Finance/Budget/Economic Survey/official institutional source,,,,,UNVERIFIED,NO,PENDING,PENDING,No primary-source attribution entered without proposition-level verification.
UPSC-2017-GS1-Q082,2017,82,Current Affairs,International Relations & Treaties,Single-answer,0,False,True,True,21,4,a,True,False,,official organisation/government release/treaty document,,,,,UNVERIFIED,NO,PENDING,PENDING,No primary-source attribution entered without proposition-level verification.
UPSC-2017-GS1-Q083,2017,83,Economy,International Trade,Multi-statement,3,False,False,False,45,4,a,True,False,,RBI/Ministry of Finance/Budget/Economic Survey/official institutional source,,,,,UNVERIFIED,NO,PENDING,PENDING,No primary-source attribution entered without proposition-level verification.
UPSC-2017-GS1-Q084,2017,84,International Relations,Foreign Policy,Single-answer,0,False,False,False,11,4,c,True,False,,official organisation/government release/treaty document,,,,,UNVERIFIED,NO,PENDING,PENDING,No primary-source attribution entered without proposition-level verification.
UPSC-2017-GS1-Q085,2017,85,Science & Technology,Computer & Information Technology,Multi-statement,3,False,False,False,37,4,d,True,False,,concerned ministry/department/official scientific or international body,,,,,UNVERIFIED,NO,PENDING,PENDING,No primary-source attribution entered without proposition-level verification.
UPSC-2017-GS1-Q086,2017,86,Polity & Governance,Elections & Electoral Reforms,Single-answer,0,False,False,False,11,4,c,True,False,,Constitution/Act/Rules/official government institutional source,,,,,UNVERIFIED,NO,PENDING,PENDING,No primary-source attribution entered without proposition-level verification.
UPSC-2017-GS1-Q087,2017,87,Science & Technology,Space Technology & Astronomy,Single-answer,0,False,False,False,13,4,b,True,False,,concerned ministry/department/official scientific or international body,,,,,UNVERIFIED,NO,PENDING,PENDING,No primary-source attribution entered without proposition-level verification.
UPSC-2017-GS1-Q088,2017,88,Current Affairs,Indian Government Schemes & Initiatives,Single-answer,3,False,True,False,76,4,a,True,False,,official organisation/government release/treaty document,,,,,UNVERIFIED,NO,PENDING,PENDING,No primary-source attribution entered without proposition-level verification.
UPSC-2017-GS1-Q089,2017,89,Current Affairs,Indian Government Schemes & Initiatives,Single-answer,0,False,True,False,11,4,b,True,False,,official organisation/government release/treaty document,,,,,UNVERIFIED,NO,PENDING,PENDING,No primary-source attribution entered without proposition-level verification.
UPSC-2017-GS1-Q090,2017,90,Polity & Governance,Elections & Electoral Reforms,Multi-statement,3,False,False,False,56,4,d,True,False,,Constitution/Act/Rules/official government institutional source,,,,,UNVERIFIED,NO,PENDING,PENDING,No primary-source attribution entered without proposition-level verification.
UPSC-2017-GS1-Q091,2017,91,Environment & Ecology,Environmental Governance & Legislation,Single-answer,0,False,False,False,24,4,a,True,False,,MoEFCC/official treaty convention/UN body/official environmental source,,,,,UNVERIFIED,NO,PENDING,PENDING,No primary-source attribution entered without proposition-level verification.
UPSC-2017-GS1-Q092,2017,92,Polity & Governance,Judiciary,Single-answer,0,False,False,False,5,4,a,True,False,,Constitution/Act/Rules/official government institutional source,,,,,UNVERIFIED,NO,PENDING,PENDING,No primary-source attribution entered without proposition-level verification.
UPSC-2017-GS1-Q093,2017,93,History,Gandhian Mass Movements (1915-1942),Multi-statement,3,False,False,False,38,4,c,True,False,,NCERT/ASI/Ministry of Culture/official archival or primary historical source,,,,,UNVERIFIED,NO,PENDING,PENDING,No primary-source attribution entered without proposition-level verification.
UPSC-2017-GS1-Q094,2017,94,Economy,Fiscal Policy & Budget,Multi-statement,2,False,False,False,48,4,d,True,False,,RBI/Ministry of Finance/Budget/Economic Survey/official institutional source,,,,,UNVERIFIED,NO,PENDING,PENDING,No primary-source attribution entered without proposition-level verification.
UPSC-2017-GS1-Q095,2017,95,Environment & Ecology,Protected Areas & Wildlife,Single-answer,0,False,False,True,25,4,b,True,False,,MoEFCC/official treaty convention/UN body/official environmental source,,,,,UNVERIFIED,NO,PENDING,PENDING,No primary-source attribution entered without proposition-level verification.
UPSC-2017-GS1-Q096,2017,96,Polity & Governance,Emergency Provisions,Multi-statement,3,True,False,False,53,4,b,True,False,,Constitution/Act/Rules/official government institutional source,,,,,UNVERIFIED,NO,PENDING,PENDING,No primary-source attribution entered without proposition-level verification.
UPSC-2017-GS1-Q097,2017,97,Polity & Governance,Fundamental Rights,Multi-statement,4,False,False,False,58,4,c,True,False,,Constitution/Act/Rules/official government institutional source,,,,,UNVERIFIED,NO,PENDING,PENDING,No primary-source attribution entered without proposition-level verification.
UPSC-2017-GS1-Q098,2017,98,Geography,World Physical Geography,Single-answer,0,False,False,False,11,4,a,True,False,,Survey of India/IMD/official atlas or international scientific body,,,,,UNVERIFIED,NO,PENDING,PENDING,No primary-source attribution entered without proposition-level verification.
UPSC-2017-GS1-Q099,2017,99,Polity & Governance,Union & State Executive,Single-answer,0,False,False,False,20,4,c,True,False,,Constitution/Act/Rules/official government institutional source,,,,,UNVERIFIED,NO,PENDING,PENDING,No primary-source attribution entered without proposition-level verification.
UPSC-2017-GS1-Q100,2017,100,Polity & Governance,Federalism & Centre–State Relations,Single-answer,0,True,False,False,13,4,d,True,False,,Constitution/Act/Rules/official government institutional source,,,,,UNVERIFIED,NO,PENDING,PENDING,No primary-source attribution entered without proposition-level verification.
UPSC-2018-GS1-Q001,2018,1,Polity & Governance,Parliament & State Legislatures,Multi-statement,3,True,False,False,76,4,b,True,False,,Constitution/Act/Rules/official government institutional source,,,,,UNVERIFIED,NO,PENDING,PENDING,No primary-source attribution entered without proposition-level verification.
UPSC-2018-GS1-Q002,2018,2,Environment & Ecology,Ecosystems & Ecology Concepts,Multi-statement,3,False,False,False,39,4,d,True,False,,MoEFCC/official treaty convention/UN body/official environmental source,,,,,UNVERIFIED,NO,PENDING,PENDING,No primary-source attribution entered without proposition-level verification.
UPSC-2018-GS1-Q003,2018,3,Economy,Agriculture & Rural Development,Multi-statement,3,False,False,False,81,4,c,True,False,,RBI/Ministry of Finance/Budget/Economic Survey/official institutional source,,,,,UNVERIFIED,NO,PENDING,PENDING,No primary-source attribution entered without proposition-level verification.
UPSC-2018-GS1-Q004,2018,4,Environment & Ecology,Environmental Governance & Legislation,Multi-statement,2,False,False,False,84,4,b,True,False,,MoEFCC/official treaty convention/UN body/official environmental source,,,,,UNVERIFIED,NO,PENDING,PENDING,No primary-source attribution entered without proposition-level verification.
UPSC-2018-GS1-Q005,2018,5,Polity & Governance,Constitutional Framework & Development,Multi-statement,2,False,False,False,58,4,a,True,False,,Constitution/Act/Rules/official government institutional source,,,,,UNVERIFIED,NO,PENDING,PENDING,No primary-source attribution entered without proposition-level verification.
UPSC-2018-GS1-Q006,2018,6,Economy,Digital Payments & Financial Inclusion,Single-answer,0,False,False,False,17,4,c,True,False,,RBI/Ministry of Finance/Budget/Economic Survey/official institutional source,,,,,UNVERIFIED,NO,PENDING,PENDING,No primary-source attribution entered without proposition-level verification.
UPSC-2018-GS1-Q007,2018,7,Science & Technology,Energy & Environment,Multi-statement,2,False,False,False,54,4,a,True,False,,concerned ministry/department/official scientific or international body,,,,,UNVERIFIED,NO,PENDING,PENDING,No primary-source attribution entered without proposition-level verification.
UPSC-2018-GS1-Q008,2018,8,Economy,Taxation,Multi-statement,2,False,False,False,74,4,d,True,False,,RBI/Ministry of Finance/Budget/Economic Survey/official institutional source,,,,,UNVERIFIED,NO,PENDING,PENDING,No primary-source attribution entered without proposition-level verification.
UPSC-2018-GS1-Q009,2018,9,Economy,Fiscal Policy & Budget,Multi-statement,3,False,False,False,109,4,c,True,False,,RBI/Ministry of Finance/Budget/Economic Survey/official institutional source,,,,,UNVERIFIED,NO,PENDING,PENDING,No primary-source attribution entered without proposition-level verification.
UPSC-2018-GS1-Q010,2018,10,Economy,Agriculture & Rural Development,Multi-statement,2,True,False,False,54,4,a,True,False,,RBI/Ministry of Finance/Budget/Economic Survey/official institutional source,,,,,UNVERIFIED,NO,PENDING,PENDING,No primary-source attribution entered without proposition-level verification.
UPSC-2018-GS1-Q011,2018,11,History,Key Personalities & Ideologies,Single-answer,0,False,False,False,25,4,c,True,False,,NCERT/ASI/Ministry of Culture/official archival or primary historical source,,,,,UNVERIFIED,NO,PENDING,PENDING,No primary-source attribution entered without proposition-level verification.
UPSC-2018-GS1-Q012,2018,12,Polity & Governance,Constitutional & Statutory Bodies,Multi-statement,2,False,False,False,41,4,d,True,False,,Constitution/Act/Rules/official government institutional source,,,,,UNVERIFIED,NO,PENDING,PENDING,No primary-source attribution entered without proposition-level verification.
UPSC-2018-GS1-Q013,2018,13,Geography,World Physical Geography,Multi-statement,3,False,False,True,36,4,a,True,False,,Survey of India/IMD/official atlas or international scientific body,,,,,UNVERIFIED,NO,PENDING,PENDING,No primary-source attribution entered without proposition-level verification.
UPSC-2018-GS1-Q014,2018,14,Current Affairs,International Organisations & Groupings,Single-answer,0,False,True,False,12,4,d,True,False,,official organisation/government release/treaty document,,,,,UNVERIFIED,NO,PENDING,PENDING,No primary-source attribution entered without proposition-level verification.
UPSC-2018-GS1-Q015,2018,15,Economy,Digital Payments & Financial Inclusion,Single-answer,0,False,False,False,12,4,c,True,False,,RBI/Ministry of Finance/Budget/Economic Survey/official institutional source,,,,,UNVERIFIED,NO,PENDING,PENDING,No primary-source attribution entered without proposition-level verification.
UPSC-2018-GS1-Q016,2018,16,Economy,Banking & Financial Sector,Multi-statement,2,False,False,False,56,4,a,True,False,,RBI/Ministry of Finance/Budget/Economic Survey/official institutional source,,,,,UNVERIFIED,NO,PENDING,PENDING,No primary-source attribution entered without proposition-level verification.
UPSC-2018-GS1-Q017,2018,17,Science & Technology,Computer & Information Technology,Multi-statement,2,False,False,False,40,4,c,True,False,,concerned ministry/department/official scientific or international body,,,,,UNVERIFIED,NO,PENDING,PENDING,No primary-source attribution entered without proposition-level verification.
UPSC-2018-GS1-Q018,2018,18,Current Affairs,Disasters & Humanitarian Issues,Single-answer,0,False,True,True,28,4,d,True,False,,official organisation/government release/treaty document,,,,,UNVERIFIED,NO,PENDING,PENDING,No primary-source attribution entered without proposition-level verification.
UPSC-2018-GS1-Q019,2018,19,History,British Administration & Economic Policies,Multi-statement,3,False,False,False,46,4,a,True,False,,NCERT/ASI/Ministry of Culture/official archival or primary historical source,,,,,UNVERIFIED,NO,PENDING,PENDING,No primary-source attribution entered without proposition-level verification.
UPSC-2018-GS1-Q020,2018,20,Polity & Governance,Parliament & State Legislatures,Single-answer,0,False,False,False,52,4,b,True,False,,Constitution/Act/Rules/official government institutional source,,,,,UNVERIFIED,NO,PENDING,PENDING,No primary-source attribution entered without proposition-level verification.
UPSC-2018-GS1-Q021,2018,21,Polity & Governance,Social Justice & Vulnerable Sections,Multi-statement,3,False,False,False,101,4,b,True,False,,Constitution/Act/Rules/official government institutional source,,,,,UNVERIFIED,NO,PENDING,PENDING,No primary-source attribution entered without proposition-level verification.
UPSC-2018-GS1-Q022,2018,22,Art & Culture,"Festivals, Crafts & Folk Traditions",Multi-statement,3,False,False,False,34,4,b,True,False,,NCERT/ASI/Ministry of Culture/official archival or primary historical source,,,,,UNVERIFIED,NO,PENDING,PENDING,No primary-source attribution entered without proposition-level verification.
UPSC-2018-GS1-Q023,2018,23,Polity & Governance,Food Safety,Multi-statement,2,False,False,False,59,4,a,True,False,,Constitution/Act/Rules/official government institutional source,,,,,UNVERIFIED,NO,PENDING,PENDING,No primary-source attribution entered without proposition-level verification.
UPSC-2018-GS1-Q024,2018,24,Current Affairs,International Conflicts & Security,Single-answer,0,False,True,True,17,4,b,True,False,,official organisation/government release/treaty document,,,,,UNVERIFIED,NO,PENDING,PENDING,No primary-source attribution entered without proposition-level verification.
UPSC-2018-GS1-Q025,2018,25,Economy,"Human Development, Poverty & Employment Schemes",Multi-statement,3,False,False,False,100,4,b,True,False,,RBI/Ministry of Finance/Budget/Economic Survey/official institutional source,,,,,UNVERIFIED,NO,PENDING,PENDING,No primary-source attribution entered without proposition-level verification.
UPSC-2018-GS1-Q026,2018,26,Economy,International Trade & WTO,Single-answer,0,False,False,False,20,4,d,True,False,,RBI/Ministry of Finance/Budget/Economic Survey/official institutional source,,,,,UNVERIFIED,NO,PENDING,PENDING,No primary-source attribution entered without proposition-level verification.
UPSC-2018-GS1-Q027,2018,27,Geography,Economic & Mineral Geography,Multi-statement,3,True,False,False,44,4,d,True,False,,Survey of India/IMD/official atlas or international scientific body,,,,,UNVERIFIED,NO,PENDING,PENDING,No primary-source attribution entered without proposition-level verification.
UPSC-2018-GS1-Q028,2018,28,Science & Technology,Computer & Information Technology,Multi-statement,2,False,False,False,54,4,a,True,False,,concerned ministry/department/official scientific or international body,,,,,UNVERIFIED,NO,PENDING,PENDING,No primary-source attribution entered without proposition-level verification.
UPSC-2018-GS1-Q029,2018,29,Geography,Cartography & Map Skills,Single-answer,0,False,False,False,16,4,a,True,False,,Survey of India/IMD/official atlas or international scientific body,,,,,UNVERIFIED,NO,PENDING,PENDING,No primary-source attribution entered without proposition-level verification.
UPSC-2018-GS1-Q030,2018,30,Economy,"Human Development, Poverty & Employment Schemes",Single-answer,0,False,False,False,10,4,a,True,False,,RBI/Ministry of Finance/Budget/Economic Survey/official institutional source,,,,,UNVERIFIED,NO,PENDING,PENDING,No primary-source attribution entered without proposition-level verification.
UPSC-2018-GS1-Q031,2018,31,Polity & Governance,Parliament & State Legislatures,Single-answer,0,True,False,False,12,4,c,True,False,,Constitution/Act/Rules/official government institutional source,,,,,UNVERIFIED,NO,PENDING,PENDING,No primary-source attribution entered without proposition-level verification.
UPSC-2018-GS1-Q032,2018,32,Polity & Governance,Union & State Executive,Multi-statement,2,False,False,False,64,4,a,True,False,,Constitution/Act/Rules/official government institutional source,,,,,UNVERIFIED,NO,PENDING,PENDING,No primary-source attribution entered without proposition-level verification.
UPSC-2018-GS1-Q033,2018,33,Science & Technology,Energy & Environment,Single-answer,0,False,False,False,21,4,a,True,False,,concerned ministry/department/official scientific or international body,,,,,UNVERIFIED,NO,PENDING,PENDING,No primary-source attribution entered without proposition-level verification.
UPSC-2018-GS1-Q034,2018,34,Economy,International Trade & WTO,Multi-statement,5,False,False,False,29,4,c,True,False,,RBI/Ministry of Finance/Budget/Economic Survey/official institutional source,,,,,UNVERIFIED,NO,PENDING,PENDING,No primary-source attribution entered without proposition-level verification.
UPSC-2018-GS1-Q035,2018,35,Environment & Ecology,Sustainable Agriculture & Forestry,Multi-statement,3,True,False,False,61,4,b,True,False,,MoEFCC/official treaty convention/UN body/official environmental source,,,,,UNVERIFIED,NO,PENDING,PENDING,No primary-source attribution entered without proposition-level verification.
UPSC-2018-GS1-Q036,2018,36,Current Affairs,Indian Government Schemes & Initiatives,Multi-statement,3,False,True,False,85,4,b,True,False,,official organisation/government release/treaty document,,,,,UNVERIFIED,NO,PENDING,PENDING,No primary-source attribution entered without proposition-level verification.
UPSC-2018-GS1-Q037,2018,37,Geography,World Political Geography & Borders,Match/Pair,4,False,False,False,37,4,b,True,False,,Survey of India/IMD/official atlas or international scientific body,,,,,UNVERIFIED,NO,PENDING,PENDING,No primary-source attribution entered without proposition-level verification.
UPSC-2018-GS1-Q038,2018,38,History,Constitutional Developments & British Plans (1909-1947),Single-answer,0,False,False,False,18,4,b,True,False,,Constitution/Act/Rules/official government institutional source,,,,,UNVERIFIED,NO,PENDING,PENDING,No primary-source attribution entered without proposition-level verification.
UPSC-2018-GS1-Q039,2018,39,Polity & Governance,Parliament & State Legislatures,Multi-statement,2,False,False,False,49,4,a,True,False,,Constitution/Act/Rules/official government institutional source,,,,,UNVERIFIED,NO,PENDING,PENDING,No primary-source attribution entered without proposition-level verification.
UPSC-2018-GS1-Q040,2018,40,Polity & Governance,Political Theory & Concepts,Single-answer,0,False,False,False,15,4,b,True,False,,Constitution/Act/Rules/official government institutional source,,,,,UNVERIFIED,NO,PENDING,PENDING,No primary-source attribution entered without proposition-level verification.
UPSC-2018-GS1-Q041,2018,41,Polity & Governance,Union & State Executive,Multi-statement,2,True,False,False,55,4,c,True,False,,Constitution/Act/Rules/official government institutional source,,,,,UNVERIFIED,NO,PENDING,PENDING,No primary-source attribution entered without proposition-level verification.
UPSC-2018-GS1-Q042,2018,42,Art & Culture,Painting & Visual Arts,Single-answer,0,False,False,False,8,4,d,True,False,,NCERT/ASI/Ministry of Culture/official archival or primary historical source,,,,,UNVERIFIED,NO,PENDING,PENDING,No primary-source attribution entered without proposition-level verification.
UPSC-2018-GS1-Q043,2018,43,Science & Technology,Defence Technology,Single-answer,0,False,False,True,14,4,c,True,False,,concerned ministry/department/official scientific or international body,,,,,UNVERIFIED,NO,PENDING,PENDING,No primary-source attribution entered without proposition-level verification.
UPSC-2018-GS1-Q044,2018,44,Art & Culture,Music,Multi-statement,4,False,False,False,58,4,b,True,False,,NCERT/ASI/Ministry of Culture/official archival or primary historical source,,,,,UNVERIFIED,NO,PENDING,PENDING,No primary-source attribution entered without proposition-level verification.
UPSC-2018-GS1-Q045,2018,45,Polity & Governance,Political Theory & Concepts,Multi-statement,4,False,False,False,45,4,c,True,False,,Constitution/Act/Rules/official government institutional source,,,,,UNVERIFIED,NO,PENDING,PENDING,No primary-source attribution entered without proposition-level verification.
UPSC-2018-GS1-Q046,2018,46,Economy,Money and Banking,Single-answer,0,False,False,False,15,4,b,True,False,,RBI/Ministry of Finance/Budget/Economic Survey/official institutional source,,,,,UNVERIFIED,NO,PENDING,PENDING,No primary-source attribution entered without proposition-level verification.
UPSC-2018-GS1-Q047,2018,47,Economy,National Income & Economic Growth,Single-answer,0,False,False,False,13,4,c,True,False,,RBI/Ministry of Finance/Budget/Economic Survey/official institutional source,,,,,UNVERIFIED,NO,PENDING,PENDING,No primary-source attribution entered without proposition-level verification.
UPSC-2018-GS1-Q048,2018,48,Economy,National Income & Economic Growth,Single-answer,0,True,False,False,18,4,c,True,False,,RBI/Ministry of Finance/Budget/Economic Survey/official institutional source,,,,,UNVERIFIED,NO,PENDING,PENDING,No primary-source attribution entered without proposition-level verification.
UPSC-2018-GS1-Q049,2018,49,Economy,"Human Development, Poverty & Employment Schemes",Multi-statement,4,False,False,False,63,4,c,True,False,,RBI/Ministry of Finance/Budget/Economic Survey/official institutional source,,,,,UNVERIFIED,NO,PENDING,PENDING,No primary-source attribution entered without proposition-level verification.
UPSC-2018-GS1-Q050,2018,50,Economy,National Income & Economic Growth,Single-answer,0,True,False,False,18,4,d,True,False,,RBI/Ministry of Finance/Budget/Economic Survey/official institutional source,,,,,UNVERIFIED,NO,PENDING,PENDING,No primary-source attribution entered without proposition-level verification.
UPSC-2018-GS1-Q051,2018,51,History,"Peasant, Tribal & Labour Movements",Single-answer,2,False,False,False,46,4,c,True,False,,NCERT/ASI/Ministry of Culture/official archival or primary historical source,,,,,UNVERIFIED,NO,PENDING,PENDING,No primary-source attribution entered without proposition-level verification.
UPSC-2018-GS1-Q052,2018,52,History,British Administration & Economic Policies,Single-answer,0,False,False,False,17,4,c,True,False,,NCERT/ASI/Ministry of Culture/official archival or primary historical source,,,,,UNVERIFIED,NO,PENDING,PENDING,No primary-source attribution entered without proposition-level verification.
UPSC-2018-GS1-Q053,2018,53,Polity & Governance,Emergency Provisions,Single-answer,0,False,False,False,23,4,b,True,False,,Constitution/Act/Rules/official government institutional source,,,,,UNVERIFIED,NO,PENDING,PENDING,No primary-source attribution entered without proposition-level verification.
UPSC-2018-GS1-Q054,2018,54,Art & Culture,"Festivals, Crafts & Folk Traditions",Multi-statement,3,False,False,False,34,4,a,True,False,,NCERT/ASI/Ministry of Culture/official archival or primary historical source,,,,,UNVERIFIED,NO,PENDING,PENDING,No primary-source attribution entered without proposition-level verification.
UPSC-2018-GS1-Q055,2018,55,Science & Technology,Technology,Multi-statement,3,False,False,False,34,4,d,True,False,,concerned ministry/department/official scientific or international body,,,,,UNVERIFIED,NO,PENDING,PENDING,No primary-source attribution entered without proposition-level verification.
UPSC-2018-GS1-Q056,2018,56,Economy,Financial Markets & Capital Markets,Multi-statement,3,True,False,False,67,4,c,True,False,,RBI/Ministry of Finance/Budget/Economic Survey/official institutional source,,,,,UNVERIFIED,NO,PENDING,PENDING,No primary-source attribution entered without proposition-level verification.
UPSC-2018-GS1-Q057,2018,57,Geography,Astronomy & Earth–Sun System,Multi-statement,3,False,False,False,59,4,c,True,False,,Survey of India/IMD/official atlas or international scientific body,,,,,UNVERIFIED,NO,PENDING,PENDING,No primary-source attribution entered without proposition-level verification.
UPSC-2018-GS1-Q058,2018,58,Science & Technology,Computer & Information Technology,Single-answer,0,False,False,True,15,4,c,True,False,,concerned ministry/department/official scientific or international body,,,,,UNVERIFIED,NO,PENDING,PENDING,No primary-source attribution entered without proposition-level verification.
UPSC-2018-GS1-Q059,2018,59,Environment & Ecology,Sustainable Agriculture & Forestry,Multi-statement,5,False,False,False,67,4,c,True,False,,MoEFCC/official treaty convention/UN body/official environmental source,,,,,UNVERIFIED,NO,PENDING,PENDING,No primary-source attribution entered without proposition-level verification.
UPSC-2018-GS1-Q060,2018,60,Environment & Ecology,Biodiversity & Conservation,Single-answer,0,False,False,True,19,4,d,True,False,,MoEFCC/official treaty convention/UN body/official environmental source,,,,,UNVERIFIED,NO,PENDING,PENDING,No primary-source attribution entered without proposition-level verification.
UPSC-2018-GS1-Q061,2018,61,Science & Technology,Space Technology & Astronomy,Multi-statement,2,False,False,False,28,4,a,True,False,SOURCE_BLANKED_FIELDS,concerned ministry/department/official scientific or international body,,,,,UNVERIFIED,NO,PENDING,PENDING,No primary-source attribution entered without proposition-level verification.
UPSC-2018-GS1-Q062,2018,62,Science & Technology,Physics,Multi-statement,2,False,False,False,27,4,d,True,False,SOURCE_BLANKED_FIELDS,concerned ministry/department/official scientific or international body,,,,,UNVERIFIED,NO,PENDING,PENDING,No primary-source attribution entered without proposition-level verification.
UPSC-2018-GS1-Q063,2018,63,Science & Technology,Biotechnology & Genetics,Multi-statement,2,False,False,False,36,4,b,True,False,,concerned ministry/department/official scientific or international body,,,,,UNVERIFIED,NO,PENDING,PENDING,No primary-source attribution entered without proposition-level verification.
UPSC-2018-GS1-Q064,2018,64,Science & Technology,Computer & Information Technology,Match/Pair,2,False,False,False,23,4,b,True,False,SOURCE_BLANKED_FIELDS,concerned ministry/department/official scientific or international body,,,,,UNVERIFIED,NO,PENDING,PENDING,No primary-source attribution entered without proposition-level verification.
UPSC-2018-GS1-Q065,2018,65,Environment & Ecology,Climate Change & Greenhouse Gases,Single-answer,0,False,False,False,10,4,a,True,False,,MoEFCC/official treaty convention/UN body/official environmental source,,,,,UNVERIFIED,NO,PENDING,PENDING,No primary-source attribution entered without proposition-level verification.
UPSC-2018-GS1-Q066,2018,66,Science & Technology,Computer & Information Technology,Single-answer,0,False,False,False,156,4,b,True,False,,concerned ministry/department/official scientific or international body,,,,,UNVERIFIED,NO,PENDING,PENDING,No primary-source attribution entered without proposition-level verification.
UPSC-2018-GS1-Q067,2018,67,Science & Technology,Energy & Environment,Multi-statement,2,False,False,False,25,4,d,True,False,,concerned ministry/department/official scientific or international body,,,,,UNVERIFIED,NO,PENDING,PENDING,No primary-source attribution entered without proposition-level verification.
UPSC-2018-GS1-Q068,2018,68,History,British Administration & Economic Policies,Single-answer,0,False,False,False,21,4,d,True,False,,NCERT/ASI/Ministry of Culture/official archival or primary historical source,,,,,UNVERIFIED,NO,PENDING,PENDING,No primary-source attribution entered without proposition-level verification.
UPSC-2018-GS1-Q069,2018,69,History,Gandhian Mass Movements (1915-1942),Single-answer,0,False,False,False,15,4,c,True,False,,NCERT/ASI/Ministry of Culture/official archival or primary historical source,,,,,UNVERIFIED,NO,PENDING,PENDING,No primary-source attribution entered without proposition-level verification.
UPSC-2018-GS1-Q070,2018,70,History,Post-Independence India,Single-answer,0,False,False,False,16,4,d,True,False,,NCERT/ASI/Ministry of Culture/official archival or primary historical source,,,,,UNVERIFIED,NO,PENDING,PENDING,No primary-source attribution entered without proposition-level verification.
UPSC-2018-GS1-Q071,2018,71,Art & Culture,Philosophy & Religion,Single-answer,0,False,False,False,13,4,b,True,False,,NCERT/ASI/Ministry of Culture/official archival or primary historical source,,,,,UNVERIFIED,NO,PENDING,PENDING,No primary-source attribution entered without proposition-level verification.
UPSC-2018-GS1-Q072,2018,72,Art & Culture,Architecture & World Heritage,Multi-statement,1,False,False,False,25,4,d,True,False,,NCERT/ASI/Ministry of Culture/official archival or primary historical source,,,,,UNVERIFIED,NO,PENDING,PENDING,No primary-source attribution entered without proposition-level verification.
UPSC-2018-GS1-Q073,2018,73,History,Medieval Culture & Historiography,Single-answer,0,False,False,False,17,4,b,True,False,,NCERT/ASI/Ministry of Culture/official archival or primary historical source,,,,,UNVERIFIED,NO,PENDING,PENDING,No primary-source attribution entered without proposition-level verification.
UPSC-2018-GS1-Q074,2018,74,Art & Culture,Philosophy & Religion,Single-answer,0,False,False,False,21,4,c,True,False,,NCERT/ASI/Ministry of Culture/official archival or primary historical source,,,,,UNVERIFIED,NO,PENDING,PENDING,No primary-source attribution entered without proposition-level verification.
UPSC-2018-GS1-Q075,2018,75,History,Advent Of Europeans & British Expansion,Single-answer,0,True,False,False,20,4,c,True,False,,NCERT/ASI/Ministry of Culture/official archival or primary historical source,,,,,UNVERIFIED,NO,PENDING,PENDING,No primary-source attribution entered without proposition-level verification.
UPSC-2018-GS1-Q076,2018,76,History,British Administration & Economic Policies,Multi-statement,2,False,False,False,27,4,d,True,False,SOURCE_BLANKED_FIELDS,NCERT/ASI/Ministry of Culture/official archival or primary historical source,,,,,UNVERIFIED,NO,PENDING,PENDING,No primary-source attribution entered without proposition-level verification.
UPSC-2018-GS1-Q077,2018,77,Geography,Indian Physical Geography,Single-answer,0,False,False,False,10,4,a,True,False,,Survey of India/IMD/official atlas or international scientific body,,,,,UNVERIFIED,NO,PENDING,PENDING,No primary-source attribution entered without proposition-level verification.
UPSC-2018-GS1-Q078,2018,78,Current Affairs,Indian Government Schemes & Initiatives,Multi-statement,2,False,True,False,30,4,c,True,False,,official organisation/government release/treaty document,,,,,UNVERIFIED,NO,PENDING,PENDING,No primary-source attribution entered without proposition-level verification.
UPSC-2018-GS1-Q079,2018,79,History,Gandhian Era & Mass Movements (1919-1947),Single-answer,0,False,False,False,13,4,a,True,False,,NCERT/ASI/Ministry of Culture/official archival or primary historical source,,,,,UNVERIFIED,NO,PENDING,PENDING,No primary-source attribution entered without proposition-level verification.
UPSC-2018-GS1-Q080,2018,80,History,Social & Religious Reform Movements,Single-answer,0,False,False,False,8,4,b,True,False,,NCERT/ASI/Ministry of Culture/official archival or primary historical source,,,,,UNVERIFIED,NO,PENDING,PENDING,No primary-source attribution entered without proposition-level verification.
UPSC-2018-GS1-Q081,2018,81,Environment & Ecology,Water & Wetland Conservation,Multi-statement,3,False,False,False,40,4,b,True,False,,MoEFCC/official treaty convention/UN body/official environmental source,,,,,UNVERIFIED,NO,PENDING,PENDING,No primary-source attribution entered without proposition-level verification.
UPSC-2018-GS1-Q082,2018,82,Geography,Physical Geography & Geomorphology,Multi-statement,3,True,False,False,61,4,b,True,False,,Survey of India/IMD/official atlas or international scientific body,,,,,UNVERIFIED,NO,PENDING,PENDING,No primary-source attribution entered without proposition-level verification.
UPSC-2018-GS1-Q083,2018,83,Environment & Ecology,International Environmental Treaties & Summits,Single-answer,0,False,False,False,23,4,b,True,False,,MoEFCC/official treaty convention/UN body/official environmental source,,,,,UNVERIFIED,NO,PENDING,PENDING,No primary-source attribution entered without proposition-level verification.
UPSC-2018-GS1-Q084,2018,84,Science & Technology,Materials & Engineering,Multi-statement,5,False,False,False,40,4,d,True,False,,concerned ministry/department/official scientific or international body,,,,,UNVERIFIED,NO,PENDING,PENDING,No primary-source attribution entered without proposition-level verification.
UPSC-2018-GS1-Q085,2018,85,Geography,Indian Physical Geography,Multi-statement,3,False,False,False,58,4,a,True,False,,Survey of India/IMD/official atlas or international scientific body,,,,,UNVERIFIED,NO,PENDING,PENDING,No primary-source attribution entered without proposition-level verification.
UPSC-2018-GS1-Q086,2018,86,Environment & Ecology,Biodiversity & Conservation,Single-answer,0,False,False,False,12,4,b,True,False,,MoEFCC/official treaty convention/UN body/official environmental source,,,,,UNVERIFIED,NO,PENDING,PENDING,No primary-source attribution entered without proposition-level verification.
UPSC-2018-GS1-Q087,2018,87,Environment & Ecology,Ecosystems & Ecology Concepts,Multi-statement,3,False,False,False,60,4,d,True,False,,MoEFCC/official treaty convention/UN body/official environmental source,,,,,UNVERIFIED,NO,PENDING,PENDING,No primary-source attribution entered without proposition-level verification.
UPSC-2018-GS1-Q088,2018,88,Environment & Ecology,International Environmental Treaties & Summits,Single-answer,0,False,False,False,12,4,c,True,False,,MoEFCC/official treaty convention/UN body/official environmental source,,,,,UNVERIFIED,NO,PENDING,PENDING,No primary-source attribution entered without proposition-level verification.
UPSC-2018-GS1-Q089,2018,89,History,British Administration & Economic Policies,Multi-statement,3,False,False,False,48,4,b,True,False,,NCERT/ASI/Ministry of Culture/official archival or primary historical source,,,,,UNVERIFIED,NO,PENDING,PENDING,No primary-source attribution entered without proposition-level verification.
UPSC-2018-GS1-Q090,2018,90,Current Affairs,International Conflicts & Security,Match/Pair,4,False,True,False,38,4,c,True,False,,official organisation/government release/treaty document,,,,,UNVERIFIED,NO,PENDING,PENDING,No primary-source attribution entered without proposition-level verification.
UPSC-2018-GS1-Q091,2018,91,History,Post-Independence India,Multi-statement,4,False,False,False,66,4,b,True,False,,NCERT/ASI/Ministry of Culture/official archival or primary historical source,,,,,UNVERIFIED,NO,PENDING,PENDING,No primary-source attribution entered without proposition-level verification.
UPSC-2018-GS1-Q092,2018,92,Polity & Governance,Fundamental Rights,Single-answer,0,False,False,False,33,4,c,True,False,,Constitution/Act/Rules/official government institutional source,,,,,UNVERIFIED,NO,PENDING,PENDING,No primary-source attribution entered without proposition-level verification.
UPSC-2018-GS1-Q093,2018,93,Economy,Agriculture & Rural Development,Multi-statement,5,False,False,False,38,4,b,True,False,,RBI/Ministry of Finance/Budget/Economic Survey/official institutional source,,,,,UNVERIFIED,NO,PENDING,PENDING,No primary-source attribution entered without proposition-level verification.
UPSC-2018-GS1-Q094,2018,94,Environment & Ecology,Protected Areas & Wildlife,Single-answer,0,False,False,False,13,4,a,True,False,,MoEFCC/official treaty convention/UN body/official environmental source,,,,,UNVERIFIED,NO,PENDING,PENDING,No primary-source attribution entered without proposition-level verification.
UPSC-2018-GS1-Q095,2018,95,Science & Technology,Space Technology & Astronomy,Multi-statement,3,False,False,False,94,4,a,True,False,,concerned ministry/department/official scientific or international body,,,,,UNVERIFIED,NO,PENDING,PENDING,No primary-source attribution entered without proposition-level verification.
UPSC-2018-GS1-Q096,2018,96,Economy,Banking & Financial Sector,Multi-statement,2,False,False,False,68,4,b,True,False,,RBI/Ministry of Finance/Budget/Economic Survey/official institutional source,,,,,UNVERIFIED,NO,PENDING,PENDING,No primary-source attribution entered without proposition-level verification.
UPSC-2018-GS1-Q097,2018,97,Economy,Taxation,Multi-statement,4,False,False,False,37,4,c,True,False,,RBI/Ministry of Finance/Budget/Economic Survey/official institutional source,,,,,UNVERIFIED,NO,PENDING,PENDING,No primary-source attribution entered without proposition-level verification.
UPSC-2018-GS1-Q098,2018,98,Environment & Ecology,Environmental Governance & Legislation,Multi-statement,3,False,False,False,68,4,a,True,False,,MoEFCC/official treaty convention/UN body/official environmental source,,,,,UNVERIFIED,NO,PENDING,PENDING,No primary-source attribution entered without proposition-level verification.
UPSC-2018-GS1-Q099,2018,99,Environment & Ecology,Sustainable Agriculture & Forestry,Multi-statement,4,False,False,False,22,4,d,True,False,,MoEFCC/official treaty convention/UN body/official environmental source,,,,,UNVERIFIED,NO,PENDING,PENDING,No primary-source attribution entered without proposition-level verification.
UPSC-2018-GS1-Q100,2018,100,Environment & Ecology,Sustainable Agriculture & Forestry,Multi-statement,3,False,False,False,72,4,b,True,False,,MoEFCC/official treaty convention/UN body/official environmental source,,,,,UNVERIFIED,NO,PENDING,PENDING,No primary-source attribution entered without proposition-level verification.
UPSC-2019-GS1-Q001,2019,1,History,Mughal Empire,Single-answer,2,True,False,False,68,4,d,True,False,,NCERT/ASI/Ministry of Culture/official archival or primary historical source,,,,,UNVERIFIED,NO,PENDING,PENDING,No primary-source attribution entered without proposition-level verification.
UPSC-2019-GS1-Q002,2019,2,Economy,Agriculture & Rural Development,Single-answer,0,False,False,False,16,4,b,True,False,,RBI/Ministry of Finance/Budget/Economic Survey/official institutional source,,,,,UNVERIFIED,NO,PENDING,PENDING,No primary-source attribution entered without proposition-level verification.
UPSC-2019-GS1-Q003,2019,3,Economy,International Institutions & Reports,Single-answer,0,False,False,False,8,4,c,True,False,,RBI/Ministry of Finance/Budget/Economic Survey/official institutional source,,,,,UNVERIFIED,NO,PENDING,PENDING,No primary-source attribution entered without proposition-level verification.
UPSC-2019-GS1-Q004,2019,4,History,Constitutional Developments & British Plans (1909-1947),Multi-statement,3,True,False,False,70,4,a,True,False,,Constitution/Act/Rules/official government institutional source,,,,,UNVERIFIED,NO,PENDING,PENDING,No primary-source attribution entered without proposition-level verification.
UPSC-2019-GS1-Q005,2019,5,History,Early Nationalism & Indian National Congress (1885-1915),Multi-statement,2,False,False,False,45,4,c,True,False,,NCERT/ASI/Ministry of Culture/official archival or primary historical source,,,,,UNVERIFIED,NO,PENDING,PENDING,No primary-source attribution entered without proposition-level verification.
UPSC-2019-GS1-Q006,2019,6,History,"Peasant, Tribal & Labour Movements",Match/Pair,4,False,False,False,41,4,d,True,False,,NCERT/ASI/Ministry of Culture/official archival or primary historical source,,,,,UNVERIFIED,NO,PENDING,PENDING,No primary-source attribution entered without proposition-level verification.
UPSC-2019-GS1-Q007,2019,7,History,Indus Valley Civilization,Single-answer,0,True,False,False,10,4,c,True,False,,NCERT/ASI/Ministry of Culture/official archival or primary historical source,,,,,UNVERIFIED,NO,PENDING,PENDING,No primary-source attribution entered without proposition-level verification.
UPSC-2019-GS1-Q008,2019,8,History,Ancient India,Single-answer,0,False,False,False,21,4,a,True,False,,NCERT/ASI/Ministry of Culture/official archival or primary historical source,,,,,UNVERIFIED,NO,PENDING,PENDING,No primary-source attribution entered without proposition-level verification.
UPSC-2019-GS1-Q009,2019,9,Art & Culture,Philosophy & Religion,Multi-statement,3,False,False,False,30,4,d,True,False,,NCERT/ASI/Ministry of Culture/official archival or primary historical source,,,,,UNVERIFIED,NO,PENDING,PENDING,No primary-source attribution entered without proposition-level verification.
UPSC-2019-GS1-Q010,2019,10,History,Gupta Empire,Single-answer,0,False,False,False,20,4,a,True,False,,NCERT/ASI/Ministry of Culture/official archival or primary historical source,,,,,UNVERIFIED,NO,PENDING,PENDING,No primary-source attribution entered without proposition-level verification.
UPSC-2019-GS1-Q011,2019,11,Art & Culture,Architecture & World Heritage,Single-answer,0,False,False,False,15,4,d,True,False,,NCERT/ASI/Ministry of Culture/official archival or primary historical source,,,,,UNVERIFIED,NO,PENDING,PENDING,No primary-source attribution entered without proposition-level verification.
UPSC-2019-GS1-Q012,2019,12,History,Delhi Sultanate,Multi-statement,3,False,False,False,60,4,a,True,False,,NCERT/ASI/Ministry of Culture/official archival or primary historical source,,,,,UNVERIFIED,NO,PENDING,PENDING,No primary-source attribution entered without proposition-level verification.
UPSC-2019-GS1-Q013,2019,13,History,Bhakti Movement,Multi-statement,2,False,False,False,31,4,d,True,False,,NCERT/ASI/Ministry of Culture/official archival or primary historical source,,,,,UNVERIFIED,NO,PENDING,PENDING,No primary-source attribution entered without proposition-level verification.
UPSC-2019-GS1-Q014,2019,14,History,Gandhian Mass Movements (1915-1942),Multi-statement,3,True,False,False,77,4,b,True,False,,NCERT/ASI/Ministry of Culture/official archival or primary historical source,,,,,UNVERIFIED,NO,PENDING,PENDING,No primary-source attribution entered without proposition-level verification.
UPSC-2019-GS1-Q015,2019,15,History,Key Personalities & Ideologies,Match/Pair,3,False,False,False,52,4,d,True,False,,NCERT/ASI/Ministry of Culture/official archival or primary historical source,,,,,UNVERIFIED,NO,PENDING,PENDING,No primary-source attribution entered without proposition-level verification.
UPSC-2019-GS1-Q016,2019,16,Art & Culture,Music,Single-answer,0,True,False,False,14,4,a,True,False,,NCERT/ASI/Ministry of Culture/official archival or primary historical source,,,,,UNVERIFIED,NO,PENDING,PENDING,No primary-source attribution entered without proposition-level verification.
UPSC-2019-GS1-Q017,2019,17,Art & Culture,Music,Single-answer,0,False,False,False,16,4,c,True,False,,NCERT/ASI/Ministry of Culture/official archival or primary historical source,,,,,UNVERIFIED,NO,PENDING,PENDING,No primary-source attribution entered without proposition-level verification.
UPSC-2019-GS1-Q018,2019,18,Environment & Ecology,Protected Areas & Wildlife,Single-answer,0,False,False,False,14,4,d,True,False,,MoEFCC/official treaty convention/UN body/official environmental source,,,,,UNVERIFIED,NO,PENDING,PENDING,No primary-source attribution entered without proposition-level verification.
UPSC-2019-GS1-Q019,2019,19,Economy,"Human Development, Poverty & Employment Schemes",Single-answer,0,False,False,False,8,4,c,True,False,,RBI/Ministry of Finance/Budget/Economic Survey/official institutional source,,,,,UNVERIFIED,NO,PENDING,PENDING,No primary-source attribution entered without proposition-level verification.
UPSC-2019-GS1-Q020,2019,20,Geography,Physical Geography,Single-answer,0,False,False,False,5,4,a,True,False,,Survey of India/IMD/official atlas or international scientific body,,,,,UNVERIFIED,NO,PENDING,PENDING,No primary-source attribution entered without proposition-level verification.
UPSC-2019-GS1-Q021,2019,21,Geography,Indian Agriculture & Land Use,Single-answer,0,False,False,False,20,4,d,True,False,,Survey of India/IMD/official atlas or international scientific body,,,,,UNVERIFIED,NO,PENDING,PENDING,No primary-source attribution entered without proposition-level verification.
UPSC-2019-GS1-Q022,2019,22,Environment & Ecology,Protected Areas & Wildlife,Multi-statement,3,False,False,False,40,4,a,True,False,,MoEFCC/official treaty convention/UN body/official environmental source,,,,,UNVERIFIED,NO,PENDING,PENDING,No primary-source attribution entered without proposition-level verification.
UPSC-2019-GS1-Q023,2019,23,Geography,Indian Rivers & Water Resources,Match/Pair,3,False,False,False,29,4,d,True,False,,Survey of India/IMD/official atlas or international scientific body,,,,,UNVERIFIED,NO,PENDING,PENDING,No primary-source attribution entered without proposition-level verification.
UPSC-2019-GS1-Q024,2019,24,Economy,"Human Development, Poverty & Employment Schemes",Single-answer,0,False,False,False,18,4,b,True,False,,RBI/Ministry of Finance/Budget/Economic Survey/official institutional source,,,,,UNVERIFIED,NO,PENDING,PENDING,No primary-source attribution entered without proposition-level verification.
UPSC-2019-GS1-Q025,2019,25,Environment & Ecology,Climate Change & Greenhouse Gases,Single-answer,0,False,False,False,27,4,d,True,False,,MoEFCC/official treaty convention/UN body/official environmental source,,,,,UNVERIFIED,NO,PENDING,PENDING,No primary-source attribution entered without proposition-level verification.
UPSC-2019-GS1-Q026,2019,26,Environment & Ecology,Renewable Energy & Green Technologies,Single-answer,0,False,False,False,17,4,d,True,False,,MoEFCC/official treaty convention/UN body/official environmental source,,,,,UNVERIFIED,NO,PENDING,PENDING,No primary-source attribution entered without proposition-level verification.
UPSC-2019-GS1-Q027,2019,27,Environment & Ecology,Protected Areas & Wildlife,Single-answer,0,False,False,False,9,4,a,True,False,,MoEFCC/official treaty convention/UN body/official environmental source,,,,,UNVERIFIED,NO,PENDING,PENDING,No primary-source attribution entered without proposition-level verification.
UPSC-2019-GS1-Q028,2019,28,Environment & Ecology,Ecosystems & Ecology Concepts,Multi-statement,4,False,False,False,42,4,d,True,False,,MoEFCC/official treaty convention/UN body/official environmental source,,,,,UNVERIFIED,NO,PENDING,PENDING,No primary-source attribution entered without proposition-level verification.
UPSC-2019-GS1-Q029,2019,29,Environment & Ecology,Protected Areas & Wildlife,Match/Pair,3,False,False,False,36,4,c,True,False,,MoEFCC/official treaty convention/UN body/official environmental source,,,,,UNVERIFIED,NO,PENDING,PENDING,No primary-source attribution entered without proposition-level verification.
UPSC-2019-GS1-Q030,2019,30,Environment & Ecology,Pollution & Waste Management,Single-answer,0,False,False,False,14,4,a,True,False,,MoEFCC/official treaty convention/UN body/official environmental source,,,,,UNVERIFIED,NO,PENDING,PENDING,No primary-source attribution entered without proposition-level verification.
UPSC-2019-GS1-Q031,2019,31,Environment & Ecology,Biodiversity & Conservation,Single-answer,0,False,False,True,27,4,d,True,False,,MoEFCC/official treaty convention/UN body/official environmental source,,,,,UNVERIFIED,NO,PENDING,PENDING,No primary-source attribution entered without proposition-level verification.
UPSC-2019-GS1-Q032,2019,32,Science & Technology,Space Technology & Astronomy,Multi-statement,3,False,False,False,52,4,d,True,False,,concerned ministry/department/official scientific or international body,,,,,UNVERIFIED,NO,PENDING,PENDING,No primary-source attribution entered without proposition-level verification.
UPSC-2019-GS1-Q033,2019,33,Geography,Biogeography & Natural Vegetation,Multi-statement,4,False,False,False,44,4,c,True,False,,Survey of India/IMD/official atlas or international scientific body,,,,,UNVERIFIED,NO,PENDING,PENDING,No primary-source attribution entered without proposition-level verification.
UPSC-2019-GS1-Q034,2019,34,Environment & Ecology,Climate Change & Greenhouse Gases,Multi-statement,3,False,False,False,63,4,d,True,False,,MoEFCC/official treaty convention/UN body/official environmental source,,,,,UNVERIFIED,NO,PENDING,PENDING,No primary-source attribution entered without proposition-level verification.
UPSC-2019-GS1-Q035,2019,35,Environment & Ecology,Pollution & Waste Management,Multi-statement,4,False,False,False,29,4,d,True,False,,MoEFCC/official treaty convention/UN body/official environmental source,,,,,UNVERIFIED,NO,PENDING,PENDING,No primary-source attribution entered without proposition-level verification.
UPSC-2019-GS1-Q036,2019,36,Geography,World Political Geography & Borders,Match/Pair,5,False,False,False,42,4,b,True,False,,Survey of India/IMD/official atlas or international scientific body,,,,,UNVERIFIED,NO,PENDING,PENDING,No primary-source attribution entered without proposition-level verification.
UPSC-2019-GS1-Q037,2019,37,Geography,Agriculture and Trade,Single-answer,0,False,False,False,19,4,b,True,False,,Survey of India/IMD/official atlas or international scientific body,,,,,UNVERIFIED,NO,PENDING,PENDING,No primary-source attribution entered without proposition-level verification.
UPSC-2019-GS1-Q038,2019,38,Geography,Indian Physical Geography,Match/Pair,5,False,False,False,37,4,a,True,False,,Survey of India/IMD/official atlas or international scientific body,,,,,UNVERIFIED,NO,PENDING,PENDING,No primary-source attribution entered without proposition-level verification.
UPSC-2019-GS1-Q039,2019,39,Science & Technology,Chemistry,Single-answer,0,False,False,False,20,4,a,True,False,,concerned ministry/department/official scientific or international body,,,,,UNVERIFIED,NO,PENDING,PENDING,No primary-source attribution entered without proposition-level verification.
UPSC-2019-GS1-Q040,2019,40,Environment & Ecology,International Environmental Treaties & Summits,Multi-statement,3,False,False,False,86,4,c,True,False,,MoEFCC/official treaty convention/UN body/official environmental source,,,,,UNVERIFIED,NO,PENDING,PENDING,No primary-source attribution entered without proposition-level verification.
UPSC-2019-GS1-Q041,2019,41,Environment & Ecology,Pollution & Waste Management,Multi-statement,3,False,False,False,36,4,d,True,False,,MoEFCC/official treaty convention/UN body/official environmental source,,,,,UNVERIFIED,NO,PENDING,PENDING,No primary-source attribution entered without proposition-level verification.
UPSC-2019-GS1-Q042,2019,42,Geography,Indian Rivers & Water Resources,Single-answer,0,False,False,False,12,4,d,True,False,,Survey of India/IMD/official atlas or international scientific body,,,,,UNVERIFIED,NO,PENDING,PENDING,No primary-source attribution entered without proposition-level verification.
UPSC-2019-GS1-Q043,2019,43,Science & Technology,Energy & Environment,Multi-statement,4,False,False,False,83,4,d,True,False,,concerned ministry/department/official scientific or international body,,,,,UNVERIFIED,NO,PENDING,PENDING,No primary-source attribution entered without proposition-level verification.
UPSC-2019-GS1-Q044,2019,44,Geography,Atmosphere & Climatology,Single-answer,0,True,False,False,9,4,b,True,False,,Survey of India/IMD/official atlas or international scientific body,,,,,UNVERIFIED,NO,PENDING,PENDING,No primary-source attribution entered without proposition-level verification.
UPSC-2019-GS1-Q045,2019,45,Polity & Governance,Constitutional Framework & Development,Multi-statement,2,False,False,False,59,4,b,True,False,,Constitution/Act/Rules/official government institutional source,,,,,UNVERIFIED,NO,PENDING,PENDING,No primary-source attribution entered without proposition-level verification.
UPSC-2019-GS1-Q046,2019,46,Polity & Governance,Judiciary,Multi-statement,4,True,False,False,148,4,c,True,False,,Constitution/Act/Rules/official government institutional source,,,,,UNVERIFIED,NO,PENDING,PENDING,No primary-source attribution entered without proposition-level verification.
UPSC-2019-GS1-Q047,2019,47,Polity & Governance,Constitutional Framework & Development,Single-answer,0,False,False,False,15,4,a,True,False,,Constitution/Act/Rules/official government institutional source,,,,,UNVERIFIED,NO,PENDING,PENDING,No primary-source attribution entered without proposition-level verification.
UPSC-2019-GS1-Q048,2019,48,Economy,Infrastructure & Industry,Multi-statement,3,False,False,True,56,4,c,True,False,,RBI/Ministry of Finance/Budget/Economic Survey/official institutional source,,,,,UNVERIFIED,NO,PENDING,PENDING,No primary-source attribution entered without proposition-level verification.
UPSC-2019-GS1-Q049,2019,49,Polity & Governance,Parliament,Multi-statement,3,False,False,False,54,4,a,True,False,,Constitution/Act/Rules/official government institutional source,,,,,UNVERIFIED,NO,PENDING,PENDING,No primary-source attribution entered without proposition-level verification.
UPSC-2019-GS1-Q050,2019,50,Polity & Governance,Federalism & Centre–State Relations,Single-answer,0,False,False,False,24,4,b,True,False,,Constitution/Act/Rules/official government institutional source,,,,,UNVERIFIED,NO,PENDING,PENDING,No primary-source attribution entered without proposition-level verification.
UPSC-2019-GS1-Q051,2019,51,Polity & Governance,Social Justice & Vulnerable Sections,Multi-statement,4,False,False,False,71,4,c,True,False,,Constitution/Act/Rules/official government institutional source,,,,,UNVERIFIED,NO,PENDING,PENDING,No primary-source attribution entered without proposition-level verification.
UPSC-2019-GS1-Q052,2019,52,Polity & Governance,Judiciary,Single-answer,0,False,False,False,37,4,b,True,False,,Constitution/Act/Rules/official government institutional source,,,,,UNVERIFIED,NO,PENDING,PENDING,No primary-source attribution entered without proposition-level verification.
UPSC-2019-GS1-Q053,2019,53,Polity & Governance,Parliament & State Legislatures,Multi-statement,2,True,False,False,69,4,c,True,False,,Constitution/Act/Rules/official government institutional source,,,,,UNVERIFIED,NO,PENDING,PENDING,No primary-source attribution entered without proposition-level verification.
UPSC-2019-GS1-Q054,2019,54,Current Affairs,International Relations & Treaties,Multi-statement,4,False,True,False,106,4,c,True,False,,official organisation/government release/treaty document,,,,,UNVERIFIED,NO,PENDING,PENDING,No primary-source attribution entered without proposition-level verification.
UPSC-2019-GS1-Q055,2019,55,Environment & Ecology,Forest Rights,Multi-statement,3,False,False,False,84,4,d,True,False,,MoEFCC/official treaty convention/UN body/official environmental source,,,,,UNVERIFIED,NO,PENDING,PENDING,No primary-source attribution entered without proposition-level verification.
UPSC-2019-GS1-Q056,2019,56,Polity & Governance,Fundamental Rights,Single-answer,0,False,False,False,17,4,b,True,False,,Constitution/Act/Rules/official government institutional source,,,,,UNVERIFIED,NO,PENDING,PENDING,No primary-source attribution entered without proposition-level verification.
UPSC-2019-GS1-Q057,2019,57,Science & Technology,Science & Technology Institutions,Multi-statement,3,True,False,False,53,4,c,True,False,,concerned ministry/department/official scientific or international body,,,,,UNVERIFIED,NO,PENDING,PENDING,No primary-source attribution entered without proposition-level verification.
UPSC-2019-GS1-Q058,2019,58,Environment & Ecology,Environmental Governance & Legislation,Multi-statement,2,False,False,False,62,4,b,True,False,,MoEFCC/official treaty convention/UN body/official environmental source,,,,,UNVERIFIED,NO,PENDING,PENDING,No primary-source attribution entered without proposition-level verification.
UPSC-2019-GS1-Q059,2019,59,Environment & Ecology,Pollution & Waste Management,Single-answer,0,False,False,False,18,4,c,True,False,,MoEFCC/official treaty convention/UN body/official environmental source,,,,,UNVERIFIED,NO,PENDING,PENDING,No primary-source attribution entered without proposition-level verification.
UPSC-2019-GS1-Q060,2019,60,Economy,"Human Development, Poverty & Employment Schemes",Multi-statement,2,False,False,False,58,4,c,True,False,,RBI/Ministry of Finance/Budget/Economic Survey/official institutional source,,,,,UNVERIFIED,NO,PENDING,PENDING,No primary-source attribution entered without proposition-level verification.
UPSC-2019-GS1-Q061,2019,61,Economy,Banking & Financial Sector,Single-answer,0,False,False,False,10,4,b,True,False,,RBI/Ministry of Finance/Budget/Economic Survey/official institutional source,,,,,UNVERIFIED,NO,PENDING,PENDING,No primary-source attribution entered without proposition-level verification.
UPSC-2019-GS1-Q062,2019,62,Economy,Infrastructure & Industry,Multi-statement,3,False,False,False,86,4,a,True,False,,RBI/Ministry of Finance/Budget/Economic Survey/official institutional source,,,,,UNVERIFIED,NO,PENDING,PENDING,No primary-source attribution entered without proposition-level verification.
UPSC-2019-GS1-Q063,2019,63,Economy,External Sector & Balance Of Payments,Multi-statement,2,False,False,False,35,4,d,True,False,,RBI/Ministry of Finance/Budget/Economic Survey/official institutional source,,,,,UNVERIFIED,NO,PENDING,PENDING,No primary-source attribution entered without proposition-level verification.
UPSC-2019-GS1-Q064,2019,64,Economy,Banking & Financial Sector,Single-answer,0,True,False,False,16,4,b,True,False,,RBI/Ministry of Finance/Budget/Economic Survey/official institutional source,,,,,UNVERIFIED,NO,PENDING,PENDING,No primary-source attribution entered without proposition-level verification.
UPSC-2019-GS1-Q065,2019,65,Economy,External Sector & Balance Of Payments,Multi-statement,3,False,False,False,48,4,b,True,False,,RBI/Ministry of Finance/Budget/Economic Survey/official institutional source,,,,,UNVERIFIED,NO,PENDING,PENDING,No primary-source attribution entered without proposition-level verification.
UPSC-2019-GS1-Q066,2019,66,Polity & Governance,Union & State Executive,Single-answer,0,True,False,True,40,4,c,True,False,,Constitution/Act/Rules/official government institutional source,,,,,UNVERIFIED,NO,PENDING,PENDING,No primary-source attribution entered without proposition-level verification.
UPSC-2019-GS1-Q067,2019,67,Economy,Financial Markets & Capital Markets,Single-answer,0,False,False,False,28,4,d,True,False,,RBI/Ministry of Finance/Budget/Economic Survey/official institutional source,,,,,UNVERIFIED,NO,PENDING,PENDING,No primary-source attribution entered without proposition-level verification.
UPSC-2019-GS1-Q068,2019,68,Environment & Ecology,Environmental Governance & Legislation,Multi-statement,2,False,False,False,51,4,a,True,False,,MoEFCC/official treaty convention/UN body/official environmental source,,,,,UNVERIFIED,NO,PENDING,PENDING,No primary-source attribution entered without proposition-level verification.
UPSC-2019-GS1-Q069,2019,69,Polity & Governance,Parliament & State Legislatures,Multi-statement,5,False,False,False,53,4,a,True,False,,Constitution/Act/Rules/official government institutional source,,,,,UNVERIFIED,NO,PENDING,PENDING,No primary-source attribution entered without proposition-level verification.
UPSC-2019-GS1-Q070,2019,70,Economy,Economic Planning & Five-Year Plans,Multi-statement,3,False,False,False,84,4,a,True,False,,RBI/Ministry of Finance/Budget/Economic Survey/official institutional source,,,,,UNVERIFIED,NO,PENDING,PENDING,No primary-source attribution entered without proposition-level verification.
UPSC-2019-GS1-Q071,2019,71,Economy,International Institutions & Reports,Multi-statement,3,True,False,False,47,4,a,True,False,,RBI/Ministry of Finance/Budget/Economic Survey/official institutional source,,,,,UNVERIFIED,NO,PENDING,PENDING,No primary-source attribution entered without proposition-level verification.
UPSC-2019-GS1-Q072,2019,72,Economy,Banking & Financial Sector,Single-answer,0,False,False,True,15,4,d,True,False,,RBI/Ministry of Finance/Budget/Economic Survey/official institutional source,,,,,UNVERIFIED,NO,PENDING,PENDING,No primary-source attribution entered without proposition-level verification.
UPSC-2019-GS1-Q073,2019,73,Economy,Banking & Financial Sector,Single-answer,0,False,False,False,10,4,a,True,False,,RBI/Ministry of Finance/Budget/Economic Survey/official institutional source,,,,,UNVERIFIED,NO,PENDING,PENDING,No primary-source attribution entered without proposition-level verification.
UPSC-2019-GS1-Q074,2019,74,Economy,Infrastructure & Industry,Multi-statement,3,False,False,False,61,4,b,True,False,,RBI/Ministry of Finance/Budget/Economic Survey/official institutional source,,,,,UNVERIFIED,NO,PENDING,PENDING,No primary-source attribution entered without proposition-level verification.
UPSC-2019-GS1-Q075,2019,75,Science & Technology,Computer & Information Technology,Single-answer,2,False,False,False,53,4,d,True,False,,concerned ministry/department/official scientific or international body,,,,,UNVERIFIED,NO,PENDING,PENDING,No primary-source attribution entered without proposition-level verification.
UPSC-2019-GS1-Q076,2019,76,Polity & Governance,Social Justice & Vulnerable Sections,Multi-statement,3,False,False,False,59,4,c,True,False,,Constitution/Act/Rules/official government institutional source,,,,,UNVERIFIED,NO,PENDING,PENDING,No primary-source attribution entered without proposition-level verification.
UPSC-2019-GS1-Q077,2019,77,Economy,International Institutions & Reports,Single-answer,0,True,False,False,18,4,a,True,False,,RBI/Ministry of Finance/Budget/Economic Survey/official institutional source,,,,,UNVERIFIED,NO,PENDING,PENDING,No primary-source attribution entered without proposition-level verification.
UPSC-2019-GS1-Q078,2019,78,Environment & Ecology,Pollution & Waste Management,Single-answer,0,False,False,False,16,4,c,True,False,,MoEFCC/official treaty convention/UN body/official environmental source,,,,,UNVERIFIED,NO,PENDING,PENDING,No primary-source attribution entered without proposition-level verification.
UPSC-2019-GS1-Q079,2019,79,Economy,"Human Development, Poverty & Employment Schemes",Single-answer,0,False,False,False,25,4,c,True,False,,RBI/Ministry of Finance/Budget/Economic Survey/official institutional source,,,,,UNVERIFIED,NO,PENDING,PENDING,No primary-source attribution entered without proposition-level verification.
UPSC-2019-GS1-Q080,2019,80,Economy,"Human Development, Poverty & Employment Schemes",Single-answer,0,False,False,False,20,4,d,True,False,,RBI/Ministry of Finance/Budget/Economic Survey/official institutional source,,,,,UNVERIFIED,NO,PENDING,PENDING,No primary-source attribution entered without proposition-level verification.
UPSC-2019-GS1-Q081,2019,81,Polity & Governance,Judiciary,Multi-statement,2,False,False,False,56,4,d,True,False,,Constitution/Act/Rules/official government institutional source,,,,,UNVERIFIED,NO,PENDING,PENDING,No primary-source attribution entered without proposition-level verification.
UPSC-2019-GS1-Q082,2019,82,Economy,National Income & Economic Growth,Multi-statement,2,False,False,False,52,4,a,True,False,,RBI/Ministry of Finance/Budget/Economic Survey/official institutional source,,,,,UNVERIFIED,NO,PENDING,PENDING,No primary-source attribution entered without proposition-level verification.
UPSC-2019-GS1-Q083,2019,83,Economy,Agriculture & Rural Development,Multi-statement,4,False,False,False,68,4,a,True,False,,RBI/Ministry of Finance/Budget/Economic Survey/official institutional source,,,,,UNVERIFIED,NO,PENDING,PENDING,No primary-source attribution entered without proposition-level verification.
UPSC-2019-GS1-Q084,2019,84,Economy,International Trade & WTO,Single-answer,0,False,False,False,26,4,d,True,False,,RBI/Ministry of Finance/Budget/Economic Survey/official institutional source,,,,,UNVERIFIED,NO,PENDING,PENDING,No primary-source attribution entered without proposition-level verification.
UPSC-2019-GS1-Q085,2019,85,Polity & Governance,Political Theory & Concepts,Single-answer,0,False,False,False,20,4,d,True,False,,Constitution/Act/Rules/official government institutional source,,,,,UNVERIFIED,NO,PENDING,PENDING,No primary-source attribution entered without proposition-level verification.
UPSC-2019-GS1-Q086,2019,86,Economy,External Sector & Balance Of Payments,Single-answer,0,True,False,False,21,4,d,True,False,,RBI/Ministry of Finance/Budget/Economic Survey/official institutional source,,,,,UNVERIFIED,NO,PENDING,PENDING,No primary-source attribution entered without proposition-level verification.
UPSC-2019-GS1-Q087,2019,87,Economy,Digital Payments & Financial Inclusion,Multi-statement,3,False,False,False,99,4,a,True,False,,RBI/Ministry of Finance/Budget/Economic Survey/official institutional source,,,,,UNVERIFIED,NO,PENDING,PENDING,No primary-source attribution entered without proposition-level verification.
UPSC-2019-GS1-Q088,2019,88,Science & Technology,Computer & Information Technology,Single-answer,0,False,False,False,33,4,c,True,False,,concerned ministry/department/official scientific or international body,,,,,UNVERIFIED,NO,PENDING,PENDING,No primary-source attribution entered without proposition-level verification.
UPSC-2019-GS1-Q089,2019,89,Current Affairs,International Relations & Treaties,Single-answer,0,False,True,True,26,4,b,True,False,,official organisation/government release/treaty document,,,,,UNVERIFIED,NO,PENDING,PENDING,No primary-source attribution entered without proposition-level verification.
UPSC-2019-GS1-Q090,2019,90,Economy,Monetary Policy & Money Supply,Single-answer,0,False,False,False,13,4,b,True,False,,RBI/Ministry of Finance/Budget/Economic Survey/official institutional source,,,,,UNVERIFIED,NO,PENDING,PENDING,No primary-source attribution entered without proposition-level verification.
UPSC-2019-GS1-Q091,2019,91,Science & Technology,Computer & Information Technology,Multi-statement,4,False,False,False,90,4,b,True,False,,concerned ministry/department/official scientific or international body,,,,,UNVERIFIED,NO,PENDING,PENDING,No primary-source attribution entered without proposition-level verification.
UPSC-2019-GS1-Q092,2019,92,Science & Technology,Biology,Single-answer,0,False,False,False,11,4,b,True,False,,concerned ministry/department/official scientific or international body,,,,,UNVERIFIED,NO,PENDING,PENDING,No primary-source attribution entered without proposition-level verification.
UPSC-2019-GS1-Q093,2019,93,Science & Technology,Biotechnology & Genetics,Single-answer,0,True,False,False,17,4,a,True,False,,concerned ministry/department/official scientific or international body,,,,,UNVERIFIED,NO,PENDING,PENDING,No primary-source attribution entered without proposition-level verification.
UPSC-2019-GS1-Q094,2019,94,Science & Technology,Computer & Information Technology,Multi-statement,3,False,False,False,64,4,c,True,False,,concerned ministry/department/official scientific or international body,,,,,UNVERIFIED,NO,PENDING,PENDING,No primary-source attribution entered without proposition-level verification.
UPSC-2019-GS1-Q095,2019,95,Science & Technology,Computer & Information Technology,Multi-statement,3,False,False,False,43,4,d,True,False,,concerned ministry/department/official scientific or international body,,,,,UNVERIFIED,NO,PENDING,PENDING,No primary-source attribution entered without proposition-level verification.
UPSC-2019-GS1-Q096,2019,96,Science & Technology,Biotechnology & Genetics,Single-answer,4,False,False,False,69,4,a,True,False,,concerned ministry/department/official scientific or international body,,,,,UNVERIFIED,NO,PENDING,PENDING,No primary-source attribution entered without proposition-level verification.
UPSC-2019-GS1-Q097,2019,97,Science & Technology,Space Technology & Astronomy,Single-answer,0,False,False,True,22,4,b,True,False,,concerned ministry/department/official scientific or international body,,,,,UNVERIFIED,NO,PENDING,PENDING,No primary-source attribution entered without proposition-level verification.
UPSC-2019-GS1-Q098,2019,98,Science & Technology,Health & Diseases,Multi-statement,4,True,False,False,55,4,b,True,False,,concerned ministry/department/official scientific or international body,,,,,UNVERIFIED,NO,PENDING,PENDING,No primary-source attribution entered without proposition-level verification.
UPSC-2019-GS1-Q099,2019,99,Science & Technology,Biotechnology & Genetics,Single-answer,0,False,False,False,10,4,a,True,False,,concerned ministry/department/official scientific or international body,,,,,UNVERIFIED,NO,PENDING,PENDING,No primary-source attribution entered without proposition-level verification.
UPSC-2019-GS1-Q100,2019,100,Science & Technology,Health & Diseases,Single-answer,0,True,False,False,9,4,b,True,False,,concerned ministry/department/official scientific or international body,,,,,UNVERIFIED,NO,PENDING,PENDING,No primary-source attribution entered without proposition-level verification.
UPSC-2020-GS1-Q001,2020,1,Polity & Governance,Constitutional & Statutory Bodies,Multi-statement,4,False,False,False,63,4,b,True,False,,Constitution/Act/Rules/official government institutional source,,,,,UNVERIFIED,NO,PENDING,PENDING,No primary-source attribution entered without proposition-level verification.
UPSC-2020-GS1-Q002,2020,2,Polity & Governance,Parliament & State Legislatures,Single-answer,0,False,False,False,9,4,b,True,False,,Constitution/Act/Rules/official government institutional source,,,,,UNVERIFIED,NO,PENDING,PENDING,No primary-source attribution entered without proposition-level verification.
UPSC-2020-GS1-Q003,2020,3,Polity & Governance,Public Finance & Finance Commission,Multi-statement,4,True,False,False,97,4,d,True,False,,Constitution/Act/Rules/official government institutional source,,,,,UNVERIFIED,NO,PENDING,PENDING,No primary-source attribution entered without proposition-level verification.
UPSC-2020-GS1-Q004,2020,4,Polity & Governance,Fundamental Rights,Single-answer,0,False,False,False,19,4,d,True,False,,Constitution/Act/Rules/official government institutional source,,,,,UNVERIFIED,NO,PENDING,PENDING,No primary-source attribution entered without proposition-level verification.
UPSC-2020-GS1-Q005,2020,5,Polity & Governance,Directive Principles Of State Policy,Single-answer,0,False,False,False,11,4,b,True,False,,Constitution/Act/Rules/official government institutional source,,,,,UNVERIFIED,NO,PENDING,PENDING,No primary-source attribution entered without proposition-level verification.
UPSC-2020-GS1-Q006,2020,6,Economy,Fiscal Policy & Budget,Single-answer,0,False,False,False,31,4,d,True,False,,RBI/Ministry of Finance/Budget/Economic Survey/official institutional source,,,,,UNVERIFIED,NO,PENDING,PENDING,No primary-source attribution entered without proposition-level verification.
UPSC-2020-GS1-Q007,2020,7,Polity & Governance,Constitutional Framework & Development,Single-answer,0,False,False,False,7,4,d,True,False,,Constitution/Act/Rules/official government institutional source,,,,,UNVERIFIED,NO,PENDING,PENDING,No primary-source attribution entered without proposition-level verification.
UPSC-2020-GS1-Q008,2020,8,Polity & Governance,Constitutional Framework & Development,Multi-statement,3,False,False,False,50,4,d,True,False,,Constitution/Act/Rules/official government institutional source,,,,,UNVERIFIED,NO,PENDING,PENDING,No primary-source attribution entered without proposition-level verification.
UPSC-2020-GS1-Q009,2020,9,Polity & Governance,Constitutional & Statutory Bodies,Multi-statement,4,False,False,False,70,4,a,True,False,,Constitution/Act/Rules/official government institutional source,,,,,UNVERIFIED,NO,PENDING,PENDING,No primary-source attribution entered without proposition-level verification.
UPSC-2020-GS1-Q010,2020,10,Current Affairs,International Relations & Treaties,Match/Pair,4,False,True,False,48,4,c,True,False,,official organisation/government release/treaty document,,,,,UNVERIFIED,NO,PENDING,PENDING,No primary-source attribution entered without proposition-level verification.
UPSC-2020-GS1-Q011,2020,11,Polity & Governance,Parliament & State Legislatures,Single-answer,0,False,False,False,9,4,b,True,False,,Constitution/Act/Rules/official government institutional source,,,,,UNVERIFIED,NO,PENDING,PENDING,No primary-source attribution entered without proposition-level verification.
UPSC-2020-GS1-Q012,2020,12,Polity & Governance,Directive Principles Of State Policy,Single-answer,0,False,False,False,14,4,a,True,False,,Constitution/Act/Rules/official government institutional source,,,,,UNVERIFIED,NO,PENDING,PENDING,No primary-source attribution entered without proposition-level verification.
UPSC-2020-GS1-Q013,2020,13,Polity & Governance,Constitutional Framework & Development,Multi-statement,2,False,False,False,57,4,d,True,False,,Constitution/Act/Rules/official government institutional source,,,,,UNVERIFIED,NO,PENDING,PENDING,No primary-source attribution entered without proposition-level verification.
UPSC-2020-GS1-Q014,2020,14,History,Key Personalities & Ideologies,Single-answer,0,False,False,False,8,4,a,True,False,,NCERT/ASI/Ministry of Culture/official archival or primary historical source,,,,,UNVERIFIED,NO,PENDING,PENDING,No primary-source attribution entered without proposition-level verification.
UPSC-2020-GS1-Q015,2020,15,Polity & Governance,Union & State Executive,Single-answer,0,False,False,False,17,4,d,True,False,,Constitution/Act/Rules/official government institutional source,,,,,UNVERIFIED,NO,PENDING,PENDING,No primary-source attribution entered without proposition-level verification.
UPSC-2020-GS1-Q016,2020,16,Polity & Governance,Constitutional Framework & Development,Single-answer,0,False,False,False,8,4,d,True,False,,Constitution/Act/Rules/official government institutional source,,,,,UNVERIFIED,NO,PENDING,PENDING,No primary-source attribution entered without proposition-level verification.
UPSC-2020-GS1-Q017,2020,17,Economy,International Institutions & Reports,Single-answer,0,False,False,False,6,4,d,True,False,,RBI/Ministry of Finance/Budget/Economic Survey/official institutional source,,,,,UNVERIFIED,NO,PENDING,PENDING,No primary-source attribution entered without proposition-level verification.
UPSC-2020-GS1-Q018,2020,18,Polity & Governance,Directive Principles Of State Policy,Multi-statement,3,True,False,False,66,4,d,True,False,,Constitution/Act/Rules/official government institutional source,,,,,UNVERIFIED,NO,PENDING,PENDING,No primary-source attribution entered without proposition-level verification.
UPSC-2020-GS1-Q019,2020,19,Polity & Governance,Elections,Multi-statement,2,True,False,False,88,4,d,True,False,,Constitution/Act/Rules/official government institutional source,,,,,UNVERIFIED,NO,PENDING,PENDING,No primary-source attribution entered without proposition-level verification.
UPSC-2020-GS1-Q020,2020,20,Polity & Governance,Parliament & State Legislatures,Multi-statement,3,True,False,False,76,4,c,True,False,,Constitution/Act/Rules/official government institutional source,,,,,UNVERIFIED,NO,PENDING,PENDING,No primary-source attribution entered without proposition-level verification.
UPSC-2020-GS1-Q021,2020,21,History,British Administration & Economic Policies,Match/Pair,3,False,False,False,50,4,b,True,False,,NCERT/ASI/Ministry of Culture/official archival or primary historical source,,,,,UNVERIFIED,NO,PENDING,PENDING,No primary-source attribution entered without proposition-level verification.
UPSC-2020-GS1-Q022,2020,22,History,Buddhism & Jainism,Multi-statement,3,False,False,False,50,4,b,True,False,,NCERT/ASI/Ministry of Culture/official archival or primary historical source,,,,,UNVERIFIED,NO,PENDING,PENDING,No primary-source attribution entered without proposition-level verification.
UPSC-2020-GS1-Q023,2020,23,History,British Administration & Economic Policies,Single-answer,0,False,False,False,23,4,a,True,False,,NCERT/ASI/Ministry of Culture/official archival or primary historical source,,,,,UNVERIFIED,NO,PENDING,PENDING,No primary-source attribution entered without proposition-level verification.
UPSC-2020-GS1-Q024,2020,24,History,Post-Gupta & Early Medieval Dynasties,Multi-statement,4,False,False,False,57,4,c,True,False,,NCERT/ASI/Ministry of Culture/official archival or primary historical source,,,,,UNVERIFIED,NO,PENDING,PENDING,No primary-source attribution entered without proposition-level verification.
UPSC-2020-GS1-Q025,2020,25,History,Trade & Economy,Single-answer,0,False,False,False,22,4,c,True,False,,NCERT/ASI/Ministry of Culture/official archival or primary historical source,,,,,UNVERIFIED,NO,PENDING,PENDING,No primary-source attribution entered without proposition-level verification.
UPSC-2020-GS1-Q026,2020,26,History,Early Nationalism & Indian National Congress (1885-1915),Multi-statement,3,False,False,False,71,4,a,True,False,,NCERT/ASI/Ministry of Culture/official archival or primary historical source,,,,,UNVERIFIED,NO,PENDING,PENDING,No primary-source attribution entered without proposition-level verification.
UPSC-2020-GS1-Q027,2020,27,History,Gandhian Mass Movements (1915-1942),Multi-statement,4,True,False,False,64,4,c,True,True,CANCELLED,NCERT/ASI/Ministry of Culture/official archival or primary historical source,,,,,UNVERIFIED,NO,PENDING,PENDING,No primary-source attribution entered without proposition-level verification.
UPSC-2020-GS1-Q028,2020,28,History,Social & Religious Reform Movements,Single-answer,0,False,False,False,18,4,a,True,False,,NCERT/ASI/Ministry of Culture/official archival or primary historical source,,,,,UNVERIFIED,NO,PENDING,PENDING,No primary-source attribution entered without proposition-level verification.
UPSC-2020-GS1-Q029,2020,29,History,"Society, Law & Administration",Single-answer,0,False,False,False,13,4,a,True,False,,NCERT/ASI/Ministry of Culture/official archival or primary historical source,,,,,UNVERIFIED,NO,PENDING,PENDING,No primary-source attribution entered without proposition-level verification.
UPSC-2020-GS1-Q030,2020,30,History,Mauryan Empire,Single-answer,0,False,False,False,45,4,a,True,False,,NCERT/ASI/Ministry of Culture/official archival or primary historical source,,,,,UNVERIFIED,NO,PENDING,PENDING,No primary-source attribution entered without proposition-level verification.
UPSC-2020-GS1-Q031,2020,31,Art & Culture,Philosophy & Religion,Single-answer,0,False,False,False,22,4,c,True,False,,NCERT/ASI/Ministry of Culture/official archival or primary historical source,,,,,UNVERIFIED,NO,PENDING,PENDING,No primary-source attribution entered without proposition-level verification.
UPSC-2020-GS1-Q032,2020,32,History,Social & Religious Reform Movements,Single-answer,3,False,False,False,38,4,b,True,False,,NCERT/ASI/Ministry of Culture/official archival or primary historical source,,,,,UNVERIFIED,NO,PENDING,PENDING,No primary-source attribution entered without proposition-level verification.
UPSC-2020-GS1-Q033,2020,33,History,British Administration & Economic Policies,Single-answer,0,False,False,False,14,4,b,True,False,,NCERT/ASI/Ministry of Culture/official archival or primary historical source,,,,,UNVERIFIED,NO,PENDING,PENDING,No primary-source attribution entered without proposition-level verification.
UPSC-2020-GS1-Q034,2020,34,History,British Administration & Economic Policies,Single-answer,0,False,False,False,9,4,d,True,False,,NCERT/ASI/Ministry of Culture/official archival or primary historical source,,,,,UNVERIFIED,NO,PENDING,PENDING,No primary-source attribution entered without proposition-level verification.
UPSC-2020-GS1-Q035,2020,35,History,"Peasant, Tribal & Labour Movements",Single-answer,0,False,False,False,22,4,d,True,False,,NCERT/ASI/Ministry of Culture/official archival or primary historical source,,,,,UNVERIFIED,NO,PENDING,PENDING,No primary-source attribution entered without proposition-level verification.
UPSC-2020-GS1-Q036,2020,36,Art & Culture,Literature & Languages,Multi-statement,4,False,False,False,44,4,c,True,False,,NCERT/ASI/Ministry of Culture/official archival or primary historical source,,,,,UNVERIFIED,NO,PENDING,PENDING,No primary-source attribution entered without proposition-level verification.
UPSC-2020-GS1-Q037,2020,37,Science & Technology,Biotechnology & Genetics,Single-answer,0,False,False,False,15,4,d,True,False,,concerned ministry/department/official scientific or international body,,,,,UNVERIFIED,NO,PENDING,PENDING,No primary-source attribution entered without proposition-level verification.
UPSC-2020-GS1-Q038,2020,38,Science & Technology,Computer & Information Technology,Multi-statement,5,False,False,False,53,4,b,True,False,,concerned ministry/department/official scientific or international body,,,,,UNVERIFIED,NO,PENDING,PENDING,No primary-source attribution entered without proposition-level verification.
UPSC-2020-GS1-Q039,2020,39,Science & Technology,Computer & Information Technology,Multi-statement,4,False,False,False,62,4,c,True,False,,concerned ministry/department/official scientific or international body,,,,,UNVERIFIED,NO,PENDING,PENDING,No primary-source attribution entered without proposition-level verification.
UPSC-2020-GS1-Q040,2020,40,Science & Technology,Computer & Information Technology,Multi-statement,3,False,False,False,69,4,d,True,False,,concerned ministry/department/official scientific or international body,,,,,UNVERIFIED,NO,PENDING,PENDING,No primary-source attribution entered without proposition-level verification.
UPSC-2020-GS1-Q041,2020,41,Science & Technology,Materials & Engineering,Multi-statement,4,False,False,False,63,4,c,True,False,,concerned ministry/department/official scientific or international body,,,,,UNVERIFIED,NO,PENDING,PENDING,No primary-source attribution entered without proposition-level verification.
UPSC-2020-GS1-Q042,2020,42,Science & Technology,Defence Technology,Multi-statement,3,False,False,False,49,4,d,True,False,,concerned ministry/department/official scientific or international body,,,,,UNVERIFIED,NO,PENDING,PENDING,No primary-source attribution entered without proposition-level verification.
UPSC-2020-GS1-Q043,2020,43,Science & Technology,Space Technology & Astronomy,Single-answer,0,False,False,False,37,4,d,True,False,,concerned ministry/department/official scientific or international body,,,,,UNVERIFIED,NO,PENDING,PENDING,No primary-source attribution entered without proposition-level verification.
UPSC-2020-GS1-Q044,2020,44,Science & Technology,Biotechnology & Genetics,Multi-statement,3,False,False,False,61,4,d,True,False,,concerned ministry/department/official scientific or international body,,,,,UNVERIFIED,NO,PENDING,PENDING,No primary-source attribution entered without proposition-level verification.
UPSC-2020-GS1-Q045,2020,45,Science & Technology,Health & Diseases,Single-answer,3,True,False,False,61,4,b,True,False,,concerned ministry/department/official scientific or international body,,,,,UNVERIFIED,NO,PENDING,PENDING,No primary-source attribution entered without proposition-level verification.
UPSC-2020-GS1-Q046,2020,46,Science & Technology,Computer & Information Technology,Single-answer,0,False,False,False,13,4,a,True,False,,concerned ministry/department/official scientific or international body,,,,,UNVERIFIED,NO,PENDING,PENDING,No primary-source attribution entered without proposition-level verification.
UPSC-2020-GS1-Q047,2020,47,Science & Technology,Biology,Multi-statement,3,True,False,False,67,4,c,True,False,,concerned ministry/department/official scientific or international body,,,,,UNVERIFIED,NO,PENDING,PENDING,No primary-source attribution entered without proposition-level verification.
UPSC-2020-GS1-Q048,2020,48,Environment & Ecology,Pollution,Multi-statement,5,False,False,False,43,4,a,True,False,,MoEFCC/official treaty convention/UN body/official environmental source,,,,,UNVERIFIED,NO,PENDING,PENDING,No primary-source attribution entered without proposition-level verification.
UPSC-2020-GS1-Q049,2020,49,Economy,External Sector & Balance Of Payments,Multi-statement,3,True,False,False,55,4,a,True,False,,RBI/Ministry of Finance/Budget/Economic Survey/official institutional source,,,,,UNVERIFIED,NO,PENDING,PENDING,No primary-source attribution entered without proposition-level verification.
UPSC-2020-GS1-Q050,2020,50,Economy,Monetary Policy & Money Supply,Single-answer,0,False,False,False,27,4,d,True,False,,RBI/Ministry of Finance/Budget/Economic Survey/official institutional source,,,,,UNVERIFIED,NO,PENDING,PENDING,No primary-source attribution entered without proposition-level verification.
UPSC-2020-GS1-Q051,2020,51,Economy,External Sector & Balance Of Payments,Single-answer,0,False,False,False,19,4,b,True,False,,RBI/Ministry of Finance/Budget/Economic Survey/official institutional source,,,,,UNVERIFIED,NO,PENDING,PENDING,No primary-source attribution entered without proposition-level verification.
UPSC-2020-GS1-Q052,2020,52,Economy,External Sector & Balance Of Payments,Multi-statement,4,False,False,False,75,4,c,True,True,CANCELLED,RBI/Ministry of Finance/Budget/Economic Survey/official institutional source,,,,,UNVERIFIED,NO,PENDING,PENDING,No primary-source attribution entered without proposition-level verification.
UPSC-2020-GS1-Q053,2020,53,Economy,Financial Markets & Capital Markets,Single-answer,0,False,False,False,14,4,a,True,False,,RBI/Ministry of Finance/Budget/Economic Survey/official institutional source,,,,,UNVERIFIED,NO,PENDING,PENDING,No primary-source attribution entered without proposition-level verification.
UPSC-2020-GS1-Q054,2020,54,Economy,Fiscal Policy & Budget,Multi-statement,3,False,False,False,40,4,d,True,False,,RBI/Ministry of Finance/Budget/Economic Survey/official institutional source,,,,,UNVERIFIED,NO,PENDING,PENDING,No primary-source attribution entered without proposition-level verification.
UPSC-2020-GS1-Q055,2020,55,Science & Technology,Energy & Environment,Single-answer,0,True,False,False,16,4,b,True,False,,concerned ministry/department/official scientific or international body,,,,,UNVERIFIED,NO,PENDING,PENDING,No primary-source attribution entered without proposition-level verification.
UPSC-2020-GS1-Q056,2020,56,Economy,International Trade & WTO,Multi-statement,3,True,False,False,60,4,c,True,False,,RBI/Ministry of Finance/Budget/Economic Survey/official institutional source,,,,,UNVERIFIED,NO,PENDING,PENDING,No primary-source attribution entered without proposition-level verification.
UPSC-2020-GS1-Q057,2020,57,Economy,Monetary Policy & Money Supply,Multi-statement,3,True,False,False,52,4,b,True,False,,RBI/Ministry of Finance/Budget/Economic Survey/official institutional source,,,,,UNVERIFIED,NO,PENDING,PENDING,No primary-source attribution entered without proposition-level verification.
UPSC-2020-GS1-Q058,2020,58,Economy,Agriculture & Rural Development,Multi-statement,4,False,False,False,76,4,b,True,False,,RBI/Ministry of Finance/Budget/Economic Survey/official institutional source,,,,,UNVERIFIED,NO,PENDING,PENDING,No primary-source attribution entered without proposition-level verification.
UPSC-2020-GS1-Q059,2020,59,Economy,Banking & Financial Sector,Multi-statement,2,False,False,False,62,4,b,True,False,,RBI/Ministry of Finance/Budget/Economic Survey/official institutional source,,,,,UNVERIFIED,NO,PENDING,PENDING,No primary-source attribution entered without proposition-level verification.
UPSC-2020-GS1-Q060,2020,60,Science & Technology,Computer & Information Technology,Multi-statement,4,False,False,False,102,4,b,True,False,,concerned ministry/department/official scientific or international body,,,,,UNVERIFIED,NO,PENDING,PENDING,No primary-source attribution entered without proposition-level verification.
UPSC-2020-GS1-Q061,2020,61,Economy,Agriculture & Rural Development,Multi-statement,5,False,False,False,72,4,c,True,False,,RBI/Ministry of Finance/Budget/Economic Survey/official institutional source,,,,,UNVERIFIED,NO,PENDING,PENDING,No primary-source attribution entered without proposition-level verification.
UPSC-2020-GS1-Q062,2020,62,Economy,Banking & Financial Sector,Single-answer,3,False,False,False,86,4,a,True,False,,RBI/Ministry of Finance/Budget/Economic Survey/official institutional source,,,,,UNVERIFIED,NO,PENDING,PENDING,No primary-source attribution entered without proposition-level verification.
UPSC-2020-GS1-Q063,2020,63,Economy,Agriculture & Rural Development,Multi-statement,4,False,False,True,41,4,d,True,False,,RBI/Ministry of Finance/Budget/Economic Survey/official institutional source,,,,,UNVERIFIED,NO,PENDING,PENDING,No primary-source attribution entered without proposition-level verification.
UPSC-2020-GS1-Q064,2020,64,Economy,International Trade & WTO,Multi-statement,3,False,False,False,61,4,b,True,False,,RBI/Ministry of Finance/Budget/Economic Survey/official institutional source,,,,,UNVERIFIED,NO,PENDING,PENDING,No primary-source attribution entered without proposition-level verification.
UPSC-2020-GS1-Q065,2020,65,Current Affairs,International Organisations & Groupings,Single-answer,0,False,True,False,16,4,a,True,False,,official organisation/government release/treaty document,,,,,UNVERIFIED,NO,PENDING,PENDING,No primary-source attribution entered without proposition-level verification.
UPSC-2020-GS1-Q066,2020,66,Economy,Agriculture & Rural Development,Multi-statement,5,False,False,False,69,4,b,True,False,,RBI/Ministry of Finance/Budget/Economic Survey/official institutional source,,,,,UNVERIFIED,NO,PENDING,PENDING,No primary-source attribution entered without proposition-level verification.
UPSC-2020-GS1-Q067,2020,67,Economy,Inflation & Price Indices,Multi-statement,3,True,False,False,72,4,a,True,False,,RBI/Ministry of Finance/Budget/Economic Survey/official institutional source,,,,,UNVERIFIED,NO,PENDING,PENDING,No primary-source attribution entered without proposition-level verification.
UPSC-2020-GS1-Q068,2020,68,Geography,World Physical Geography,Match/Pair,4,False,False,False,36,4,c,True,False,,Survey of India/IMD/official atlas or international scientific body,,,,,UNVERIFIED,NO,PENDING,PENDING,No primary-source attribution entered without proposition-level verification.
UPSC-2020-GS1-Q069,2020,69,Economy,Agriculture & Rural Development,Multi-statement,2,False,False,False,64,4,d,True,False,,RBI/Ministry of Finance/Budget/Economic Survey/official institutional source,,,,,UNVERIFIED,NO,PENDING,PENDING,No primary-source attribution entered without proposition-level verification.
UPSC-2020-GS1-Q070,2020,70,Economy,Financial Markets & Capital Markets,Multi-statement,4,False,False,False,75,4,c,True,False,,RBI/Ministry of Finance/Budget/Economic Survey/official institutional source,,,,,UNVERIFIED,NO,PENDING,PENDING,No primary-source attribution entered without proposition-level verification.
UPSC-2020-GS1-Q071,2020,71,History,Buddhism & Jainism,Match/Pair,3,False,False,False,44,4,b,True,False,,NCERT/ASI/Ministry of Culture/official archival or primary historical source,,,,,UNVERIFIED,NO,PENDING,PENDING,No primary-source attribution entered without proposition-level verification.
UPSC-2020-GS1-Q072,2020,72,Environment & Ecology,Protected Areas & Wildlife,Multi-statement,4,False,False,False,66,4,a,True,False,,MoEFCC/official treaty convention/UN body/official environmental source,,,,,UNVERIFIED,NO,PENDING,PENDING,No primary-source attribution entered without proposition-level verification.
UPSC-2020-GS1-Q073,2020,73,Environment & Ecology,Protected Areas & Wildlife,Multi-statement,4,False,False,False,38,4,c,True,False,,MoEFCC/official treaty convention/UN body/official environmental source,,,,,UNVERIFIED,NO,PENDING,PENDING,No primary-source attribution entered without proposition-level verification.
UPSC-2020-GS1-Q074,2020,74,Environment & Ecology,Biodiversity & Conservation,Single-answer,0,False,False,False,15,4,a,True,False,,MoEFCC/official treaty convention/UN body/official environmental source,,,,,UNVERIFIED,NO,PENDING,PENDING,No primary-source attribution entered without proposition-level verification.
UPSC-2020-GS1-Q075,2020,75,Environment & Ecology,Protected Areas & Wildlife,Single-answer,0,False,False,False,32,4,a,True,False,,MoEFCC/official treaty convention/UN body/official environmental source,,,,,UNVERIFIED,NO,PENDING,PENDING,No primary-source attribution entered without proposition-level verification.
UPSC-2020-GS1-Q076,2020,76,Environment & Ecology,Renewable Energy & Green Technologies,Multi-statement,3,False,False,False,36,4,d,True,False,,MoEFCC/official treaty convention/UN body/official environmental source,,,,,UNVERIFIED,NO,PENDING,PENDING,No primary-source attribution entered without proposition-level verification.
UPSC-2020-GS1-Q077,2020,77,Environment & Ecology,Protected Areas & Wildlife,Multi-statement,4,False,False,False,45,4,a,True,False,,MoEFCC/official treaty convention/UN body/official environmental source,,,,,UNVERIFIED,NO,PENDING,PENDING,No primary-source attribution entered without proposition-level verification.
UPSC-2020-GS1-Q078,2020,78,Environment & Ecology,Renewable Energy & Green Technologies,Multi-statement,5,False,False,False,51,4,a,True,False,,MoEFCC/official treaty convention/UN body/official environmental source,,,,,UNVERIFIED,NO,PENDING,PENDING,No primary-source attribution entered without proposition-level verification.
UPSC-2020-GS1-Q079,2020,79,Environment & Ecology,Pollution & Waste Management,Multi-statement,3,False,False,False,45,4,d,True,False,,MoEFCC/official treaty convention/UN body/official environmental source,,,,,UNVERIFIED,NO,PENDING,PENDING,No primary-source attribution entered without proposition-level verification.
UPSC-2020-GS1-Q080,2020,80,Environment & Ecology,Sustainable Agriculture & Forestry,Multi-statement,3,False,False,False,71,4,d,True,False,,MoEFCC/official treaty convention/UN body/official environmental source,,,,,UNVERIFIED,NO,PENDING,PENDING,No primary-source attribution entered without proposition-level verification.
UPSC-2020-GS1-Q081,2020,81,Environment & Ecology,Environmental Governance & Legislation,Single-answer,0,False,False,False,21,4,a,True,False,,MoEFCC/official treaty convention/UN body/official environmental source,,,,,UNVERIFIED,NO,PENDING,PENDING,No primary-source attribution entered without proposition-level verification.
UPSC-2020-GS1-Q082,2020,82,History,Gupta Empire,Single-answer,0,False,False,False,21,4,a,True,False,,NCERT/ASI/Ministry of Culture/official archival or primary historical source,,,,,UNVERIFIED,NO,PENDING,PENDING,No primary-source attribution entered without proposition-level verification.
UPSC-2020-GS1-Q083,2020,83,Environment & Ecology,Sustainable Agriculture & Forestry,Single-answer,3,False,False,False,61,4,d,True,False,,MoEFCC/official treaty convention/UN body/official environmental source,,,,,UNVERIFIED,NO,PENDING,PENDING,No primary-source attribution entered without proposition-level verification.
UPSC-2020-GS1-Q084,2020,84,Environment & Ecology,Renewable Energy & Green Technologies,Multi-statement,5,False,False,False,51,4,a,True,False,,MoEFCC/official treaty convention/UN body/official environmental source,,,,,UNVERIFIED,NO,PENDING,PENDING,No primary-source attribution entered without proposition-level verification.
UPSC-2020-GS1-Q085,2020,85,Environment & Ecology,Climate Change & Greenhouse Gases,Single-answer,0,False,False,False,24,4,a,True,False,,MoEFCC/official treaty convention/UN body/official environmental source,,,,,UNVERIFIED,NO,PENDING,PENDING,No primary-source attribution entered without proposition-level verification.
UPSC-2020-GS1-Q086,2020,86,Geography,Indian Agriculture & Land Use,Multi-statement,3,False,False,False,64,4,a,True,False,,Survey of India/IMD/official atlas or international scientific body,,,,,UNVERIFIED,NO,PENDING,PENDING,No primary-source attribution entered without proposition-level verification.
UPSC-2020-GS1-Q087,2020,87,Geography,Indian Agriculture & Land Use,Single-answer,0,True,False,False,56,4,a,True,False,,Survey of India/IMD/official atlas or international scientific body,,,,,UNVERIFIED,NO,PENDING,PENDING,No primary-source attribution entered without proposition-level verification.
UPSC-2020-GS1-Q088,2020,88,Science & Technology,Energy & Environment,Multi-statement,2,True,False,False,51,4,d,True,False,,concerned ministry/department/official scientific or international body,,,,,UNVERIFIED,NO,PENDING,PENDING,No primary-source attribution entered without proposition-level verification.
UPSC-2020-GS1-Q089,2020,89,Geography,Indian Agriculture & Land Use,Multi-statement,4,False,False,False,106,4,c,True,False,,Survey of India/IMD/official atlas or international scientific body,,,,,UNVERIFIED,NO,PENDING,PENDING,No primary-source attribution entered without proposition-level verification.
UPSC-2020-GS1-Q090,2020,90,Environment & Ecology,Sustainable Agriculture & Forestry,Multi-statement,4,False,False,False,40,4,a,True,False,,MoEFCC/official treaty convention/UN body/official environmental source,,,,,UNVERIFIED,NO,PENDING,PENDING,No primary-source attribution entered without proposition-level verification.
UPSC-2020-GS1-Q091,2020,91,Environment & Ecology,Sustainable Agriculture & Forestry,Single-answer,4,False,False,False,60,4,c,True,False,,MoEFCC/official treaty convention/UN body/official environmental source,,,,,UNVERIFIED,NO,PENDING,PENDING,No primary-source attribution entered without proposition-level verification.
UPSC-2020-GS1-Q092,2020,92,Geography,Economic & Mineral Geography,Multi-statement,4,False,False,False,26,4,d,True,False,,Survey of India/IMD/official atlas or international scientific body,,,,,UNVERIFIED,NO,PENDING,PENDING,No primary-source attribution entered without proposition-level verification.
UPSC-2020-GS1-Q093,2020,93,Geography,Oceanography,Multi-statement,2,False,False,False,78,4,b,True,False,,Survey of India/IMD/official atlas or international scientific body,,,,,UNVERIFIED,NO,PENDING,PENDING,No primary-source attribution entered without proposition-level verification.
UPSC-2020-GS1-Q094,2020,94,Economy,Agriculture & Rural Development,Multi-statement,3,True,False,False,68,4,b,True,False,,RBI/Ministry of Finance/Budget/Economic Survey/official institutional source,,,,,UNVERIFIED,NO,PENDING,PENDING,No primary-source attribution entered without proposition-level verification.
UPSC-2020-GS1-Q095,2020,95,Environment & Ecology,Protected Areas & Wildlife,Multi-statement,3,False,False,False,53,4,c,True,False,,MoEFCC/official treaty convention/UN body/official environmental source,,,,,UNVERIFIED,NO,PENDING,PENDING,No primary-source attribution entered without proposition-level verification.
UPSC-2020-GS1-Q096,2020,96,Geography,Indian Physical Geography,Single-answer,0,False,False,False,6,4,d,True,False,,Survey of India/IMD/official atlas or international scientific body,,,,,UNVERIFIED,NO,PENDING,PENDING,No primary-source attribution entered without proposition-level verification.
UPSC-2020-GS1-Q097,2020,97,History,Medieval Culture & Historiography,Match/Pair,4,False,False,False,45,4,a,True,False,,NCERT/ASI/Ministry of Culture/official archival or primary historical source,,,,,UNVERIFIED,NO,PENDING,PENDING,No primary-source attribution entered without proposition-level verification.
UPSC-2020-GS1-Q098,2020,98,Environment & Ecology,Water & Wetland Conservation,Multi-statement,3,False,False,False,53,4,b,True,False,,MoEFCC/official treaty convention/UN body/official environmental source,,,,,UNVERIFIED,NO,PENDING,PENDING,No primary-source attribution entered without proposition-level verification.
UPSC-2020-GS1-Q099,2020,99,Geography,Atmosphere & Climatology,Multi-statement,3,False,False,False,48,4,c,True,False,,Survey of India/IMD/official atlas or international scientific body,,,,,UNVERIFIED,NO,PENDING,PENDING,No primary-source attribution entered without proposition-level verification.
UPSC-2020-GS1-Q100,2020,100,Environment & Ecology,Protected Areas & Wildlife,Single-answer,0,False,False,False,16,4,c,True,False,,MoEFCC/official treaty convention/UN body/official environmental source,,,,,UNVERIFIED,NO,PENDING,PENDING,No primary-source attribution entered without proposition-level verification.
UPSC-2021-GS1-Q001,2021,1,Economy,Banking & Financial Sector,Multi-statement,3,False,False,False,64,4,c,True,False,,RBI/Ministry of Finance/Budget/Economic Survey/official institutional source,,,,,UNVERIFIED,NO,PENDING,PENDING,No primary-source attribution entered without proposition-level verification.
UPSC-2021-GS1-Q002,2021,2,Economy,"Human Development, Poverty & Employment Schemes",Multi-statement,3,False,False,False,65,4,b,True,False,,RBI/Ministry of Finance/Budget/Economic Survey/official institutional source,,,,,UNVERIFIED,NO,PENDING,PENDING,No primary-source attribution entered without proposition-level verification.
UPSC-2021-GS1-Q003,2021,3,Economy,Fiscal Policy & Budget,Single-answer,0,False,False,False,18,4,b,True,False,,RBI/Ministry of Finance/Budget/Economic Survey/official institutional source,,,,,UNVERIFIED,NO,PENDING,PENDING,No primary-source attribution entered without proposition-level verification.
UPSC-2021-GS1-Q004,2021,4,Economy,National Income & Economic Growth,Multi-statement,4,False,False,False,53,4,a,True,False,,RBI/Ministry of Finance/Budget/Economic Survey/official institutional source,,,,,UNVERIFIED,NO,PENDING,PENDING,No primary-source attribution entered without proposition-level verification.
UPSC-2021-GS1-Q005,2021,5,Economy,Banking & Financial Sector,Multi-statement,3,False,False,False,63,4,b,True,False,,RBI/Ministry of Finance/Budget/Economic Survey/official institutional source,,,,,UNVERIFIED,NO,PENDING,PENDING,No primary-source attribution entered without proposition-level verification.
UPSC-2021-GS1-Q006,2021,6,Economy,Financial Markets & Capital Markets,Multi-statement,3,False,False,False,42,4,d,True,False,,RBI/Ministry of Finance/Budget/Economic Survey/official institutional source,,,,,UNVERIFIED,NO,PENDING,PENDING,No primary-source attribution entered without proposition-level verification.
UPSC-2021-GS1-Q007,2021,7,Economy,External Sector & Balance Of Payments,Multi-statement,4,False,False,False,35,4,a,True,False,,RBI/Ministry of Finance/Budget/Economic Survey/official institutional source,,,,,UNVERIFIED,NO,PENDING,PENDING,No primary-source attribution entered without proposition-level verification.
UPSC-2021-GS1-Q008,2021,8,Economy,External Sector & Balance Of Payments,Multi-statement,3,False,False,False,48,4,a,True,False,,RBI/Ministry of Finance/Budget/Economic Survey/official institutional source,,,,,UNVERIFIED,NO,PENDING,PENDING,No primary-source attribution entered without proposition-level verification.
UPSC-2021-GS1-Q009,2021,9,Economy,Banking & Financial Sector,Single-answer,0,False,False,False,25,4,d,True,False,,RBI/Ministry of Finance/Budget/Economic Survey/official institutional source,,,,,UNVERIFIED,NO,PENDING,PENDING,No primary-source attribution entered without proposition-level verification.
UPSC-2021-GS1-Q010,2021,10,Economy,"Human Development, Poverty & Employment Schemes",Single-answer,0,False,False,False,15,4,d,True,False,,RBI/Ministry of Finance/Budget/Economic Survey/official institutional source,,,,,UNVERIFIED,NO,PENDING,PENDING,No primary-source attribution entered without proposition-level verification.
UPSC-2021-GS1-Q011,2021,11,Economy,Fiscal Policy & Budget,Single-answer,0,False,False,False,13,4,c,True,False,,RBI/Ministry of Finance/Budget/Economic Survey/official institutional source,,,,,UNVERIFIED,NO,PENDING,PENDING,No primary-source attribution entered without proposition-level verification.
UPSC-2021-GS1-Q012,2021,12,Economy,National Income & Economic Growth,Multi-statement,5,False,False,False,41,4,a,True,False,,RBI/Ministry of Finance/Budget/Economic Survey/official institutional source,,,,,UNVERIFIED,NO,PENDING,PENDING,No primary-source attribution entered without proposition-level verification.
UPSC-2021-GS1-Q013,2021,13,Economy,Financial Markets & Capital Markets,Multi-statement,3,False,False,False,75,4,b,True,False,,RBI/Ministry of Finance/Budget/Economic Survey/official institutional source,,,,,UNVERIFIED,NO,PENDING,PENDING,No primary-source attribution entered without proposition-level verification.
UPSC-2021-GS1-Q014,2021,14,Economy,Digital Payments & Financial Inclusion,Multi-statement,3,False,False,False,66,4,c,True,False,,RBI/Ministry of Finance/Budget/Economic Survey/official institutional source,,,,,UNVERIFIED,NO,PENDING,PENDING,No primary-source attribution entered without proposition-level verification.
UPSC-2021-GS1-Q015,2021,15,Economy,Monetary Policy & Money Supply,Multi-statement,3,False,False,False,61,4,b,True,False,,RBI/Ministry of Finance/Budget/Economic Survey/official institutional source,,,,,UNVERIFIED,NO,PENDING,PENDING,No primary-source attribution entered without proposition-level verification.
UPSC-2021-GS1-Q016,2021,16,Environment & Ecology,Pollution & Waste Management,Single-answer,0,False,False,False,13,4,a,True,False,,MoEFCC/official treaty convention/UN body/official environmental source,,,,,UNVERIFIED,NO,PENDING,PENDING,No primary-source attribution entered without proposition-level verification.
UPSC-2021-GS1-Q017,2021,17,Environment & Ecology,Pollution & Waste Management,Single-answer,3,False,False,False,52,4,b,True,False,,MoEFCC/official treaty convention/UN body/official environmental source,,,,,UNVERIFIED,NO,PENDING,PENDING,No primary-source attribution entered without proposition-level verification.
UPSC-2021-GS1-Q018,2021,18,Environment & Ecology,Pollution & Waste Management,Multi-statement,3,False,False,False,42,4,d,True,False,,MoEFCC/official treaty convention/UN body/official environmental source,,,,,UNVERIFIED,NO,PENDING,PENDING,No primary-source attribution entered without proposition-level verification.
UPSC-2021-GS1-Q019,2021,19,Environment & Ecology,Climate Change & Greenhouse Gases,Single-answer,0,False,False,False,4,4,a,True,False,,MoEFCC/official treaty convention/UN body/official environmental source,,,,,UNVERIFIED,NO,PENDING,PENDING,No primary-source attribution entered without proposition-level verification.
UPSC-2021-GS1-Q020,2021,20,Environment & Ecology,Ecosystems & Ecology Concepts,Multi-statement,4,False,False,False,36,4,c,True,False,,MoEFCC/official treaty convention/UN body/official environmental source,,,,,UNVERIFIED,NO,PENDING,PENDING,No primary-source attribution entered without proposition-level verification.
UPSC-2021-GS1-Q021,2021,21,Environment & Ecology,Sustainable Agriculture & Forestry,Single-answer,0,False,False,False,13,4,c,True,False,,MoEFCC/official treaty convention/UN body/official environmental source,,,,,UNVERIFIED,NO,PENDING,PENDING,No primary-source attribution entered without proposition-level verification.
UPSC-2021-GS1-Q022,2021,22,Environment & Ecology,Ecosystems & Ecology Concepts,Multi-statement,4,False,False,False,28,4,b,True,False,,MoEFCC/official treaty convention/UN body/official environmental source,,,,,UNVERIFIED,NO,PENDING,PENDING,No primary-source attribution entered without proposition-level verification.
UPSC-2021-GS1-Q023,2021,23,Environment & Ecology,Ecosystems & Ecology Concepts,Multi-statement,3,False,False,False,33,4,d,True,False,,MoEFCC/official treaty convention/UN body/official environmental source,,,,,UNVERIFIED,NO,PENDING,PENDING,No primary-source attribution entered without proposition-level verification.
UPSC-2021-GS1-Q024,2021,24,Environment & Ecology,Environmental Governance & Legislation,Multi-statement,5,False,False,False,79,4,a,True,False,,MoEFCC/official treaty convention/UN body/official environmental source,,,,,UNVERIFIED,NO,PENDING,PENDING,No primary-source attribution entered without proposition-level verification.
UPSC-2021-GS1-Q025,2021,25,Environment & Ecology,Pollution & Waste Management,Multi-statement,5,False,False,False,47,4,b,True,False,,MoEFCC/official treaty convention/UN body/official environmental source,,,,,UNVERIFIED,NO,PENDING,PENDING,No primary-source attribution entered without proposition-level verification.
UPSC-2021-GS1-Q026,2021,26,Environment & Ecology,Ecosystems & Ecology Concepts,Single-answer,0,False,False,False,9,4,c,True,False,,MoEFCC/official treaty convention/UN body/official environmental source,,,,,UNVERIFIED,NO,PENDING,PENDING,No primary-source attribution entered without proposition-level verification.
UPSC-2021-GS1-Q027,2021,27,Environment & Ecology,Biogeochemical Cycles & Earth Systems,Single-answer,0,False,False,False,26,4,c,True,False,,MoEFCC/official treaty convention/UN body/official environmental source,,,,,UNVERIFIED,NO,PENDING,PENDING,No primary-source attribution entered without proposition-level verification.
UPSC-2021-GS1-Q028,2021,28,Environment & Ecology,Ecosystems & Ecology Concepts,Multi-statement,5,False,False,False,25,4,c,True,False,,MoEFCC/official treaty convention/UN body/official environmental source,,,,,UNVERIFIED,NO,PENDING,PENDING,No primary-source attribution entered without proposition-level verification.
UPSC-2021-GS1-Q029,2021,29,Environment & Ecology,Climate Change & Greenhouse Gases,Single-answer,0,False,False,False,11,4,a,True,False,,MoEFCC/official treaty convention/UN body/official environmental source,,,,,UNVERIFIED,NO,PENDING,PENDING,No primary-source attribution entered without proposition-level verification.
UPSC-2021-GS1-Q030,2021,30,Science & Technology,Biology,Multi-statement,3,False,False,False,29,4,d,True,False,,concerned ministry/department/official scientific or international body,,,,,UNVERIFIED,NO,PENDING,PENDING,No primary-source attribution entered without proposition-level verification.
UPSC-2021-GS1-Q031,2021,31,Art & Culture,Architecture & World Heritage,Multi-statement,4,False,False,False,77,4,c,True,False,,NCERT/ASI/Ministry of Culture/official archival or primary historical source,,,,,UNVERIFIED,NO,PENDING,PENDING,No primary-source attribution entered without proposition-level verification.
UPSC-2021-GS1-Q032,2021,32,History,Indus Valley Civilization,Single-answer,0,False,False,False,30,4,a,True,False,,NCERT/ASI/Ministry of Culture/official archival or primary historical source,,,,,UNVERIFIED,NO,PENDING,PENDING,No primary-source attribution entered without proposition-level verification.
UPSC-2021-GS1-Q033,2021,33,History,Advent Of Europeans & British Expansion,Multi-statement,3,False,False,False,37,4,a,True,False,,NCERT/ASI/Ministry of Culture/official archival or primary historical source,,,,,UNVERIFIED,NO,PENDING,PENDING,No primary-source attribution entered without proposition-level verification.
UPSC-2021-GS1-Q034,2021,34,History,Post-Gupta & Early Medieval Dynasties,Multi-statement,5,False,False,False,65,4,b,True,False,,NCERT/ASI/Ministry of Culture/official archival or primary historical source,,,,,UNVERIFIED,NO,PENDING,PENDING,No primary-source attribution entered without proposition-level verification.
UPSC-2021-GS1-Q035,2021,35,History,Vijayanagara Empire,Multi-statement,4,False,False,False,35,4,d,True,False,,NCERT/ASI/Ministry of Culture/official archival or primary historical source,,,,,UNVERIFIED,NO,PENDING,PENDING,No primary-source attribution entered without proposition-level verification.
UPSC-2021-GS1-Q036,2021,36,History,Key Personalities & Ideologies,Single-answer,0,False,False,False,15,4,c,True,False,,NCERT/ASI/Ministry of Culture/official archival or primary historical source,,,,,UNVERIFIED,NO,PENDING,PENDING,No primary-source attribution entered without proposition-level verification.
UPSC-2021-GS1-Q037,2021,37,History,Archaeology & Epigraphy,Match/Pair,3,False,False,False,37,4,d,True,False,,NCERT/ASI/Ministry of Culture/official archival or primary historical source,,,,,UNVERIFIED,NO,PENDING,PENDING,No primary-source attribution entered without proposition-level verification.
UPSC-2021-GS1-Q038,2021,38,History,Delhi Sultanate,Multi-statement,3,False,False,False,74,4,a,True,False,,NCERT/ASI/Ministry of Culture/official archival or primary historical source,,,,,UNVERIFIED,NO,PENDING,PENDING,No primary-source attribution entered without proposition-level verification.
UPSC-2021-GS1-Q039,2021,39,Art & Culture,Philosophy & Religion,Multi-statement,3,False,False,False,55,4,c,True,False,,NCERT/ASI/Ministry of Culture/official archival or primary historical source,,,,,UNVERIFIED,NO,PENDING,PENDING,No primary-source attribution entered without proposition-level verification.
UPSC-2021-GS1-Q040,2021,40,History,"Society, Law & Administration",Multi-statement,3,False,False,False,126,4,b,True,False,,NCERT/ASI/Ministry of Culture/official archival or primary historical source,,,,,UNVERIFIED,NO,PENDING,PENDING,No primary-source attribution entered without proposition-level verification.
UPSC-2021-GS1-Q041,2021,41,Art & Culture,Literature & Languages,Single-answer,0,False,False,False,14,4,b,True,False,,NCERT/ASI/Ministry of Culture/official archival or primary historical source,,,,,UNVERIFIED,NO,PENDING,PENDING,No primary-source attribution entered without proposition-level verification.
UPSC-2021-GS1-Q042,2021,42,History,Constitutional Developments & British Plans (1909-1947),Multi-statement,2,False,False,False,46,4,b,True,False,,Constitution/Act/Rules/official government institutional source,,,,,UNVERIFIED,NO,PENDING,PENDING,No primary-source attribution entered without proposition-level verification.
UPSC-2021-GS1-Q043,2021,43,History,Gandhian Mass Movements (1915-1942),Single-answer,0,False,False,False,17,4,a,True,False,,NCERT/ASI/Ministry of Culture/official archival or primary historical source,,,,,UNVERIFIED,NO,PENDING,PENDING,No primary-source attribution entered without proposition-level verification.
UPSC-2021-GS1-Q044,2021,44,History,Key Personalities & Ideologies,Single-answer,0,False,False,False,19,4,c,True,False,,NCERT/ASI/Ministry of Culture/official archival or primary historical source,,,,,UNVERIFIED,NO,PENDING,PENDING,No primary-source attribution entered without proposition-level verification.
UPSC-2021-GS1-Q045,2021,45,History,Mughal Empire,Single-answer,0,False,False,False,21,4,a,True,False,,NCERT/ASI/Ministry of Culture/official archival or primary historical source,,,,,UNVERIFIED,NO,PENDING,PENDING,No primary-source attribution entered without proposition-level verification.
UPSC-2021-GS1-Q046,2021,46,History,Social & Religious Reform Movements,Single-answer,0,False,False,False,22,4,c,True,False,,NCERT/ASI/Ministry of Culture/official archival or primary historical source,,,,,UNVERIFIED,NO,PENDING,PENDING,No primary-source attribution entered without proposition-level verification.
UPSC-2021-GS1-Q047,2021,47,History,Revolutionary & Communist Movements,Single-answer,0,False,False,False,19,4,d,True,False,,NCERT/ASI/Ministry of Culture/official archival or primary historical source,,,,,UNVERIFIED,NO,PENDING,PENDING,No primary-source attribution entered without proposition-level verification.
UPSC-2021-GS1-Q048,2021,48,History,Advent Of Europeans & British Expansion,Multi-statement,3,False,False,False,54,4,b,True,False,,NCERT/ASI/Ministry of Culture/official archival or primary historical source,,,,,UNVERIFIED,NO,PENDING,PENDING,No primary-source attribution entered without proposition-level verification.
UPSC-2021-GS1-Q049,2021,49,Art & Culture,Architecture & World Heritage,Single-answer,0,False,False,False,8,4,a,True,False,,NCERT/ASI/Ministry of Culture/official archival or primary historical source,,,,,UNVERIFIED,NO,PENDING,PENDING,No primary-source attribution entered without proposition-level verification.
UPSC-2021-GS1-Q050,2021,50,Current Affairs,International Organisations & Groupings,Multi-statement,2,False,True,False,47,4,b,True,False,,official organisation/government release/treaty document,,,,,UNVERIFIED,NO,PENDING,PENDING,No primary-source attribution entered without proposition-level verification.
UPSC-2021-GS1-Q051,2021,51,Environment & Ecology,Sustainable Agriculture & Forestry,Single-answer,4,True,False,False,94,4,b,True,False,,MoEFCC/official treaty convention/UN body/official environmental source,,,,,UNVERIFIED,NO,PENDING,PENDING,No primary-source attribution entered without proposition-level verification.
UPSC-2021-GS1-Q052,2021,52,Environment & Ecology,Sustainable Agriculture & Forestry,Multi-statement,3,False,False,False,53,4,b,True,False,,MoEFCC/official treaty convention/UN body/official environmental source,,,,,UNVERIFIED,NO,PENDING,PENDING,No primary-source attribution entered without proposition-level verification.
UPSC-2021-GS1-Q053,2021,53,Geography,Indian Rivers & Water Resources,Single-answer,0,False,False,False,38,4,d,True,False,,Survey of India/IMD/official atlas or international scientific body,,,,,UNVERIFIED,NO,PENDING,PENDING,No primary-source attribution entered without proposition-level verification.
UPSC-2021-GS1-Q054,2021,54,Geography,Indian Physical Geography,Single-answer,0,False,False,False,13,4,d,True,False,,Survey of India/IMD/official atlas or international scientific body,,,,,UNVERIFIED,NO,PENDING,PENDING,No primary-source attribution entered without proposition-level verification.
UPSC-2021-GS1-Q055,2021,55,Geography,Indian Rivers & Water Resources,Multi-statement,4,False,False,False,22,4,b,True,False,,Survey of India/IMD/official atlas or international scientific body,,,,,UNVERIFIED,NO,PENDING,PENDING,No primary-source attribution entered without proposition-level verification.
UPSC-2021-GS1-Q056,2021,56,Environment & Ecology,International Environmental Treaties & Summits,Multi-statement,3,False,False,False,51,4,b,True,False,,MoEFCC/official treaty convention/UN body/official environmental source,,,,,UNVERIFIED,NO,PENDING,PENDING,No primary-source attribution entered without proposition-level verification.
UPSC-2021-GS1-Q057,2021,57,Geography,Indian Agriculture & Land Use,Single-answer,0,True,False,False,10,4,a,True,False,,Survey of India/IMD/official atlas or international scientific body,,,,,UNVERIFIED,NO,PENDING,PENDING,No primary-source attribution entered without proposition-level verification.
UPSC-2021-GS1-Q058,2021,58,Geography,Atmosphere & Climatology,Multi-statement,2,False,False,False,54,4,c,True,False,,Survey of India/IMD/official atlas or international scientific body,,,,,UNVERIFIED,NO,PENDING,PENDING,No primary-source attribution entered without proposition-level verification.
UPSC-2021-GS1-Q059,2021,59,Environment & Ecology,Sustainable Agriculture & Forestry,Multi-statement,3,False,False,False,88,4,d,True,False,,MoEFCC/official treaty convention/UN body/official environmental source,,,,,UNVERIFIED,NO,PENDING,PENDING,No primary-source attribution entered without proposition-level verification.
UPSC-2021-GS1-Q060,2021,60,Environment & Ecology,Ecosystems & Ecology Concepts,Single-answer,0,False,False,False,60,4,d,True,False,,MoEFCC/official treaty convention/UN body/official environmental source,,,,,UNVERIFIED,NO,PENDING,PENDING,No primary-source attribution entered without proposition-level verification.
UPSC-2021-GS1-Q061,2021,61,Environment & Ecology,Ecosystems & Ecology Concepts,Multi-statement,5,False,False,False,70,4,c,True,False,,MoEFCC/official treaty convention/UN body/official environmental source,,,,,UNVERIFIED,NO,PENDING,PENDING,No primary-source attribution entered without proposition-level verification.
UPSC-2021-GS1-Q062,2021,62,Geography,Hydrology / Water distribution,Multi-statement,2,False,False,False,57,4,b,True,False,,Survey of India/IMD/official atlas or international scientific body,,,,,UNVERIFIED,NO,PENDING,PENDING,No primary-source attribution entered without proposition-level verification.
UPSC-2021-GS1-Q063,2021,63,Environment & Ecology,Sustainable Agriculture & Forestry,Multi-statement,5,False,False,False,65,4,b,True,False,,MoEFCC/official treaty convention/UN body/official environmental source,,,,,UNVERIFIED,NO,PENDING,PENDING,No primary-source attribution entered without proposition-level verification.
UPSC-2021-GS1-Q064,2021,64,Geography,Indian Agriculture & Land Use,Single-answer,0,False,False,False,14,4,b,True,False,,Survey of India/IMD/official atlas or international scientific body,,,,,UNVERIFIED,NO,PENDING,PENDING,No primary-source attribution entered without proposition-level verification.
UPSC-2021-GS1-Q065,2021,65,Science & Technology,Biotechnology & Genetics,Multi-statement,2,False,False,False,41,4,c,True,False,,concerned ministry/department/official scientific or international body,,,,,UNVERIFIED,NO,PENDING,PENDING,No primary-source attribution entered without proposition-level verification.
UPSC-2021-GS1-Q066,2021,66,Science & Technology,Biotechnology & Genetics,Multi-statement,2,True,False,False,57,4,c,True,False,,concerned ministry/department/official scientific or international body,,,,,UNVERIFIED,NO,PENDING,PENDING,No primary-source attribution entered without proposition-level verification.
UPSC-2021-GS1-Q067,2021,67,Science & Technology,Biotechnology & Genetics,Single-answer,0,False,False,False,12,4,b,True,False,,concerned ministry/department/official scientific or international body,,,,,UNVERIFIED,NO,PENDING,PENDING,No primary-source attribution entered without proposition-level verification.
UPSC-2021-GS1-Q068,2021,68,Science & Technology,Physics,Multi-statement,3,False,False,False,46,4,c,True,False,,concerned ministry/department/official scientific or international body,,,,,UNVERIFIED,NO,PENDING,PENDING,No primary-source attribution entered without proposition-level verification.
UPSC-2021-GS1-Q069,2021,69,Science & Technology,Health & Diseases,Multi-statement,3,False,False,False,20,4,a,True,False,,concerned ministry/department/official scientific or international body,,,,,UNVERIFIED,NO,PENDING,PENDING,No primary-source attribution entered without proposition-level verification.
UPSC-2021-GS1-Q070,2021,70,Science & Technology,Health & Diseases,Multi-statement,2,False,False,False,41,4,b,True,False,,concerned ministry/department/official scientific or international body,,,,,UNVERIFIED,NO,PENDING,PENDING,No primary-source attribution entered without proposition-level verification.
UPSC-2021-GS1-Q071,2021,71,Science & Technology,Chemistry,Single-answer,0,False,False,False,10,4,a,True,False,,concerned ministry/department/official scientific or international body,,,,,UNVERIFIED,NO,PENDING,PENDING,No primary-source attribution entered without proposition-level verification.
UPSC-2021-GS1-Q072,2021,72,Science & Technology,Energy & Environment,Single-answer,3,True,False,False,73,4,c,True,False,,concerned ministry/department/official scientific or international body,,,,,UNVERIFIED,NO,PENDING,PENDING,No primary-source attribution entered without proposition-level verification.
UPSC-2021-GS1-Q073,2021,73,Science & Technology,Health & Diseases,Single-answer,0,False,False,False,10,4,d,True,False,,concerned ministry/department/official scientific or international body,,,,,UNVERIFIED,NO,PENDING,PENDING,No primary-source attribution entered without proposition-level verification.
UPSC-2021-GS1-Q074,2021,74,Environment & Ecology,Pollution & Waste Management,Single-answer,0,False,False,False,22,4,b,True,False,,MoEFCC/official treaty convention/UN body/official environmental source,,,,,UNVERIFIED,NO,PENDING,PENDING,No primary-source attribution entered without proposition-level verification.
UPSC-2021-GS1-Q075,2021,75,Science & Technology,Health & Diseases,Single-answer,0,False,False,False,21,4,d,True,False,,concerned ministry/department/official scientific or international body,,,,,UNVERIFIED,NO,PENDING,PENDING,No primary-source attribution entered without proposition-level verification.
UPSC-2021-GS1-Q076,2021,76,Science & Technology,Space Technology & Astronomy,Single-answer,0,False,False,False,15,4,d,True,False,,concerned ministry/department/official scientific or international body,,,,,UNVERIFIED,NO,PENDING,PENDING,No primary-source attribution entered without proposition-level verification.
UPSC-2021-GS1-Q077,2021,77,Polity & Governance,Parliament & State Legislatures,Single-answer,2,False,False,False,77,4,c,True,False,,Constitution/Act/Rules/official government institutional source,,,,,UNVERIFIED,NO,PENDING,PENDING,No primary-source attribution entered without proposition-level verification.
UPSC-2021-GS1-Q078,2021,78,Polity & Governance,Constitutional & Statutory Bodies,Multi-statement,2,False,False,False,71,4,b,True,False,,Constitution/Act/Rules/official government institutional source,,,,,UNVERIFIED,NO,PENDING,PENDING,No primary-source attribution entered without proposition-level verification.
UPSC-2021-GS1-Q079,2021,79,Polity & Governance,Fundamental Rights,Single-answer,0,False,False,False,13,4,c,True,False,,Constitution/Act/Rules/official government institutional source,,,,,UNVERIFIED,NO,PENDING,PENDING,No primary-source attribution entered without proposition-level verification.
UPSC-2021-GS1-Q080,2021,80,Polity & Governance,Elections & Electoral Reforms,Multi-statement,3,False,False,False,90,4,c,True,True,CANCELLED,Constitution/Act/Rules/official government institutional source,,,,,UNVERIFIED,NO,PENDING,PENDING,No primary-source attribution entered without proposition-level verification.
UPSC-2021-GS1-Q081,2021,81,Current Affairs,International Organisations & Groupings,Multi-statement,3,False,True,False,82,4,d,True,False,,official organisation/government release/treaty document,,,,,UNVERIFIED,NO,PENDING,PENDING,No primary-source attribution entered without proposition-level verification.
UPSC-2021-GS1-Q082,2021,82,Polity & Governance,Judiciary,Multi-statement,2,True,False,False,68,4,b,True,False,,Constitution/Act/Rules/official government institutional source,,,,,UNVERIFIED,NO,PENDING,PENDING,No primary-source attribution entered without proposition-level verification.
UPSC-2021-GS1-Q083,2021,83,Polity & Governance,Judiciary,Multi-statement,2,False,False,False,52,4,b,True,False,,Constitution/Act/Rules/official government institutional source,,,,,UNVERIFIED,NO,PENDING,PENDING,No primary-source attribution entered without proposition-level verification.
UPSC-2021-GS1-Q084,2021,84,Environment & Ecology,Environmental Governance & Legislation,Single-answer,0,False,False,False,29,4,d,True,False,,MoEFCC/official treaty convention/UN body/official environmental source,,,,,UNVERIFIED,NO,PENDING,PENDING,No primary-source attribution entered without proposition-level verification.
UPSC-2021-GS1-Q085,2021,85,Polity & Governance,Constitutional Articles,Single-answer,0,False,False,False,35,4,a,True,False,,Constitution/Act/Rules/official government institutional source,,,,,UNVERIFIED,NO,PENDING,PENDING,No primary-source attribution entered without proposition-level verification.
UPSC-2021-GS1-Q086,2021,86,Polity & Governance,Federalism & Centre–State Relations,Single-answer,0,False,False,False,20,4,a,True,False,,Constitution/Act/Rules/official government institutional source,,,,,UNVERIFIED,NO,PENDING,PENDING,No primary-source attribution entered without proposition-level verification.
UPSC-2021-GS1-Q087,2021,87,Polity & Governance,Political Theory & Concepts,Single-answer,0,False,False,False,10,4,a,True,False,,Constitution/Act/Rules/official government institutional source,,,,,UNVERIFIED,NO,PENDING,PENDING,No primary-source attribution entered without proposition-level verification.
UPSC-2021-GS1-Q088,2021,88,Polity & Governance,Judiciary,Multi-statement,2,False,False,False,74,4,a,True,False,,Constitution/Act/Rules/official government institutional source,,,,,UNVERIFIED,NO,PENDING,PENDING,No primary-source attribution entered without proposition-level verification.
UPSC-2021-GS1-Q089,2021,89,Polity & Governance,Constitutional Framework & Development,Multi-statement,3,False,False,False,53,4,a,True,False,,Constitution/Act/Rules/official government institutional source,,,,,UNVERIFIED,NO,PENDING,PENDING,No primary-source attribution entered without proposition-level verification.
UPSC-2021-GS1-Q090,2021,90,Polity & Governance,Constitutional Framework & Development,Single-answer,0,False,False,False,16,4,d,True,False,,Constitution/Act/Rules/official government institutional source,,,,,UNVERIFIED,NO,PENDING,PENDING,No primary-source attribution entered without proposition-level verification.
UPSC-2021-GS1-Q091,2021,91,Polity & Governance,Directive Principles Of State Policy,Single-answer,0,False,False,False,8,4,b,True,False,,Constitution/Act/Rules/official government institutional source,,,,,UNVERIFIED,NO,PENDING,PENDING,No primary-source attribution entered without proposition-level verification.
UPSC-2021-GS1-Q092,2021,92,Polity & Governance,Fundamental Rights,Single-answer,0,False,False,False,11,4,b,True,False,,Constitution/Act/Rules/official government institutional source,,,,,UNVERIFIED,NO,PENDING,PENDING,No primary-source attribution entered without proposition-level verification.
UPSC-2021-GS1-Q093,2021,93,Polity & Governance,Constitutional Framework & Development,Single-answer,0,False,False,False,12,4,b,True,False,,Constitution/Act/Rules/official government institutional source,,,,,UNVERIFIED,NO,PENDING,PENDING,No primary-source attribution entered without proposition-level verification.
UPSC-2021-GS1-Q094,2021,94,Polity & Governance,Constitutional Framework & Development,Single-answer,0,False,False,False,3,4,d,True,False,,Constitution/Act/Rules/official government institutional source,,,,,UNVERIFIED,NO,PENDING,PENDING,No primary-source attribution entered without proposition-level verification.
UPSC-2021-GS1-Q095,2021,95,Art & Culture,Music,Single-answer,0,False,False,False,12,4,d,True,False,,NCERT/ASI/Ministry of Culture/official archival or primary historical source,,,,,UNVERIFIED,NO,PENDING,PENDING,No primary-source attribution entered without proposition-level verification.
UPSC-2021-GS1-Q096,2021,96,Polity & Governance,Constitutional Framework & Development,Multi-statement,3,True,False,False,70,4,d,True,False,,Constitution/Act/Rules/official government institutional source,,,,,UNVERIFIED,NO,PENDING,PENDING,No primary-source attribution entered without proposition-level verification.
UPSC-2021-GS1-Q097,2021,97,Environment & Ecology,Sustainable Agriculture & Forestry,Single-answer,0,False,False,True,66,4,d,True,False,,MoEFCC/official treaty convention/UN body/official environmental source,,,,,UNVERIFIED,NO,PENDING,PENDING,No primary-source attribution entered without proposition-level verification.
UPSC-2021-GS1-Q098,2021,98,Current Affairs,Awards & Honours,Multi-statement,3,False,True,False,64,4,c,True,False,,official organisation/government release/treaty document,,,,,UNVERIFIED,NO,PENDING,PENDING,No primary-source attribution entered without proposition-level verification.
UPSC-2021-GS1-Q099,2021,99,Current Affairs,Other Sports & Personalities,Multi-statement,2,False,True,False,43,4,b,True,False,,official organisation/government release/treaty document,,,,,UNVERIFIED,NO,PENDING,PENDING,No primary-source attribution entered without proposition-level verification.
UPSC-2021-GS1-Q100,2021,100,Current Affairs,Cricket,Multi-statement,2,False,True,False,47,4,d,True,False,,official organisation/government release/treaty document,,,,,UNVERIFIED,NO,PENDING,PENDING,No primary-source attribution entered without proposition-level verification.
UPSC-2022-GS1-Q001,2022,1,Economy,International Institutions & Reports,Single-answer,0,False,False,False,21,4,b,True,False,,RBI/Ministry of Finance/Budget/Economic Survey/official institutional source,,,,,UNVERIFIED,NO,PENDING,PENDING,No primary-source attribution entered without proposition-level verification.
UPSC-2022-GS1-Q002,2022,2,Economy,External Sector & Balance Of Payments,Multi-statement,3,False,False,False,73,4,c,True,False,,RBI/Ministry of Finance/Budget/Economic Survey/official institutional source,,,,,UNVERIFIED,NO,PENDING,PENDING,No primary-source attribution entered without proposition-level verification.
UPSC-2022-GS1-Q003,2022,3,Economy,Monetary Policy & Money Supply,Multi-statement,3,False,False,False,76,4,b,True,False,,RBI/Ministry of Finance/Budget/Economic Survey/official institutional source,,,,,UNVERIFIED,NO,PENDING,PENDING,No primary-source attribution entered without proposition-level verification.
UPSC-2022-GS1-Q004,2022,4,Current Affairs,International Organisations & Groupings,Multi-statement,2,False,True,False,48,4,c,True,False,,official organisation/government release/treaty document,,,,,UNVERIFIED,NO,PENDING,PENDING,No primary-source attribution entered without proposition-level verification.
UPSC-2022-GS1-Q005,2022,5,Economy,Financial Markets & Capital Markets,Multi-statement,3,True,False,False,63,4,a,True,False,,RBI/Ministry of Finance/Budget/Economic Survey/official institutional source,,,,,UNVERIFIED,NO,PENDING,PENDING,No primary-source attribution entered without proposition-level verification.
UPSC-2022-GS1-Q006,2022,6,Economy,External Sector & Balance Of Payments,Multi-statement,2,False,False,False,57,4,d,True,False,,RBI/Ministry of Finance/Budget/Economic Survey/official institutional source,,,,,UNVERIFIED,NO,PENDING,PENDING,No primary-source attribution entered without proposition-level verification.
UPSC-2022-GS1-Q007,2022,7,Economy,National Income & Economic Growth,Multi-statement,4,False,False,False,54,4,a,True,False,,RBI/Ministry of Finance/Budget/Economic Survey/official institutional source,,,,,UNVERIFIED,NO,PENDING,PENDING,No primary-source attribution entered without proposition-level verification.
UPSC-2022-GS1-Q008,2022,8,Economy,Taxation,Single-answer,0,False,False,True,21,4,d,True,False,,RBI/Ministry of Finance/Budget/Economic Survey/official institutional source,,,,,UNVERIFIED,NO,PENDING,PENDING,No primary-source attribution entered without proposition-level verification.
UPSC-2022-GS1-Q009,2022,9,Economy,Fiscal Policy & Budget,Multi-statement,2,False,False,False,51,4,a,True,False,,RBI/Ministry of Finance/Budget/Economic Survey/official institutional source,,,,,UNVERIFIED,NO,PENDING,PENDING,No primary-source attribution entered without proposition-level verification.
UPSC-2022-GS1-Q010,2022,10,Economy,Fiscal Policy & Budget,Multi-statement,2,False,False,False,47,4,c,True,False,,RBI/Ministry of Finance/Budget/Economic Survey/official institutional source,,,,,UNVERIFIED,NO,PENDING,PENDING,No primary-source attribution entered without proposition-level verification.
UPSC-2022-GS1-Q011,2022,11,Polity & Governance,Judiciary,Multi-statement,4,False,False,False,78,4,b,True,False,,Constitution/Act/Rules/official government institutional source,,,,,UNVERIFIED,NO,PENDING,PENDING,No primary-source attribution entered without proposition-level verification.
UPSC-2022-GS1-Q012,2022,12,Polity & Governance,Judiciary,Multi-statement,2,False,False,False,61,4,b,True,False,,Constitution/Act/Rules/official government institutional source,,,,,UNVERIFIED,NO,PENDING,PENDING,No primary-source attribution entered without proposition-level verification.
UPSC-2022-GS1-Q013,2022,13,Polity & Governance,Constitutional Amendments,Multi-statement,3,False,False,False,83,4,b,True,False,,Constitution/Act/Rules/official government institutional source,,,,,UNVERIFIED,NO,PENDING,PENDING,No primary-source attribution entered without proposition-level verification.
UPSC-2022-GS1-Q014,2022,14,Polity & Governance,Council of Ministers,Multi-statement,2,True,False,False,69,4,b,True,False,,Constitution/Act/Rules/official government institutional source,,,,,UNVERIFIED,NO,PENDING,PENDING,No primary-source attribution entered without proposition-level verification.
UPSC-2022-GS1-Q015,2022,15,Polity & Governance,Parliament,Multi-statement,3,False,False,False,48,4,b,True,False,,Constitution/Act/Rules/official government institutional source,,,,,UNVERIFIED,NO,PENDING,PENDING,No primary-source attribution entered without proposition-level verification.
UPSC-2022-GS1-Q016,2022,16,Polity & Governance,Anti-Defection Law,Multi-statement,2,True,False,False,62,4,b,True,False,,Constitution/Act/Rules/official government institutional source,,,,,UNVERIFIED,NO,PENDING,PENDING,No primary-source attribution entered without proposition-level verification.
UPSC-2022-GS1-Q017,2022,17,Polity & Governance,Union & State Executive,Multi-statement,2,False,False,False,66,4,d,True,False,,Constitution/Act/Rules/official government institutional source,,,,,UNVERIFIED,NO,PENDING,PENDING,No primary-source attribution entered without proposition-level verification.
UPSC-2022-GS1-Q018,2022,18,Polity & Governance,Judiciary,Multi-statement,3,True,False,False,78,4,d,True,False,,Constitution/Act/Rules/official government institutional source,,,,,UNVERIFIED,NO,PENDING,PENDING,No primary-source attribution entered without proposition-level verification.
UPSC-2022-GS1-Q019,2022,19,Current Affairs,Indian Government Schemes & Initiatives,Multi-statement,3,False,True,False,56,4,b,True,False,,official organisation/government release/treaty document,,,,,UNVERIFIED,NO,PENDING,PENDING,No primary-source attribution entered without proposition-level verification.
UPSC-2022-GS1-Q020,2022,20,Polity & Governance,Parliament & State Legislatures,Multi-statement,4,False,False,False,137,4,a,True,False,,Constitution/Act/Rules/official government institutional source,,,,,UNVERIFIED,NO,PENDING,PENDING,No primary-source attribution entered without proposition-level verification.
UPSC-2022-GS1-Q021,2022,21,Environment & Ecology,Climate Change & Greenhouse Gases,Single-answer,0,False,False,False,19,4,b,True,False,,MoEFCC/official treaty convention/UN body/official environmental source,,,,,UNVERIFIED,NO,PENDING,PENDING,No primary-source attribution entered without proposition-level verification.
UPSC-2022-GS1-Q022,2022,22,Environment & Ecology,Sustainable Agriculture & Forestry,Single-answer,3,False,False,False,42,4,d,True,False,,MoEFCC/official treaty convention/UN body/official environmental source,,,,,UNVERIFIED,NO,PENDING,PENDING,No primary-source attribution entered without proposition-level verification.
UPSC-2022-GS1-Q023,2022,23,Geography,World Physical Geography,Single-answer,0,False,False,False,18,4,b,True,False,,Survey of India/IMD/official atlas or international scientific body,,,,,UNVERIFIED,NO,PENDING,PENDING,No primary-source attribution entered without proposition-level verification.
UPSC-2022-GS1-Q024,2022,24,Geography,Indian Physical Geography,Single-answer,0,False,False,False,15,4,c,True,False,,Survey of India/IMD/official atlas or international scientific body,,,,,UNVERIFIED,NO,PENDING,PENDING,No primary-source attribution entered without proposition-level verification.
UPSC-2022-GS1-Q025,2022,25,Geography,Indian Physical Geography,Match/Pair,3,False,False,False,35,4,b,True,False,,Survey of India/IMD/official atlas or international scientific body,,,,,UNVERIFIED,NO,PENDING,PENDING,No primary-source attribution entered without proposition-level verification.
UPSC-2022-GS1-Q026,2022,26,Geography,World Geography,Single-answer,0,False,False,True,17,4,a,True,False,,Survey of India/IMD/official atlas or international scientific body,,,,,UNVERIFIED,NO,PENDING,PENDING,No primary-source attribution entered without proposition-level verification.
UPSC-2022-GS1-Q027,2022,27,Geography,World Political Geography & Borders,Multi-statement,5,False,False,False,24,4,c,True,False,,Survey of India/IMD/official atlas or international scientific body,,,,,UNVERIFIED,NO,PENDING,PENDING,No primary-source attribution entered without proposition-level verification.
UPSC-2022-GS1-Q028,2022,28,Science & Technology,Materials & Engineering,Multi-statement,4,False,False,False,53,4,b,True,False,,concerned ministry/department/official scientific or international body,,,,,UNVERIFIED,NO,PENDING,PENDING,No primary-source attribution entered without proposition-level verification.
UPSC-2022-GS1-Q029,2022,29,Geography,Astronomy & Earth–Sun System,Single-answer,0,False,False,False,15,4,b,True,False,,Survey of India/IMD/official atlas or international scientific body,,,,,UNVERIFIED,NO,PENDING,PENDING,No primary-source attribution entered without proposition-level verification.
UPSC-2022-GS1-Q030,2022,30,Geography,Indian Physical Geography,How-many/Count,4,False,False,False,39,4,b,True,False,,Survey of India/IMD/official atlas or international scientific body,,,,,UNVERIFIED,NO,PENDING,PENDING,No primary-source attribution entered without proposition-level verification.
UPSC-2022-GS1-Q031,2022,31,Science & Technology,Computer & Information Technology,Multi-statement,4,False,False,False,26,4,d,True,False,,concerned ministry/department/official scientific or international body,,,,,UNVERIFIED,NO,PENDING,PENDING,No primary-source attribution entered without proposition-level verification.
UPSC-2022-GS1-Q032,2022,32,Science & Technology,Computer & Information Technology,Multi-statement,3,False,False,False,54,4,d,True,False,,concerned ministry/department/official scientific or international body,,,,,UNVERIFIED,NO,PENDING,PENDING,No primary-source attribution entered without proposition-level verification.
UPSC-2022-GS1-Q033,2022,33,Science & Technology,Information Technology,Multi-statement,3,False,False,False,56,4,d,True,False,,concerned ministry/department/official scientific or international body,,,,,UNVERIFIED,NO,PENDING,PENDING,No primary-source attribution entered without proposition-level verification.
UPSC-2022-GS1-Q034,2022,34,Science & Technology,Defence Technology,Single-answer,0,False,False,False,22,4,c,True,False,,concerned ministry/department/official scientific or international body,,,,,UNVERIFIED,NO,PENDING,PENDING,No primary-source attribution entered without proposition-level verification.
UPSC-2022-GS1-Q035,2022,35,Science & Technology,Computer & Information Technology,Single-answer,0,False,False,False,16,4,b,True,False,,concerned ministry/department/official scientific or international body,,,,,UNVERIFIED,NO,PENDING,PENDING,No primary-source attribution entered without proposition-level verification.
UPSC-2022-GS1-Q036,2022,36,Science & Technology,Computer & Information Technology,Multi-statement,3,False,False,False,27,4,d,True,False,,concerned ministry/department/official scientific or international body,,,,,UNVERIFIED,NO,PENDING,PENDING,No primary-source attribution entered without proposition-level verification.
UPSC-2022-GS1-Q037,2022,37,Science & Technology,Health & Diseases,Multi-statement,3,False,False,False,40,4,d,True,False,,concerned ministry/department/official scientific or international body,,,,,UNVERIFIED,NO,PENDING,PENDING,No primary-source attribution entered without proposition-level verification.
UPSC-2022-GS1-Q038,2022,38,Science & Technology,Health & Diseases,Multi-statement,3,True,False,False,56,4,c,True,False,,concerned ministry/department/official scientific or international body,,,,,UNVERIFIED,NO,PENDING,PENDING,No primary-source attribution entered without proposition-level verification.
UPSC-2022-GS1-Q039,2022,39,Science & Technology,Health & Diseases,Multi-statement,3,False,False,False,56,4,b,True,False,,concerned ministry/department/official scientific or international body,,,,,UNVERIFIED,NO,PENDING,PENDING,No primary-source attribution entered without proposition-level verification.
UPSC-2022-GS1-Q040,2022,40,Science & Technology,Space Technology & Astronomy,Multi-statement,5,False,False,False,95,4,c,True,False,,concerned ministry/department/official scientific or international body,,,,,UNVERIFIED,NO,PENDING,PENDING,No primary-source attribution entered without proposition-level verification.
UPSC-2022-GS1-Q041,2022,41,Environment & Ecology,Climate Change,Single-answer,0,False,False,False,15,4,a,True,False,,MoEFCC/official treaty convention/UN body/official environmental source,,,,,UNVERIFIED,NO,PENDING,PENDING,No primary-source attribution entered without proposition-level verification.
UPSC-2022-GS1-Q042,2022,42,Environment & Ecology,International Environmental Treaties & Summits,Multi-statement,5,False,False,False,92,4,b,True,False,,MoEFCC/official treaty convention/UN body/official environmental source,,,,,UNVERIFIED,NO,PENDING,PENDING,No primary-source attribution entered without proposition-level verification.
UPSC-2022-GS1-Q043,2022,43,Environment & Ecology,Water & Wetland Conservation,Single-answer,0,False,False,False,32,4,d,True,False,,MoEFCC/official treaty convention/UN body/official environmental source,,,,,UNVERIFIED,NO,PENDING,PENDING,No primary-source attribution entered without proposition-level verification.
UPSC-2022-GS1-Q044,2022,44,Environment & Ecology,Pollution & Waste Management,Multi-statement,4,True,False,False,80,4,b,True,False,,MoEFCC/official treaty convention/UN body/official environmental source,,,,,UNVERIFIED,NO,PENDING,PENDING,No primary-source attribution entered without proposition-level verification.
UPSC-2022-GS1-Q045,2022,45,Environment & Ecology,Biodiversity & Conservation,Multi-statement,3,False,False,True,48,4,c,True,False,,MoEFCC/official treaty convention/UN body/official environmental source,,,,,UNVERIFIED,NO,PENDING,PENDING,No primary-source attribution entered without proposition-level verification.
UPSC-2022-GS1-Q046,2022,46,Science & Technology,Materials & Engineering,Multi-statement,4,False,False,False,86,4,a,True,False,,concerned ministry/department/official scientific or international body,,,,,UNVERIFIED,NO,PENDING,PENDING,No primary-source attribution entered without proposition-level verification.
UPSC-2022-GS1-Q047,2022,47,Environment & Ecology,Biodiversity & Conservation,Single-answer,0,True,False,False,9,4,a,True,False,,MoEFCC/official treaty convention/UN body/official environmental source,,,,,UNVERIFIED,NO,PENDING,PENDING,No primary-source attribution entered without proposition-level verification.
UPSC-2022-GS1-Q048,2022,48,Environment & Ecology,Sustainable Agriculture & Forestry,Multi-statement,5,False,False,False,31,4,a,True,False,,MoEFCC/official treaty convention/UN body/official environmental source,,,,,UNVERIFIED,NO,PENDING,PENDING,No primary-source attribution entered without proposition-level verification.
UPSC-2022-GS1-Q049,2022,49,Environment & Ecology,Ecosystems & Ecology Concepts,Single-answer,0,False,False,False,13,4,a,True,False,,MoEFCC/official treaty convention/UN body/official environmental source,,,,,UNVERIFIED,NO,PENDING,PENDING,No primary-source attribution entered without proposition-level verification.
UPSC-2022-GS1-Q050,2022,50,Environment & Ecology,Sustainable Agriculture & Forestry,Single-answer,0,False,False,False,9,4,c,True,False,,MoEFCC/official treaty convention/UN body/official environmental source,,,,,UNVERIFIED,NO,PENDING,PENDING,No primary-source attribution entered without proposition-level verification.
UPSC-2022-GS1-Q051,2022,51,History,Constitutional Developments & British Plans (1909-1947),Multi-statement,4,False,False,False,51,4,c,True,False,,Constitution/Act/Rules/official government institutional source,,,,,UNVERIFIED,NO,PENDING,PENDING,No primary-source attribution entered without proposition-level verification.
UPSC-2022-GS1-Q052,2022,52,History,Medieval India,Single-answer,0,False,False,False,9,4,b,True,False,,NCERT/ASI/Ministry of Culture/official archival or primary historical source,,,,,UNVERIFIED,NO,PENDING,PENDING,No primary-source attribution entered without proposition-level verification.
UPSC-2022-GS1-Q053,2022,53,History,Revolutionary & Communist Movements,Multi-statement,3,False,False,False,30,4,d,True,False,,NCERT/ASI/Ministry of Culture/official archival or primary historical source,,,,,UNVERIFIED,NO,PENDING,PENDING,No primary-source attribution entered without proposition-level verification.
UPSC-2022-GS1-Q054,2022,54,History,Constitutional Developments & British Plans (1909-1947),Multi-statement,2,True,False,False,67,4,b,True,False,,Constitution/Act/Rules/official government institutional source,,,,,UNVERIFIED,NO,PENDING,PENDING,No primary-source attribution entered without proposition-level verification.
UPSC-2022-GS1-Q055,2022,55,Art & Culture,Philosophy & Religion,Multi-statement,4,False,False,False,27,4,b,True,False,,NCERT/ASI/Ministry of Culture/official archival or primary historical source,,,,,UNVERIFIED,NO,PENDING,PENDING,No primary-source attribution entered without proposition-level verification.
UPSC-2022-GS1-Q056,2022,56,Art & Culture,Philosophy & Religion,How-many/Count,3,False,False,False,36,4,c,True,False,,NCERT/ASI/Ministry of Culture/official archival or primary historical source,,,,,UNVERIFIED,NO,PENDING,PENDING,No primary-source attribution entered without proposition-level verification.
UPSC-2022-GS1-Q057,2022,57,History,Delhi Sultanate,Multi-statement,3,False,False,False,63,4,b,True,False,,NCERT/ASI/Ministry of Culture/official archival or primary historical source,,,,,UNVERIFIED,NO,PENDING,PENDING,No primary-source attribution entered without proposition-level verification.
UPSC-2022-GS1-Q058,2022,58,History,Delhi Sultanate,Single-answer,0,False,False,False,14,4,d,True,False,,NCERT/ASI/Ministry of Culture/official archival or primary historical source,,,,,UNVERIFIED,NO,PENDING,PENDING,No primary-source attribution entered without proposition-level verification.
UPSC-2022-GS1-Q059,2022,59,History,Advent Of Europeans & British Expansion,Multi-statement,3,False,False,False,71,4,b,True,False,,NCERT/ASI/Ministry of Culture/official archival or primary historical source,,,,,UNVERIFIED,NO,PENDING,PENDING,No primary-source attribution entered without proposition-level verification.
UPSC-2022-GS1-Q060,2022,60,History,"Society, Law & Administration",Multi-statement,3,False,False,False,74,4,b,True,False,,NCERT/ASI/Ministry of Culture/official archival or primary historical source,,,,,UNVERIFIED,NO,PENDING,PENDING,No primary-source attribution entered without proposition-level verification.
UPSC-2022-GS1-Q061,2022,61,Economy,External Sector & Balance Of Payments,Multi-statement,3,False,False,False,55,4,c,True,True,CANCELLED,RBI/Ministry of Finance/Budget/Economic Survey/official institutional source,,,,,UNVERIFIED,NO,PENDING,PENDING,No primary-source attribution entered without proposition-level verification.
UPSC-2022-GS1-Q062,2022,62,Geography,Indian Agriculture & Land Use,How-many/Count,4,False,False,False,27,4,d,True,False,,Survey of India/IMD/official atlas or international scientific body,,,,,UNVERIFIED,NO,PENDING,PENDING,No primary-source attribution entered without proposition-level verification.
UPSC-2022-GS1-Q063,2022,63,Economy,Financial Markets & Capital Markets,Multi-statement,3,False,False,False,49,4,b,True,False,,RBI/Ministry of Finance/Budget/Economic Survey/official institutional source,,,,,UNVERIFIED,NO,PENDING,PENDING,No primary-source attribution entered without proposition-level verification.
UPSC-2022-GS1-Q064,2022,64,Economy,Banking,Multi-statement,3,False,False,False,62,4,b,True,False,,RBI/Ministry of Finance/Budget/Economic Survey/official institutional source,,,,,UNVERIFIED,NO,PENDING,PENDING,No primary-source attribution entered without proposition-level verification.
UPSC-2022-GS1-Q065,2022,65,Economy,Financial Markets & Capital Markets,Multi-statement,2,False,False,False,57,4,c,True,False,,RBI/Ministry of Finance/Budget/Economic Survey/official institutional source,,,,,UNVERIFIED,NO,PENDING,PENDING,No primary-source attribution entered without proposition-level verification.
UPSC-2022-GS1-Q066,2022,66,Current Affairs,International Organisations & Groupings,Multi-statement,3,False,True,False,28,4,d,True,False,,official organisation/government release/treaty document,,,,,UNVERIFIED,NO,PENDING,PENDING,No primary-source attribution entered without proposition-level verification.
UPSC-2022-GS1-Q067,2022,67,Current Affairs,Business & Economy,Multi-statement,5,False,True,False,86,4,c,True,False,,official organisation/government release/treaty document,,,,,UNVERIFIED,NO,PENDING,PENDING,No primary-source attribution entered without proposition-level verification.
UPSC-2022-GS1-Q068,2022,68,Economy,Monetary Policy & Money Supply,Single-answer,0,False,False,False,17,4,d,True,False,,RBI/Ministry of Finance/Budget/Economic Survey/official institutional source,,,,,UNVERIFIED,NO,PENDING,PENDING,No primary-source attribution entered without proposition-level verification.
UPSC-2022-GS1-Q069,2022,69,Science & Technology,Computer & Information Technology,Multi-statement,3,False,False,False,60,4,a,True,False,,concerned ministry/department/official scientific or international body,,,,,UNVERIFIED,NO,PENDING,PENDING,No primary-source attribution entered without proposition-level verification.
UPSC-2022-GS1-Q070,2022,70,Geography,Indian Rivers & Water Resources,How-many/Count,4,True,False,False,36,4,c,True,False,,Survey of India/IMD/official atlas or international scientific body,,,,,UNVERIFIED,NO,PENDING,PENDING,No primary-source attribution entered without proposition-level verification.
UPSC-2022-GS1-Q071,2022,71,Economy,Government Organizations,Single-answer,0,False,False,False,21,4,c,True,False,,RBI/Ministry of Finance/Budget/Economic Survey/official institutional source,,,,,UNVERIFIED,NO,PENDING,PENDING,No primary-source attribution entered without proposition-level verification.
UPSC-2022-GS1-Q072,2022,72,Economy,Government Organizations,Single-answer,4,False,False,False,78,4,a,True,False,,RBI/Ministry of Finance/Budget/Economic Survey/official institutional source,,,,,UNVERIFIED,NO,PENDING,PENDING,No primary-source attribution entered without proposition-level verification.
UPSC-2022-GS1-Q073,2022,73,Polity & Governance,Federalism & Centre–State Relations,Single-answer,0,False,False,False,28,4,a,True,False,,Constitution/Act/Rules/official government institutional source,,,,,UNVERIFIED,NO,PENDING,PENDING,No primary-source attribution entered without proposition-level verification.
UPSC-2022-GS1-Q074,2022,74,Polity & Governance,Government Organizations,Multi-statement,2,False,False,False,73,4,d,True,False,,Constitution/Act/Rules/official government institutional source,,,,,UNVERIFIED,NO,PENDING,PENDING,No primary-source attribution entered without proposition-level verification.
UPSC-2022-GS1-Q075,2022,75,Environment & Ecology,Environmental Governance & Legislation,Single-answer,0,False,False,False,15,4,c,True,False,,MoEFCC/official treaty convention/UN body/official environmental source,,,,,UNVERIFIED,NO,PENDING,PENDING,No primary-source attribution entered without proposition-level verification.
UPSC-2022-GS1-Q076,2022,76,Current Affairs,International Organisations & Groupings,Multi-statement,3,False,True,False,69,4,a,True,False,,official organisation/government release/treaty document,,,,,UNVERIFIED,NO,PENDING,PENDING,No primary-source attribution entered without proposition-level verification.
UPSC-2022-GS1-Q077,2022,77,Science & Technology,Defence Technology,Single-answer,0,False,False,False,12,4,a,True,False,,concerned ministry/department/official scientific or international body,,,,,UNVERIFIED,NO,PENDING,PENDING,No primary-source attribution entered without proposition-level verification.
UPSC-2022-GS1-Q078,2022,78,Current Affairs,International Organisations & Groupings,Multi-statement,3,False,True,False,62,4,d,True,False,,official organisation/government release/treaty document,,,,,UNVERIFIED,NO,PENDING,PENDING,No primary-source attribution entered without proposition-level verification.
UPSC-2022-GS1-Q079,2022,79,Economy,Agriculture & Rural Development,Multi-statement,4,False,False,False,65,4,d,True,False,,RBI/Ministry of Finance/Budget/Economic Survey/official institutional source,,,,,UNVERIFIED,NO,PENDING,PENDING,No primary-source attribution entered without proposition-level verification.
UPSC-2022-GS1-Q080,2022,80,Environment & Ecology,Environmental Governance & Legislation,Single-answer,0,False,False,False,11,4,a,True,False,,MoEFCC/official treaty convention/UN body/official environmental source,,,,,UNVERIFIED,NO,PENDING,PENDING,No primary-source attribution entered without proposition-level verification.
UPSC-2022-GS1-Q081,2022,81,Geography,Atmosphere & Climatology,Multi-statement,2,False,False,False,48,4,d,True,False,,Survey of India/IMD/official atlas or international scientific body,,,,,UNVERIFIED,NO,PENDING,PENDING,No primary-source attribution entered without proposition-level verification.
UPSC-2022-GS1-Q082,2022,82,Current Affairs,Disasters & Humanitarian Issues,Multi-statement,3,False,True,False,54,4,c,True,False,,official organisation/government release/treaty document,,,,,UNVERIFIED,NO,PENDING,PENDING,No primary-source attribution entered without proposition-level verification.
UPSC-2022-GS1-Q083,2022,83,Current Affairs,International Organisations & Groupings,Multi-statement,5,False,True,False,28,4,c,True,False,,official organisation/government release/treaty document,,,,,UNVERIFIED,NO,PENDING,PENDING,No primary-source attribution entered without proposition-level verification.
UPSC-2022-GS1-Q084,2022,84,Environment & Ecology,Renewable Energy & Green Technologies,Multi-statement,3,False,False,False,43,4,b,True,False,,MoEFCC/official treaty convention/UN body/official environmental source,,,,,UNVERIFIED,NO,PENDING,PENDING,No primary-source attribution entered without proposition-level verification.
UPSC-2022-GS1-Q085,2022,85,Geography,Oceanography,Multi-statement,3,True,False,False,103,4,d,True,False,,Survey of India/IMD/official atlas or international scientific body,,,,,UNVERIFIED,NO,PENDING,PENDING,No primary-source attribution entered without proposition-level verification.
UPSC-2022-GS1-Q086,2022,86,Current Affairs,International Conflicts & Security,Single-answer,0,False,True,True,19,4,b,True,False,,official organisation/government release/treaty document,,,,,UNVERIFIED,NO,PENDING,PENDING,No primary-source attribution entered without proposition-level verification.
UPSC-2022-GS1-Q087,2022,87,Current Affairs,International Conflicts & Security,How-many/Count,4,False,True,True,61,4,c,True,False,,official organisation/government release/treaty document,,,,,UNVERIFIED,NO,PENDING,PENDING,No primary-source attribution entered without proposition-level verification.
UPSC-2022-GS1-Q088,2022,88,Geography,World Political Geography & Borders,How-many/Count,4,False,False,True,39,4,b,True,False,,Survey of India/IMD/official atlas or international scientific body,,,,,UNVERIFIED,NO,PENDING,PENDING,No primary-source attribution entered without proposition-level verification.
UPSC-2022-GS1-Q089,2022,89,Environment & Ecology,Environmental Governance & Legislation,Multi-statement,3,False,False,False,77,4,b,True,False,,MoEFCC/official treaty convention/UN body/official environmental source,,,,,UNVERIFIED,NO,PENDING,PENDING,No primary-source attribution entered without proposition-level verification.
UPSC-2022-GS1-Q090,2022,90,Environment & Ecology,Ecosystems & Ecology Concepts,Single-answer,0,False,False,False,17,4,a,True,False,,MoEFCC/official treaty convention/UN body/official environmental source,,,,,UNVERIFIED,NO,PENDING,PENDING,No primary-source attribution entered without proposition-level verification.
UPSC-2022-GS1-Q091,2022,91,History,Ancient India,How-many/Count,4,False,False,False,44,4,b,True,False,,NCERT/ASI/Ministry of Culture/official archival or primary historical source,,,,,UNVERIFIED,NO,PENDING,PENDING,No primary-source attribution entered without proposition-level verification.
UPSC-2022-GS1-Q092,2022,92,History,Medieval Regional Kingdoms / Central & North-Indian Dynasties,How-many/Count,4,False,False,False,34,4,b,True,False,,NCERT/ASI/Ministry of Culture/official archival or primary historical source,,,,,UNVERIFIED,NO,PENDING,PENDING,No primary-source attribution entered without proposition-level verification.
UPSC-2022-GS1-Q093,2022,93,Art & Culture,Literature & Languages,Single-answer,0,False,False,False,16,4,b,True,False,,NCERT/ASI/Ministry of Culture/official archival or primary historical source,,,,,UNVERIFIED,NO,PENDING,PENDING,No primary-source attribution entered without proposition-level verification.
UPSC-2022-GS1-Q094,2022,94,History,Medieval Culture & Historiography,Single-answer,0,False,False,False,13,4,a,True,False,,NCERT/ASI/Ministry of Culture/official archival or primary historical source,,,,,UNVERIFIED,NO,PENDING,PENDING,No primary-source attribution entered without proposition-level verification.
UPSC-2022-GS1-Q095,2022,95,History,Bhakti Movement,Single-answer,0,False,False,True,34,4,a,True,False,,NCERT/ASI/Ministry of Culture/official archival or primary historical source,,,,,UNVERIFIED,NO,PENDING,PENDING,No primary-source attribution entered without proposition-level verification.
UPSC-2022-GS1-Q096,2022,96,Art & Culture,Architecture & World Heritage,Multi-statement,3,False,False,True,72,4,a,True,False,,NCERT/ASI/Ministry of Culture/official archival or primary historical source,,,,,UNVERIFIED,NO,PENDING,PENDING,No primary-source attribution entered without proposition-level verification.
UPSC-2022-GS1-Q097,2022,97,Science & Technology,Biology,Single-answer,0,False,False,False,21,4,d,True,False,,concerned ministry/department/official scientific or international body,,,,,UNVERIFIED,NO,PENDING,PENDING,No primary-source attribution entered without proposition-level verification.
UPSC-2022-GS1-Q098,2022,98,Science & Technology,Materials & Engineering,Multi-statement,3,True,False,False,55,4,d,True,False,,concerned ministry/department/official scientific or international body,,,,,UNVERIFIED,NO,PENDING,PENDING,No primary-source attribution entered without proposition-level verification.
UPSC-2022-GS1-Q099,2022,99,Science & Technology,Biotechnology & Genetics,Multi-statement,3,False,False,False,48,4,d,True,False,,concerned ministry/department/official scientific or international body,,,,,UNVERIFIED,NO,PENDING,PENDING,No primary-source attribution entered without proposition-level verification.
UPSC-2022-GS1-Q100,2022,100,Environment & Ecology,Pollution & Waste Management,Multi-statement,4,False,False,False,30,4,b,True,False,,MoEFCC/official treaty convention/UN body/official environmental source,,,,,UNVERIFIED,NO,PENDING,PENDING,No primary-source attribution entered without proposition-level verification.
UPSC-2023-GS1-Q001,2023,1,Geography,Indian Rivers & Water Resources,How-many/Count,3,False,False,False,36,4,a,True,False,,Survey of India/IMD/official atlas or international scientific body,,,,,UNVERIFIED,NO,PENDING,PENDING,No primary-source attribution entered without proposition-level verification.
UPSC-2023-GS1-Q002,2023,2,Geography,Transport & Infrastructure Geography,How-many/Count,3,False,False,False,47,4,b,True,False,,Survey of India/IMD/official atlas or international scientific body,,,,,UNVERIFIED,NO,PENDING,PENDING,No primary-source attribution entered without proposition-level verification.
UPSC-2023-GS1-Q003,2023,3,Environment & Ecology,Botany,How-many/Count,3,False,False,False,25,4,b,True,False,,MoEFCC/official treaty convention/UN body/official environmental source,,,,,UNVERIFIED,NO,PENDING,PENDING,No primary-source attribution entered without proposition-level verification.
UPSC-2023-GS1-Q004,2023,4,Geography,Agriculture,How-many/Count,3,False,False,False,50,4,a,True,False,,Survey of India/IMD/official atlas or international scientific body,,,,,UNVERIFIED,NO,PENDING,PENDING,No primary-source attribution entered without proposition-level verification.
UPSC-2023-GS1-Q005,2023,5,Geography,Physical Geography & Geomorphology,Single-answer,0,False,False,False,21,4,d,True,False,,Survey of India/IMD/official atlas or international scientific body,,,,,UNVERIFIED,NO,PENDING,PENDING,No primary-source attribution entered without proposition-level verification.
UPSC-2023-GS1-Q006,2023,6,Geography,Economic & Mineral Geography,Single-answer,0,False,False,False,20,4,d,True,False,,Survey of India/IMD/official atlas or international scientific body,,,,,UNVERIFIED,NO,PENDING,PENDING,No primary-source attribution entered without proposition-level verification.
UPSC-2023-GS1-Q007,2023,7,Geography,World Geography,Single-answer,0,False,False,False,20,4,c,True,False,,Survey of India/IMD/official atlas or international scientific body,,,,,UNVERIFIED,NO,PENDING,PENDING,No primary-source attribution entered without proposition-level verification.
UPSC-2023-GS1-Q008,2023,8,Geography,Indian Rivers & Water Resources,Single-answer,0,False,False,False,12,4,a,True,False,,Survey of India/IMD/official atlas or international scientific body,,,,,UNVERIFIED,NO,PENDING,PENDING,No primary-source attribution entered without proposition-level verification.
UPSC-2023-GS1-Q009,2023,9,Geography,Transport & Infrastructure Geography,How-many/Count,3,False,False,False,46,4,d,True,False,,Survey of India/IMD/official atlas or international scientific body,,,,,UNVERIFIED,NO,PENDING,PENDING,No primary-source attribution entered without proposition-level verification.
UPSC-2023-GS1-Q010,2023,10,Environment & Ecology,Ecosystems & Ecology Concepts,How-many/Count,3,False,False,False,58,4,d,True,False,,MoEFCC/official treaty convention/UN body/official environmental source,,,,,UNVERIFIED,NO,PENDING,PENDING,No primary-source attribution entered without proposition-level verification.
UPSC-2023-GS1-Q011,2023,11,Geography,Indian Agriculture & Land Use,Assertion/Relationship,0,True,False,False,52,4,c,True,False,,Survey of India/IMD/official atlas or international scientific body,,,,,UNVERIFIED,NO,PENDING,PENDING,No primary-source attribution entered without proposition-level verification.
UPSC-2023-GS1-Q012,2023,12,Environment & Ecology,Biodiversity,Assertion/Relationship,0,True,False,False,39,4,c,True,False,,MoEFCC/official treaty convention/UN body/official environmental source,,,,,UNVERIFIED,NO,PENDING,PENDING,No primary-source attribution entered without proposition-level verification.
UPSC-2023-GS1-Q013,2023,13,Geography,Economic & Mineral Geography,Single-answer,0,False,False,False,18,4,a,True,False,,Survey of India/IMD/official atlas or international scientific body,,,,,UNVERIFIED,NO,PENDING,PENDING,No primary-source attribution entered without proposition-level verification.
UPSC-2023-GS1-Q014,2023,14,Environment & Ecology,Biodiversity,How-many/Count,3,False,False,False,27,4,a,True,False,,MoEFCC/official treaty convention/UN body/official environmental source,,,,,UNVERIFIED,NO,PENDING,PENDING,No primary-source attribution entered without proposition-level verification.
UPSC-2023-GS1-Q015,2023,15,Geography,World Political Geography & Borders,Single-answer,0,False,False,False,26,4,c,True,False,,Survey of India/IMD/official atlas or international scientific body,,,,,UNVERIFIED,NO,PENDING,PENDING,No primary-source attribution entered without proposition-level verification.
UPSC-2023-GS1-Q016,2023,16,Geography,Indian Physical Geography,How-many/Count,4,False,False,False,37,4,d,True,False,,Survey of India/IMD/official atlas or international scientific body,,,,,UNVERIFIED,NO,PENDING,PENDING,No primary-source attribution entered without proposition-level verification.
UPSC-2023-GS1-Q017,2023,17,Geography,Transport & Infrastructure Geography,How-many/Count,3,False,False,False,44,4,b,True,False,,Survey of India/IMD/official atlas or international scientific body,,,,,UNVERIFIED,NO,PENDING,PENDING,No primary-source attribution entered without proposition-level verification.
UPSC-2023-GS1-Q018,2023,18,Environment & Ecology,Climate Change & Greenhouse Gases,How-many/Count,4,False,False,False,57,4,c,True,False,,MoEFCC/official treaty convention/UN body/official environmental source,,,,,UNVERIFIED,NO,PENDING,PENDING,No primary-source attribution entered without proposition-level verification.
UPSC-2023-GS1-Q019,2023,19,Environment & Ecology,Biodiversity & Conservation,Single-answer,0,False,False,False,25,4,b,True,False,,MoEFCC/official treaty convention/UN body/official environmental source,,,,,UNVERIFIED,NO,PENDING,PENDING,No primary-source attribution entered without proposition-level verification.
UPSC-2023-GS1-Q020,2023,20,Environment & Ecology,Climate Change & Greenhouse Gases,How-many/Count,4,False,False,False,26,4,c,True,False,,MoEFCC/official treaty convention/UN body/official environmental source,,,,,UNVERIFIED,NO,PENDING,PENDING,No primary-source attribution entered without proposition-level verification.
UPSC-2023-GS1-Q021,2023,21,Economy,Financial Markets & Capital Markets,Assertion/Relationship,0,False,False,False,65,4,d,True,False,,RBI/Ministry of Finance/Budget/Economic Survey/official institutional source,,,,,UNVERIFIED,NO,PENDING,PENDING,No primary-source attribution entered without proposition-level verification.
UPSC-2023-GS1-Q022,2023,22,Economy,Monetary Policy & Money Supply,Assertion/Relationship,0,False,False,True,56,4,a,True,False,,RBI/Ministry of Finance/Budget/Economic Survey/official institutional source,,,,,UNVERIFIED,NO,PENDING,PENDING,No primary-source attribution entered without proposition-level verification.
UPSC-2023-GS1-Q023,2023,23,Environment & Ecology,Climate Change & Greenhouse Gases,Assertion/Relationship,0,False,False,False,51,4,b,True,False,,MoEFCC/official treaty convention/UN body/official environmental source,,,,,UNVERIFIED,NO,PENDING,PENDING,No primary-source attribution entered without proposition-level verification.
UPSC-2023-GS1-Q024,2023,24,Economy,Monetary Policy & Money Supply,Single-answer,0,False,False,False,19,4,a,True,False,,RBI/Ministry of Finance/Budget/Economic Survey/official institutional source,,,,,UNVERIFIED,NO,PENDING,PENDING,No primary-source attribution entered without proposition-level verification.
UPSC-2023-GS1-Q025,2023,25,Economy,Financial Markets & Capital Markets,How-many/Count,4,False,False,False,30,4,b,True,False,,RBI/Ministry of Finance/Budget/Economic Survey/official institutional source,,,,,UNVERIFIED,NO,PENDING,PENDING,No primary-source attribution entered without proposition-level verification.
UPSC-2023-GS1-Q026,2023,26,Economy,Agriculture & Rural Development,Single-answer,0,False,False,False,14,4,b,True,False,,RBI/Ministry of Finance/Budget/Economic Survey/official institutional source,,,,,UNVERIFIED,NO,PENDING,PENDING,No primary-source attribution entered without proposition-level verification.
UPSC-2023-GS1-Q027,2023,27,Economy,Agriculture & Rural Development,How-many/Count,3,False,False,False,47,4,c,True,False,,RBI/Ministry of Finance/Budget/Economic Survey/official institutional source,,,,,UNVERIFIED,NO,PENDING,PENDING,No primary-source attribution entered without proposition-level verification.
UPSC-2023-GS1-Q028,2023,28,Economy,Financial Markets & Capital Markets,How-many/Count,4,False,False,False,30,4,c,True,False,,RBI/Ministry of Finance/Budget/Economic Survey/official institutional source,,,,,UNVERIFIED,NO,PENDING,PENDING,No primary-source attribution entered without proposition-level verification.
UPSC-2023-GS1-Q029,2023,29,Economy,Fiscal Policy & Budget,How-many/Count,5,False,False,False,46,4,b,True,False,,RBI/Ministry of Finance/Budget/Economic Survey/official institutional source,,,,,UNVERIFIED,NO,PENDING,PENDING,No primary-source attribution entered without proposition-level verification.
UPSC-2023-GS1-Q030,2023,30,Current Affairs,International Organisations & Groupings,How-many/Count,4,False,True,False,39,4,c,True,False,,official organisation/government release/treaty document,,,,,UNVERIFIED,NO,PENDING,PENDING,No primary-source attribution entered without proposition-level verification.
UPSC-2023-GS1-Q031,2023,31,Polity & Governance,Constitutional Framework & Development,Single-answer,0,False,False,False,9,4,a,True,False,,Constitution/Act/Rules/official government institutional source,,,,,UNVERIFIED,NO,PENDING,PENDING,No primary-source attribution entered without proposition-level verification.
UPSC-2023-GS1-Q032,2023,32,Polity & Governance,Federalism & Centre–State Relations,Assertion/Relationship,0,False,False,False,65,4,a,True,False,,Constitution/Act/Rules/official government institutional source,,,,,UNVERIFIED,NO,PENDING,PENDING,No primary-source attribution entered without proposition-level verification.
UPSC-2023-GS1-Q033,2023,33,Polity & Governance,Constitutional Framework & Development,Single-answer,0,False,False,False,17,4,c,True,False,,Constitution/Act/Rules/official government institutional source,,,,,UNVERIFIED,NO,PENDING,PENDING,No primary-source attribution entered without proposition-level verification.
UPSC-2023-GS1-Q034,2023,34,Polity & Governance,Constitutional Framework & Development,Single-answer,0,False,False,False,24,4,c,True,True,CANCELLED,Constitution/Act/Rules/official government institutional source,,,,,UNVERIFIED,NO,PENDING,PENDING,No primary-source attribution entered without proposition-level verification.
UPSC-2023-GS1-Q035,2023,35,Polity & Governance,Constitutional & Statutory Bodies,How-many/Count,4,False,False,False,40,4,a,True,False,,Constitution/Act/Rules/official government institutional source,,,,,UNVERIFIED,NO,PENDING,PENDING,No primary-source attribution entered without proposition-level verification.
UPSC-2023-GS1-Q036,2023,36,Polity & Governance,Union & State Executive,How-many/Count,3,False,False,False,107,4,d,True,False,,Constitution/Act/Rules/official government institutional source,,,,,UNVERIFIED,NO,PENDING,PENDING,No primary-source attribution entered without proposition-level verification.
UPSC-2023-GS1-Q037,2023,37,Polity & Governance,Parliament & State Legislatures,How-many/Count,3,False,False,False,99,4,b,True,False,,Constitution/Act/Rules/official government institutional source,,,,,UNVERIFIED,NO,PENDING,PENDING,No primary-source attribution entered without proposition-level verification.
UPSC-2023-GS1-Q038,2023,38,Environment & Ecology,Protected Areas & Wildlife,How-many/Count,4,True,False,False,69,4,b,True,False,,MoEFCC/official treaty convention/UN body/official environmental source,,,,,UNVERIFIED,NO,PENDING,PENDING,No primary-source attribution entered without proposition-level verification.
UPSC-2023-GS1-Q039,2023,39,Polity & Governance,Federalism & Centre–State Relations,How-many/Count,3,False,False,False,91,4,b,True,False,,Constitution/Act/Rules/official government institutional source,,,,,UNVERIFIED,NO,PENDING,PENDING,No primary-source attribution entered without proposition-level verification.
UPSC-2023-GS1-Q040,2023,40,Polity & Governance,Social Justice & Vulnerable Sections,Assertion/Relationship,0,False,False,False,70,4,c,True,False,,Constitution/Act/Rules/official government institutional source,,,,,UNVERIFIED,NO,PENDING,PENDING,No primary-source attribution entered without proposition-level verification.
UPSC-2023-GS1-Q041,2023,41,Art & Culture,Architecture & World Heritage,Single-answer,0,False,False,False,20,4,a,True,False,,NCERT/ASI/Ministry of Culture/official archival or primary historical source,,,,,UNVERIFIED,NO,PENDING,PENDING,No primary-source attribution entered without proposition-level verification.
UPSC-2023-GS1-Q042,2023,42,History,Ancient India,How-many/Count,3,False,False,False,47,4,b,True,False,,NCERT/ASI/Ministry of Culture/official archival or primary historical source,,,,,UNVERIFIED,NO,PENDING,PENDING,No primary-source attribution entered without proposition-level verification.
UPSC-2023-GS1-Q043,2023,43,History,Trade & Economy,Single-answer,0,False,False,False,14,4,b,True,False,,NCERT/ASI/Ministry of Culture/official archival or primary historical source,,,,,UNVERIFIED,NO,PENDING,PENDING,No primary-source attribution entered without proposition-level verification.
UPSC-2023-GS1-Q044,2023,44,Art & Culture,Literature & Languages,Single-answer,0,False,False,False,15,4,d,True,False,,NCERT/ASI/Ministry of Culture/official archival or primary historical source,,,,,UNVERIFIED,NO,PENDING,PENDING,No primary-source attribution entered without proposition-level verification.
UPSC-2023-GS1-Q045,2023,45,History,South Indian Dynasties,How-many/Count,4,False,False,False,27,4,d,True,False,,NCERT/ASI/Ministry of Culture/official archival or primary historical source,,,,,UNVERIFIED,NO,PENDING,PENDING,No primary-source attribution entered without proposition-level verification.
UPSC-2023-GS1-Q046,2023,46,Art & Culture,Literature & Languages,How-many/Count,4,False,False,False,42,4,b,True,False,,NCERT/ASI/Ministry of Culture/official archival or primary historical source,,,,,UNVERIFIED,NO,PENDING,PENDING,No primary-source attribution entered without proposition-level verification.
UPSC-2023-GS1-Q047,2023,47,Art & Culture,Philosophy & Religion,Single-answer,0,True,False,False,51,4,b,True,False,,NCERT/ASI/Ministry of Culture/official archival or primary historical source,,,,,UNVERIFIED,NO,PENDING,PENDING,No primary-source attribution entered without proposition-level verification.
UPSC-2023-GS1-Q048,2023,48,History,Vijayanagara Empire,Single-answer,0,False,False,False,28,4,a,True,False,,NCERT/ASI/Ministry of Culture/official archival or primary historical source,,,,,UNVERIFIED,NO,PENDING,PENDING,No primary-source attribution entered without proposition-level verification.
UPSC-2023-GS1-Q049,2023,49,History,Regional Kingdoms & Frontier States,Single-answer,0,False,False,False,12,4,c,True,False,,NCERT/ASI/Ministry of Culture/official archival or primary historical source,,,,,UNVERIFIED,NO,PENDING,PENDING,No primary-source attribution entered without proposition-level verification.
UPSC-2023-GS1-Q050,2023,50,History,Constitutional Developments & British Plans (1909-1947),Single-answer,0,False,False,False,20,4,d,True,False,,Constitution/Act/Rules/official government institutional source,,,,,UNVERIFIED,NO,PENDING,PENDING,No primary-source attribution entered without proposition-level verification.
UPSC-2023-GS1-Q051,2023,51,Economy,"Human Development, Poverty & Employment Schemes",How-many/Count,4,False,False,False,74,4,b,True,False,,RBI/Ministry of Finance/Budget/Economic Survey/official institutional source,,,,,UNVERIFIED,NO,PENDING,PENDING,No primary-source attribution entered without proposition-level verification.
UPSC-2023-GS1-Q052,2023,52,Economy,"Human Development, Poverty & Employment Schemes",How-many/Count,4,False,False,False,81,4,c,True,False,,RBI/Ministry of Finance/Budget/Economic Survey/official institutional source,,,,,UNVERIFIED,NO,PENDING,PENDING,No primary-source attribution entered without proposition-level verification.
UPSC-2023-GS1-Q053,2023,53,Science & Technology,Materials & Engineering,Multi-statement,2,False,False,False,36,4,a,True,False,,concerned ministry/department/official scientific or international body,,,,,UNVERIFIED,NO,PENDING,PENDING,No primary-source attribution entered without proposition-level verification.
UPSC-2023-GS1-Q054,2023,54,Science & Technology,Defence Technology,How-many/Count,3,False,False,False,75,4,c,True,False,,concerned ministry/department/official scientific or international body,,,,,UNVERIFIED,NO,PENDING,PENDING,No primary-source attribution entered without proposition-level verification.
UPSC-2023-GS1-Q055,2023,55,Science & Technology,Energy & Environment,How-many/Count,3,False,False,False,55,4,b,True,False,,concerned ministry/department/official scientific or international body,,,,,UNVERIFIED,NO,PENDING,PENDING,No primary-source attribution entered without proposition-level verification.
UPSC-2023-GS1-Q056,2023,56,Science & Technology,Space Technology & Astronomy,How-many/Count,3,False,False,False,56,4,a,True,False,,concerned ministry/department/official scientific or international body,,,,,UNVERIFIED,NO,PENDING,PENDING,No primary-source attribution entered without proposition-level verification.
UPSC-2023-GS1-Q057,2023,57,Science & Technology,Space Technology & Astronomy,Single-answer,0,False,False,False,12,4,d,True,False,,concerned ministry/department/official scientific or international body,,,,,UNVERIFIED,NO,PENDING,PENDING,No primary-source attribution entered without proposition-level verification.
UPSC-2023-GS1-Q058,2023,58,Science & Technology,Defence Technology,Multi-statement,2,False,False,False,52,4,d,True,False,,concerned ministry/department/official scientific or international body,,,,,UNVERIFIED,NO,PENDING,PENDING,No primary-source attribution entered without proposition-level verification.
UPSC-2023-GS1-Q059,2023,59,Environment & Ecology,Pollution & Waste Management,How-many/Count,3,False,False,False,48,4,b,True,False,,MoEFCC/official treaty convention/UN body/official environmental source,,,,,UNVERIFIED,NO,PENDING,PENDING,No primary-source attribution entered without proposition-level verification.
UPSC-2023-GS1-Q060,2023,60,Science & Technology,Energy & Environment,How-many/Count,3,False,False,False,60,4,c,True,False,,concerned ministry/department/official scientific or international body,,,,,UNVERIFIED,NO,PENDING,PENDING,No primary-source attribution entered without proposition-level verification.
UPSC-2023-GS1-Q061,2023,61,Geography,World Political Geography & Borders,How-many/Count,5,False,False,False,30,4,a,True,False,,Survey of India/IMD/official atlas or international scientific body,,,,,UNVERIFIED,NO,PENDING,PENDING,No primary-source attribution entered without proposition-level verification.
UPSC-2023-GS1-Q062,2023,62,Geography,Atmosphere & Climatology,Single-answer,0,False,False,False,14,4,c,True,False,,Survey of India/IMD/official atlas or international scientific body,,,,,UNVERIFIED,NO,PENDING,PENDING,No primary-source attribution entered without proposition-level verification.
UPSC-2023-GS1-Q063,2023,63,Geography,Biogeography & Natural Vegetation,Assertion/Relationship,0,False,False,False,51,4,d,True,False,,Survey of India/IMD/official atlas or international scientific body,,,,,UNVERIFIED,NO,PENDING,PENDING,No primary-source attribution entered without proposition-level verification.
UPSC-2023-GS1-Q064,2023,64,Geography,Atmosphere & Climatology,Assertion/Relationship,0,False,False,False,48,4,d,True,False,,Survey of India/IMD/official atlas or international scientific body,,,,,UNVERIFIED,NO,PENDING,PENDING,No primary-source attribution entered without proposition-level verification.
UPSC-2023-GS1-Q065,2023,65,Geography,Physical Geography & Geomorphology,Multi-statement,2,False,False,False,61,4,c,True,False,,Survey of India/IMD/official atlas or international scientific body,,,,,UNVERIFIED,NO,PENDING,PENDING,No primary-source attribution entered without proposition-level verification.
UPSC-2023-GS1-Q066,2023,66,Environment & Ecology,Pollution & Waste Management,How-many/Count,3,False,False,False,45,4,d,True,False,,MoEFCC/official treaty convention/UN body/official environmental source,,,,,UNVERIFIED,NO,PENDING,PENDING,No primary-source attribution entered without proposition-level verification.
UPSC-2023-GS1-Q067,2023,67,Science & Technology,Health & Diseases,Single-answer,0,False,False,False,14,4,a,True,False,,concerned ministry/department/official scientific or international body,,,,,UNVERIFIED,NO,PENDING,PENDING,No primary-source attribution entered without proposition-level verification.
UPSC-2023-GS1-Q068,2023,68,Environment & Ecology,Climate Change & Greenhouse Gases,How-many/Count,3,False,False,False,60,4,c,True,False,,MoEFCC/official treaty convention/UN body/official environmental source,,,,,UNVERIFIED,NO,PENDING,PENDING,No primary-source attribution entered without proposition-level verification.
UPSC-2023-GS1-Q069,2023,69,Science & Technology,Biotechnology & Genetics,Single-answer,0,False,False,False,11,4,a,True,False,,concerned ministry/department/official scientific or international body,,,,,UNVERIFIED,NO,PENDING,PENDING,No primary-source attribution entered without proposition-level verification.
UPSC-2023-GS1-Q070,2023,70,Science & Technology,Biotechnology & Genetics,Single-answer,0,False,False,False,13,4,a,True,False,,concerned ministry/department/official scientific or international body,,,,,UNVERIFIED,NO,PENDING,PENDING,No primary-source attribution entered without proposition-level verification.
UPSC-2023-GS1-Q071,2023,71,Economy,Infrastructure & Industry,Multi-statement,2,False,False,False,63,4,b,True,False,,RBI/Ministry of Finance/Budget/Economic Survey/official institutional source,,,,,UNVERIFIED,NO,PENDING,PENDING,No primary-source attribution entered without proposition-level verification.
UPSC-2023-GS1-Q072,2023,72,Economy,Digital Payments & Financial Inclusion,Multi-statement,2,False,False,False,58,4,c,True,False,,RBI/Ministry of Finance/Budget/Economic Survey/official institutional source,,,,,UNVERIFIED,NO,PENDING,PENDING,No primary-source attribution entered without proposition-level verification.
UPSC-2023-GS1-Q073,2023,73,Economy,Financial Markets & Capital Markets,Single-answer,0,False,False,False,10,4,d,True,False,,RBI/Ministry of Finance/Budget/Economic Survey/official institutional source,,,,,UNVERIFIED,NO,PENDING,PENDING,No primary-source attribution entered without proposition-level verification.
UPSC-2023-GS1-Q074,2023,74,Economy,Digital Payments & Financial Inclusion,How-many/Count,3,False,False,False,65,4,b,True,False,,RBI/Ministry of Finance/Budget/Economic Survey/official institutional source,,,,,UNVERIFIED,NO,PENDING,PENDING,No primary-source attribution entered without proposition-level verification.
UPSC-2023-GS1-Q075,2023,75,Economy,"Human Development, Poverty & Employment Schemes",Assertion/Relationship,0,False,False,False,57,4,b,True,False,,RBI/Ministry of Finance/Budget/Economic Survey/official institutional source,,,,,UNVERIFIED,NO,PENDING,PENDING,No primary-source attribution entered without proposition-level verification.
UPSC-2023-GS1-Q076,2023,76,Environment & Ecology,Water & Wetland Conservation,Assertion/Relationship,0,False,False,False,77,4,c,True,False,,MoEFCC/official treaty convention/UN body/official environmental source,,,,,UNVERIFIED,NO,PENDING,PENDING,No primary-source attribution entered without proposition-level verification.
UPSC-2023-GS1-Q077,2023,77,Polity & Governance,Fundamental Rights,How-many/Count,3,False,False,False,73,4,b,True,False,,Constitution/Act/Rules/official government institutional source,,,,,UNVERIFIED,NO,PENDING,PENDING,No primary-source attribution entered without proposition-level verification.
UPSC-2023-GS1-Q078,2023,78,Current Affairs,Disasters & Humanitarian Issues,Single-answer,0,False,True,True,30,4,d,True,False,,official organisation/government release/treaty document,,,,,UNVERIFIED,NO,PENDING,PENDING,No primary-source attribution entered without proposition-level verification.
UPSC-2023-GS1-Q079,2023,79,Environment & Ecology,Environmental Governance & Legislation,Multi-statement,2,False,False,False,62,4,c,True,False,,MoEFCC/official treaty convention/UN body/official environmental source,,,,,UNVERIFIED,NO,PENDING,PENDING,No primary-source attribution entered without proposition-level verification.
UPSC-2023-GS1-Q080,2023,80,Polity & Governance,Presidential Election,How-many/Count,4,False,False,False,123,4,a,True,False,,Constitution/Act/Rules/official government institutional source,,,,,UNVERIFIED,NO,PENDING,PENDING,No primary-source attribution entered without proposition-level verification.
UPSC-2023-GS1-Q081,2023,81,Art & Culture,Cultural Institutions & Awards,Single-answer,0,False,False,False,21,4,a,True,False,,NCERT/ASI/Ministry of Culture/official archival or primary historical source,,,,,UNVERIFIED,NO,PENDING,PENDING,No primary-source attribution entered without proposition-level verification.
UPSC-2023-GS1-Q082,2023,82,Art & Culture,Architecture & World Heritage,How-many/Count,3,False,False,False,36,4,b,True,False,,NCERT/ASI/Ministry of Culture/official archival or primary historical source,,,,,UNVERIFIED,NO,PENDING,PENDING,No primary-source attribution entered without proposition-level verification.
UPSC-2023-GS1-Q083,2023,83,History,Early Nationalism & Indian National Congress (1885-1915),Assertion/Relationship,0,False,False,False,45,4,a,True,False,,NCERT/ASI/Ministry of Culture/official archival or primary historical source,,,,,UNVERIFIED,NO,PENDING,PENDING,No primary-source attribution entered without proposition-level verification.
UPSC-2023-GS1-Q084,2023,84,Polity & Governance,Constitutional Framework & Development,Assertion/Relationship,1,False,False,False,72,4,d,True,False,,Constitution/Act/Rules/official government institutional source,,,,,UNVERIFIED,NO,PENDING,PENDING,No primary-source attribution entered without proposition-level verification.
UPSC-2023-GS1-Q085,2023,85,Polity & Governance,Constitutional Framework & Development,Assertion/Relationship,0,False,False,False,73,4,c,True,False,,Constitution/Act/Rules/official government institutional source,,,,,UNVERIFIED,NO,PENDING,PENDING,No primary-source attribution entered without proposition-level verification.
UPSC-2023-GS1-Q086,2023,86,Current Affairs,Business & Economy,Assertion/Relationship,0,False,True,False,45,4,c,True,False,,official organisation/government release/treaty document,,,,,UNVERIFIED,NO,PENDING,PENDING,No primary-source attribution entered without proposition-level verification.
UPSC-2023-GS1-Q087,2023,87,Current Affairs,International Relations & Treaties,Assertion/Relationship,0,False,True,True,63,4,c,True,False,,official organisation/government release/treaty document,,,,,UNVERIFIED,NO,PENDING,PENDING,No primary-source attribution entered without proposition-level verification.
UPSC-2023-GS1-Q088,2023,88,Economy,International Trade & WTO,Assertion/Relationship,0,False,False,False,49,4,d,True,False,,RBI/Ministry of Finance/Budget/Economic Survey/official institutional source,,,,,UNVERIFIED,NO,PENDING,PENDING,No primary-source attribution entered without proposition-level verification.
UPSC-2023-GS1-Q089,2023,89,Economy,Fiscal Policy & Budget,How-many/Count,3,False,False,False,66,4,a,True,False,,RBI/Ministry of Finance/Budget/Economic Survey/official institutional source,,,,,UNVERIFIED,NO,PENDING,PENDING,No primary-source attribution entered without proposition-level verification.
UPSC-2023-GS1-Q090,2023,90,Current Affairs,International Relations & Treaties,How-many/Count,3,False,True,True,72,4,d,True,False,,official organisation/government release/treaty document,,,,,UNVERIFIED,NO,PENDING,PENDING,No primary-source attribution entered without proposition-level verification.
UPSC-2023-GS1-Q091,2023,91,Polity & Governance,Constitutional & Statutory Bodies,How-many/Count,3,False,False,False,77,4,b,True,False,,Constitution/Act/Rules/official government institutional source,,,,,UNVERIFIED,NO,PENDING,PENDING,No primary-source attribution entered without proposition-level verification.
UPSC-2023-GS1-Q092,2023,92,Polity & Governance,Constitutional & Statutory Bodies,How-many/Count,3,False,False,False,81,4,b,True,False,,Constitution/Act/Rules/official government institutional source,,,,,UNVERIFIED,NO,PENDING,PENDING,No primary-source attribution entered without proposition-level verification.
UPSC-2023-GS1-Q093,2023,93,International Relations,Geopolitical Conflicts,How-many/Count,3,False,False,False,51,4,d,True,False,,official organisation/government release/treaty document,,,,,UNVERIFIED,NO,PENDING,PENDING,No primary-source attribution entered without proposition-level verification.
UPSC-2023-GS1-Q094,2023,94,Current Affairs,International Relations & Treaties,Assertion/Relationship,0,False,True,False,46,4,c,True,False,,official organisation/government release/treaty document,,,,,UNVERIFIED,NO,PENDING,PENDING,No primary-source attribution entered without proposition-level verification.
UPSC-2023-GS1-Q095,2023,95,Sports,Sports Awards,How-many/Count,4,False,False,False,86,4,b,True,False,,proposition-specific primary source required,,,,,UNVERIFIED,NO,PENDING,PENDING,No primary-source attribution entered without proposition-level verification.
UPSC-2023-GS1-Q096,2023,96,Current Affairs,Other Sports & Personalities,How-many/Count,4,False,True,False,73,4,b,True,False,,official organisation/government release/treaty document,,,,,UNVERIFIED,NO,PENDING,PENDING,No primary-source attribution entered without proposition-level verification.
UPSC-2023-GS1-Q097,2023,97,Current Affairs,International Conflicts & Security,How-many/Count,3,False,True,False,33,4,d,True,False,,official organisation/government release/treaty document,,,,,UNVERIFIED,NO,PENDING,PENDING,No primary-source attribution entered without proposition-level verification.
UPSC-2023-GS1-Q098,2023,98,Current Affairs,International Conflicts & Security,Single-answer,0,False,True,False,25,4,d,True,False,,official organisation/government release/treaty document,,,,,UNVERIFIED,NO,PENDING,PENDING,No primary-source attribution entered without proposition-level verification.
UPSC-2023-GS1-Q099,2023,99,Environment & Ecology,Renewable Energy & Green Technologies,How-many/Count,3,False,False,False,32,4,c,True,False,,MoEFCC/official treaty convention/UN body/official environmental source,,,,,UNVERIFIED,NO,PENDING,PENDING,No primary-source attribution entered without proposition-level verification.
UPSC-2023-GS1-Q100,2023,100,Current Affairs,International Organisations & Groupings,Multi-statement,2,False,True,False,51,4,c,True,False,,official organisation/government release/treaty document,,,,,UNVERIFIED,NO,PENDING,PENDING,No primary-source attribution entered without proposition-level verification.
UPSC-2024-GS1-Q001,2024,1,Geography,Atmosphere & Climatology,Assertion/Relationship,0,False,False,False,52,4,d,True,False,,Survey of India/IMD/official atlas or international scientific body,,,,,UNVERIFIED,NO,PENDING,PENDING,No primary-source attribution entered without proposition-level verification.
UPSC-2024-GS1-Q002,2024,2,Geography,Atmosphere & Climatology,Assertion/Relationship,0,False,False,False,50,4,a,True,False,,Survey of India/IMD/official atlas or international scientific body,,,,,UNVERIFIED,NO,PENDING,PENDING,No primary-source attribution entered without proposition-level verification.
UPSC-2024-GS1-Q003,2024,3,Geography,Physical Geography & Geomorphology,How-many/Count,4,False,False,False,28,4,d,True,False,,Survey of India/IMD/official atlas or international scientific body,,,,,UNVERIFIED,NO,PENDING,PENDING,No primary-source attribution entered without proposition-level verification.
UPSC-2024-GS1-Q004,2024,4,Geography,Atmosphere & Climatology,Multi-statement,2,False,False,False,68,4,a,True,False,,Survey of India/IMD/official atlas or international scientific body,,,,,UNVERIFIED,NO,PENDING,PENDING,No primary-source attribution entered without proposition-level verification.
UPSC-2024-GS1-Q005,2024,5,Geography,Indian Agriculture & Land Use,Single-answer,0,False,False,False,18,4,c,True,False,,Survey of India/IMD/official atlas or international scientific body,,,,,UNVERIFIED,NO,PENDING,PENDING,No primary-source attribution entered without proposition-level verification.
UPSC-2024-GS1-Q006,2024,6,Geography,Indian Rivers & Water Resources,Single-answer,0,False,False,False,25,4,b,True,False,,Survey of India/IMD/official atlas or international scientific body,,,,,UNVERIFIED,NO,PENDING,PENDING,No primary-source attribution entered without proposition-level verification.
UPSC-2024-GS1-Q007,2024,7,Geography,Physical Geography & Geomorphology,Assertion/Relationship,0,False,False,False,47,4,a,True,False,,Survey of India/IMD/official atlas or international scientific body,,,,,UNVERIFIED,NO,PENDING,PENDING,No primary-source attribution entered without proposition-level verification.
UPSC-2024-GS1-Q008,2024,8,Geography,World Geography,How-many/Count,4,False,False,False,27,4,b,True,False,,Survey of India/IMD/official atlas or international scientific body,,,,,UNVERIFIED,NO,PENDING,PENDING,No primary-source attribution entered without proposition-level verification.
UPSC-2024-GS1-Q009,2024,9,Geography,Indian Geography,How-many/Count,3,False,False,False,47,4,a,True,False,,Survey of India/IMD/official atlas or international scientific body,,,,,UNVERIFIED,NO,PENDING,PENDING,No primary-source attribution entered without proposition-level verification.
UPSC-2024-GS1-Q010,2024,10,Geography,World Geography,How-many/Count,4,False,False,False,65,4,b,True,False,,Survey of India/IMD/official atlas or international scientific body,,,,,UNVERIFIED,NO,PENDING,PENDING,No primary-source attribution entered without proposition-level verification.
UPSC-2024-GS1-Q011,2024,11,Current Affairs,Indian Government Schemes & Initiatives,Multi-statement,3,False,True,True,32,4,a,True,False,,official organisation/government release/treaty document,,,,,UNVERIFIED,NO,PENDING,PENDING,No primary-source attribution entered without proposition-level verification.
UPSC-2024-GS1-Q012,2024,12,Geography,Atmosphere & Climatology,Multi-statement,2,False,False,False,42,4,a,True,False,,Survey of India/IMD/official atlas or international scientific body,,,,,UNVERIFIED,NO,PENDING,PENDING,No primary-source attribution entered without proposition-level verification.
UPSC-2024-GS1-Q013,2024,13,Geography,Atmosphere & Climatology,Multi-statement,3,False,False,False,36,4,d,True,False,,Survey of India/IMD/official atlas or international scientific body,,,,,UNVERIFIED,NO,PENDING,PENDING,No primary-source attribution entered without proposition-level verification.
UPSC-2024-GS1-Q014,2024,14,Geography,Atmosphere & Climatology,Multi-statement,2,False,False,False,43,4,c,True,False,,Survey of India/IMD/official atlas or international scientific body,,,,,UNVERIFIED,NO,PENDING,PENDING,No primary-source attribution entered without proposition-level verification.
UPSC-2024-GS1-Q015,2024,15,Geography,Astronomy & Earth–Sun System,Multi-statement,4,False,False,False,42,4,d,True,False,,Survey of India/IMD/official atlas or international scientific body,,,,,UNVERIFIED,NO,PENDING,PENDING,No primary-source attribution entered without proposition-level verification.
UPSC-2024-GS1-Q016,2024,16,Environment & Ecology,Climate Change & Greenhouse Gases,Single-answer,0,False,False,False,47,4,b,True,False,,MoEFCC/official treaty convention/UN body/official environmental source,,,,,UNVERIFIED,NO,PENDING,PENDING,No primary-source attribution entered without proposition-level verification.
UPSC-2024-GS1-Q017,2024,17,Environment & Ecology,Pollution & Waste Management,Multi-statement,3,True,False,False,66,4,d,True,False,,MoEFCC/official treaty convention/UN body/official environmental source,,,,,UNVERIFIED,NO,PENDING,PENDING,No primary-source attribution entered without proposition-level verification.
UPSC-2024-GS1-Q018,2024,18,Environment & Ecology,Biodiversity & Conservation,How-many/Count,5,False,False,False,29,4,b,True,False,,MoEFCC/official treaty convention/UN body/official environmental source,,,,,UNVERIFIED,NO,PENDING,PENDING,No primary-source attribution entered without proposition-level verification.
UPSC-2024-GS1-Q019,2024,19,Environment & Ecology,Biodiversity & Conservation,How-many/Count,3,False,False,False,22,4,c,True,False,,MoEFCC/official treaty convention/UN body/official environmental source,,,,,UNVERIFIED,NO,PENDING,PENDING,No primary-source attribution entered without proposition-level verification.
UPSC-2024-GS1-Q020,2024,20,Environment & Ecology,Environmental Governance & Legislation,Assertion/Relationship,0,False,False,False,51,4,c,True,True,CANCELLED,MoEFCC/official treaty convention/UN body/official environmental source,,,,,UNVERIFIED,NO,PENDING,PENDING,No primary-source attribution entered without proposition-level verification.
UPSC-2024-GS1-Q021,2024,21,Environment & Ecology,Biodiversity & Conservation,Single-answer,0,False,False,False,9,4,c,True,False,,MoEFCC/official treaty convention/UN body/official environmental source,,,,,UNVERIFIED,NO,PENDING,PENDING,No primary-source attribution entered without proposition-level verification.
UPSC-2024-GS1-Q022,2024,22,Environment & Ecology,Pollution & Waste Management,Assertion/Relationship,0,False,False,False,45,4,a,True,False,,MoEFCC/official treaty convention/UN body/official environmental source,,,,,UNVERIFIED,NO,PENDING,PENDING,No primary-source attribution entered without proposition-level verification.
UPSC-2024-GS1-Q023,2024,23,Environment & Ecology,Protected Areas & Wildlife,How-many/Count,2,False,False,False,19,4,d,True,False,SOURCE_BLANKED_FIELDS,MoEFCC/official treaty convention/UN body/official environmental source,,,,,UNVERIFIED,NO,PENDING,PENDING,No primary-source attribution entered without proposition-level verification.
UPSC-2024-GS1-Q024,2024,24,Current Affairs,International Organisations & Groupings,Multi-statement,2,False,True,False,40,4,a,True,False,,official organisation/government release/treaty document,,,,,UNVERIFIED,NO,PENDING,PENDING,No primary-source attribution entered without proposition-level verification.
UPSC-2024-GS1-Q025,2024,25,Environment & Ecology,Ecosystems & Ecology Concepts,Multi-statement,2,False,False,False,17,4,a,True,False,SOURCE_BLANKED_FIELDS,MoEFCC/official treaty convention/UN body/official environmental source,,,,,UNVERIFIED,NO,PENDING,PENDING,No primary-source attribution entered without proposition-level verification.
UPSC-2024-GS1-Q026,2024,26,Current Affairs,International Relations & Treaties,Single-answer,0,False,True,False,14,4,a,True,False,,official organisation/government release/treaty document,,,,,UNVERIFIED,NO,PENDING,PENDING,No primary-source attribution entered without proposition-level verification.
UPSC-2024-GS1-Q027,2024,27,Science & Technology,Energy & Environment,How-many/Count,2,False,False,False,19,4,d,True,False,SOURCE_BLANKED_FIELDS,concerned ministry/department/official scientific or international body,,,,,UNVERIFIED,NO,PENDING,PENDING,No primary-source attribution entered without proposition-level verification.
UPSC-2024-GS1-Q028,2024,28,Environment & Ecology,Ecosystems & Ecology Concepts,Single-answer,0,False,False,False,29,4,a,True,False,,MoEFCC/official treaty convention/UN body/official environmental source,,,,,UNVERIFIED,NO,PENDING,PENDING,No primary-source attribution entered without proposition-level verification.
UPSC-2024-GS1-Q029,2024,29,Environment & Ecology,Ecosystems & Ecology Concepts,How-many/Count,2,False,False,False,18,4,c,True,False,SOURCE_BLANKED_FIELDS,MoEFCC/official treaty convention/UN body/official environmental source,,,,,UNVERIFIED,NO,PENDING,PENDING,No primary-source attribution entered without proposition-level verification.
UPSC-2024-GS1-Q030,2024,30,Environment & Ecology,Biodiversity & Conservation,How-many/Count,2,False,False,False,19,4,a,True,False,SOURCE_BLANKED_FIELDS,MoEFCC/official treaty convention/UN body/official environmental source,,,,,UNVERIFIED,NO,PENDING,PENDING,No primary-source attribution entered without proposition-level verification.
UPSC-2024-GS1-Q031,2024,31,Science & Technology,Energy & Environment,Multi-statement,2,False,False,False,24,4,b,True,False,SOURCE_BLANKED_FIELDS,concerned ministry/department/official scientific or international body,,,,,UNVERIFIED,NO,PENDING,PENDING,No primary-source attribution entered without proposition-level verification.
UPSC-2024-GS1-Q032,2024,32,Science & Technology,Space Technology & Astronomy,Assertion/Relationship,0,False,False,False,44,4,d,True,False,,concerned ministry/department/official scientific or international body,,,,,UNVERIFIED,NO,PENDING,PENDING,No primary-source attribution entered without proposition-level verification.
UPSC-2024-GS1-Q033,2024,33,Science & Technology,Biology,Single-answer,0,False,False,False,19,4,a,True,False,,concerned ministry/department/official scientific or international body,,,,,UNVERIFIED,NO,PENDING,PENDING,No primary-source attribution entered without proposition-level verification.
UPSC-2024-GS1-Q034,2024,34,Science & Technology,Defence Technology,How-many/Count,2,False,False,False,21,4,b,True,False,SOURCE_BLANKED_FIELDS,concerned ministry/department/official scientific or international body,,,,,UNVERIFIED,NO,PENDING,PENDING,No primary-source attribution entered without proposition-level verification.
UPSC-2024-GS1-Q035,2024,35,Science & Technology,Defence Technology,How-many/Count,2,False,False,False,20,4,d,True,False,SOURCE_BLANKED_FIELDS,concerned ministry/department/official scientific or international body,,,,,UNVERIFIED,NO,PENDING,PENDING,No primary-source attribution entered without proposition-level verification.
UPSC-2024-GS1-Q036,2024,36,Science & Technology,Chemistry,Multi-statement,2,False,False,False,22,4,a,True,False,SOURCE_BLANKED_FIELDS,concerned ministry/department/official scientific or international body,,,,,UNVERIFIED,NO,PENDING,PENDING,No primary-source attribution entered without proposition-level verification.
UPSC-2024-GS1-Q037,2024,37,Science & Technology,Energy,Single-answer,0,False,False,False,19,4,d,True,False,,concerned ministry/department/official scientific or international body,,,,,UNVERIFIED,NO,PENDING,PENDING,No primary-source attribution entered without proposition-level verification.
UPSC-2024-GS1-Q038,2024,38,Science & Technology,Energy,Single-answer,0,False,False,True,20,4,c,True,False,,concerned ministry/department/official scientific or international body,,,,,UNVERIFIED,NO,PENDING,PENDING,No primary-source attribution entered without proposition-level verification.
UPSC-2024-GS1-Q039,2024,39,Science & Technology,Biotechnology,Single-answer,0,False,False,False,10,4,d,True,False,,concerned ministry/department/official scientific or international body,,,,,UNVERIFIED,NO,PENDING,PENDING,No primary-source attribution entered without proposition-level verification.
UPSC-2024-GS1-Q040,2024,40,Economy,Financial Markets,Single-answer,0,False,False,False,16,4,c,True,False,,RBI/Ministry of Finance/Budget/Economic Survey/official institutional source,,,,,UNVERIFIED,NO,PENDING,PENDING,No primary-source attribution entered without proposition-level verification.
UPSC-2024-GS1-Q041,2024,41,Economy,Demographics,Single-answer,0,False,False,False,11,4,d,True,False,,RBI/Ministry of Finance/Budget/Economic Survey/official institutional source,,,,,UNVERIFIED,NO,PENDING,PENDING,No primary-source attribution entered without proposition-level verification.
UPSC-2024-GS1-Q042,2024,42,Economy,Banking and Finance,Multi-statement,2,False,False,False,24,4,c,True,False,,RBI/Ministry of Finance/Budget/Economic Survey/official institutional source,,,,,UNVERIFIED,NO,PENDING,PENDING,No primary-source attribution entered without proposition-level verification.
UPSC-2024-GS1-Q043,2024,43,Economy,Financial Markets & Capital Markets,Multi-statement,3,False,False,False,34,4,d,True,False,,RBI/Ministry of Finance/Budget/Economic Survey/official institutional source,,,,,UNVERIFIED,NO,PENDING,PENDING,No primary-source attribution entered without proposition-level verification.
UPSC-2024-GS1-Q044,2024,44,Economy,Financial Markets & Capital Markets,Multi-statement,3,False,False,False,23,4,d,True,False,,RBI/Ministry of Finance/Budget/Economic Survey/official institutional source,,,,,UNVERIFIED,NO,PENDING,PENDING,No primary-source attribution entered without proposition-level verification.
UPSC-2024-GS1-Q045,2024,45,Economy,Indian Economy,How-many/Count,4,False,False,False,51,4,b,True,False,,RBI/Ministry of Finance/Budget/Economic Survey/official institutional source,,,,,UNVERIFIED,NO,PENDING,PENDING,No primary-source attribution entered without proposition-level verification.
UPSC-2024-GS1-Q046,2024,46,Science & Technology,Energy & Environment,Multi-statement,4,False,False,False,34,4,c,True,False,,concerned ministry/department/official scientific or international body,,,,,UNVERIFIED,NO,PENDING,PENDING,No primary-source attribution entered without proposition-level verification.
UPSC-2024-GS1-Q047,2024,47,Economy,Indian Economy,How-many/Count,4,False,False,False,51,4,b,True,False,,RBI/Ministry of Finance/Budget/Economic Survey/official institutional source,,,,,UNVERIFIED,NO,PENDING,PENDING,No primary-source attribution entered without proposition-level verification.
UPSC-2024-GS1-Q048,2024,48,Science & Technology,Computer & Information Technology,Single-answer,0,False,False,False,37,4,c,True,False,,concerned ministry/department/official scientific or international body,,,,,UNVERIFIED,NO,PENDING,PENDING,No primary-source attribution entered without proposition-level verification.
UPSC-2024-GS1-Q049,2024,49,Economy,Banking and Finance,Multi-statement,2,True,False,False,63,4,d,True,False,,RBI/Ministry of Finance/Budget/Economic Survey/official institutional source,,,,,UNVERIFIED,NO,PENDING,PENDING,No primary-source attribution entered without proposition-level verification.
UPSC-2024-GS1-Q050,2024,50,Economy,Infrastructure & Industry,Multi-statement,2,True,False,False,56,4,a,True,False,,RBI/Ministry of Finance/Budget/Economic Survey/official institutional source,,,,,UNVERIFIED,NO,PENDING,PENDING,No primary-source attribution entered without proposition-level verification.
UPSC-2024-GS1-Q051,2024,51,Economy,International Institutions & Reports,Assertion/Relationship,0,True,False,False,71,4,a,True,False,,RBI/Ministry of Finance/Budget/Economic Survey/official institutional source,,,,,UNVERIFIED,NO,PENDING,PENDING,No primary-source attribution entered without proposition-level verification.
UPSC-2024-GS1-Q052,2024,52,Economy,Banking & Financial Sector,Assertion/Relationship,0,False,False,False,51,4,c,True,True,CANCELLED,RBI/Ministry of Finance/Budget/Economic Survey/official institutional source,,,,,UNVERIFIED,NO,PENDING,PENDING,No primary-source attribution entered without proposition-level verification.
UPSC-2024-GS1-Q053,2024,53,Economy,Digital Payments & Financial Inclusion,Multi-statement,4,False,False,False,72,4,d,True,False,,RBI/Ministry of Finance/Budget/Economic Survey/official institutional source,,,,,UNVERIFIED,NO,PENDING,PENDING,No primary-source attribution entered without proposition-level verification.
UPSC-2024-GS1-Q054,2024,54,Art & Culture,Philosophy & Religion,Multi-statement,3,False,False,False,33,4,b,True,False,,NCERT/ASI/Ministry of Culture/official archival or primary historical source,,,,,UNVERIFIED,NO,PENDING,PENDING,No primary-source attribution entered without proposition-level verification.
UPSC-2024-GS1-Q055,2024,55,History,Ancient India,Multi-statement,4,False,False,False,55,4,b,True,False,,NCERT/ASI/Ministry of Culture/official archival or primary historical source,,,,,UNVERIFIED,NO,PENDING,PENDING,No primary-source attribution entered without proposition-level verification.
UPSC-2024-GS1-Q056,2024,56,History,Medieval India,Single-answer,0,False,False,False,20,4,a,True,False,,NCERT/ASI/Ministry of Culture/official archival or primary historical source,,,,,UNVERIFIED,NO,PENDING,PENDING,No primary-source attribution entered without proposition-level verification.
UPSC-2024-GS1-Q057,2024,57,History,Modern India,Multi-statement,2,False,False,False,75,4,c,True,True,CANCELLED,NCERT/ASI/Ministry of Culture/official archival or primary historical source,,,,,UNVERIFIED,NO,PENDING,PENDING,No primary-source attribution entered without proposition-level verification.
UPSC-2024-GS1-Q058,2024,58,Art & Culture,Philosophy & Religion,Multi-statement,2,False,False,False,29,4,b,True,False,,NCERT/ASI/Ministry of Culture/official archival or primary historical source,,,,,UNVERIFIED,NO,PENDING,PENDING,No primary-source attribution entered without proposition-level verification.
UPSC-2024-GS1-Q059,2024,59,Economy,International Trade & WTO,Multi-statement,1,False,False,False,19,4,a,True,False,,RBI/Ministry of Finance/Budget/Economic Survey/official institutional source,,,,,UNVERIFIED,NO,PENDING,PENDING,No primary-source attribution entered without proposition-level verification.
UPSC-2024-GS1-Q060,2024,60,Art & Culture,Cultural Institutions & Awards,Single-answer,0,False,False,False,18,4,c,True,False,,NCERT/ASI/Ministry of Culture/official archival or primary historical source,,,,,UNVERIFIED,NO,PENDING,PENDING,No primary-source attribution entered without proposition-level verification.
UPSC-2024-GS1-Q061,2024,61,Polity & Governance,Constitutional Framework & Development,Single-answer,0,False,False,False,16,4,d,True,False,,Constitution/Act/Rules/official government institutional source,,,,,UNVERIFIED,NO,PENDING,PENDING,No primary-source attribution entered without proposition-level verification.
UPSC-2024-GS1-Q062,2024,62,Polity & Governance,Constitutional Framework & Development,Multi-statement,2,False,False,False,30,4,a,True,False,,Constitution/Act/Rules/official government institutional source,,,,,UNVERIFIED,NO,PENDING,PENDING,No primary-source attribution entered without proposition-level verification.
UPSC-2024-GS1-Q063,2024,63,Art & Culture,Literature & Languages,Single-answer,0,False,False,False,13,4,c,True,False,,NCERT/ASI/Ministry of Culture/official archival or primary historical source,,,,,UNVERIFIED,NO,PENDING,PENDING,No primary-source attribution entered without proposition-level verification.
UPSC-2024-GS1-Q064,2024,64,Art & Culture,Philosophy & Religion,Single-answer,0,False,False,False,25,4,c,True,False,,NCERT/ASI/Ministry of Culture/official archival or primary historical source,,,,,UNVERIFIED,NO,PENDING,PENDING,No primary-source attribution entered without proposition-level verification.
UPSC-2024-GS1-Q065,2024,65,Art & Culture,Architecture & World Heritage,How-many/Count,2,False,False,False,29,4,b,True,False,SOURCE_BLANKED_FIELDS,NCERT/ASI/Ministry of Culture/official archival or primary historical source,,,,,UNVERIFIED,NO,PENDING,PENDING,No primary-source attribution entered without proposition-level verification.
UPSC-2024-GS1-Q066,2024,66,Polity & Governance,Constitutional Framework & Development,Single-answer,2,False,False,False,35,4,d,True,False,SOURCE_BLANKED_FIELDS,Constitution/Act/Rules/official government institutional source,,,,,UNVERIFIED,NO,PENDING,PENDING,No primary-source attribution entered without proposition-level verification.
UPSC-2024-GS1-Q067,2024,67,Geography,World Demographics,Multi-statement,3,False,False,False,33,4,a,True,False,SOURCE_BLANKED_FIELDS,Survey of India/IMD/official atlas or international scientific body,,,,,UNVERIFIED,NO,PENDING,PENDING,No primary-source attribution entered without proposition-level verification.
UPSC-2024-GS1-Q068,2024,68,Polity & Governance,Parliamentary Procedures,Multi-statement,2,False,False,False,31,4,c,True,False,SOURCE_BLANKED_FIELDS,Constitution/Act/Rules/official government institutional source,,,,,UNVERIFIED,NO,PENDING,PENDING,No primary-source attribution entered without proposition-level verification.
UPSC-2024-GS1-Q069,2024,69,Science & Technology,Defence Technology,Multi-statement,2,False,False,False,35,4,d,True,False,SOURCE_BLANKED_FIELDS,concerned ministry/department/official scientific or international body,,,,,UNVERIFIED,NO,PENDING,PENDING,No primary-source attribution entered without proposition-level verification.
UPSC-2024-GS1-Q070,2024,70,Polity & Governance,Constitutional & Statutory Bodies,Multi-statement,2,False,False,False,46,4,a,True,False,SOURCE_BLANKED_FIELDS,Constitution/Act/Rules/official government institutional source,,,,,UNVERIFIED,NO,PENDING,PENDING,No primary-source attribution entered without proposition-level verification.
UPSC-2024-GS1-Q071,2024,71,Polity & Governance,Elections & Electoral Reforms,How-many/Count,0,False,False,False,16,4,d,True,False,,Constitution/Act/Rules/official government institutional source,,,,,UNVERIFIED,NO,PENDING,PENDING,No primary-source attribution entered without proposition-level verification.
UPSC-2024-GS1-Q072,2024,72,Polity & Governance,Constitutional Framework & Development,Multi-statement,2,False,False,False,35,4,a,True,False,SOURCE_BLANKED_FIELDS,Constitution/Act/Rules/official government institutional source,,,,,UNVERIFIED,NO,PENDING,PENDING,No primary-source attribution entered without proposition-level verification.
UPSC-2024-GS1-Q073,2024,73,History,Post-Independence India,How-many/Count,2,False,False,False,18,4,b,True,False,SOURCE_BLANKED_FIELDS,NCERT/ASI/Ministry of Culture/official archival or primary historical source,,,,,UNVERIFIED,NO,PENDING,PENDING,No primary-source attribution entered without proposition-level verification.
UPSC-2024-GS1-Q074,2024,74,Polity & Governance,Constitutional Provisions,Multi-statement,2,False,False,False,26,4,d,True,False,SOURCE_BLANKED_FIELDS,Constitution/Act/Rules/official government institutional source,,,,,UNVERIFIED,NO,PENDING,PENDING,No primary-source attribution entered without proposition-level verification.
UPSC-2024-GS1-Q075,2024,75,Polity & Governance,Federalism & Centre–State Relations,Single-answer,0,False,False,False,15,4,c,True,False,,Constitution/Act/Rules/official government institutional source,,,,,UNVERIFIED,NO,PENDING,PENDING,No primary-source attribution entered without proposition-level verification.
UPSC-2024-GS1-Q076,2024,76,Polity & Governance,Fundamental Rights,Single-answer,0,False,False,False,23,4,d,True,False,,Constitution/Act/Rules/official government institutional source,,,,,UNVERIFIED,NO,PENDING,PENDING,No primary-source attribution entered without proposition-level verification.
UPSC-2024-GS1-Q077,2024,77,Polity & Governance,Defence,Single-answer,2,False,False,False,33,4,d,True,False,SOURCE_BLANKED_FIELDS,Constitution/Act/Rules/official government institutional source,,,,,UNVERIFIED,NO,PENDING,PENDING,No primary-source attribution entered without proposition-level verification.
UPSC-2024-GS1-Q078,2024,78,Polity & Governance,Defence,Single-answer,0,False,False,False,24,4,c,True,False,,Constitution/Act/Rules/official government institutional source,,,,,UNVERIFIED,NO,PENDING,PENDING,No primary-source attribution entered without proposition-level verification.
UPSC-2024-GS1-Q079,2024,79,Geography,World Political Geography & Borders,Single-answer,0,False,False,False,13,4,a,True,False,,Survey of India/IMD/official atlas or international scientific body,,,,,UNVERIFIED,NO,PENDING,PENDING,No primary-source attribution entered without proposition-level verification.
UPSC-2024-GS1-Q080,2024,80,Polity & Governance,Parliament & State Legislatures,Multi-statement,3,False,False,False,66,4,c,True,False,,Constitution/Act/Rules/official government institutional source,,,,,UNVERIFIED,NO,PENDING,PENDING,No primary-source attribution entered without proposition-level verification.
UPSC-2024-GS1-Q081,2024,81,Polity & Governance,Social Justice & Vulnerable Sections,Multi-statement,3,False,False,False,64,4,c,True,False,,Constitution/Act/Rules/official government institutional source,,,,,UNVERIFIED,NO,PENDING,PENDING,No primary-source attribution entered without proposition-level verification.
UPSC-2024-GS1-Q082,2024,82,Current Affairs,International Conflicts & Security,Multi-statement,4,False,True,False,60,4,d,True,False,,official organisation/government release/treaty document,,,,,UNVERIFIED,NO,PENDING,PENDING,No primary-source attribution entered without proposition-level verification.
UPSC-2024-GS1-Q083,2024,83,Polity & Governance,Judiciary,Single-answer,0,False,False,False,17,4,c,True,False,,Constitution/Act/Rules/official government institutional source,,,,,UNVERIFIED,NO,PENDING,PENDING,No primary-source attribution entered without proposition-level verification.
UPSC-2024-GS1-Q084,2024,84,Polity & Governance,Social Justice & Vulnerable Sections,Multi-statement,2,True,False,False,53,4,b,True,False,,Constitution/Act/Rules/official government institutional source,,,,,UNVERIFIED,NO,PENDING,PENDING,No primary-source attribution entered without proposition-level verification.
UPSC-2024-GS1-Q085,2024,85,Polity & Governance,Public Finance & Finance Commission,Multi-statement,2,True,False,False,63,4,c,True,False,,Constitution/Act/Rules/official government institutional source,,,,,UNVERIFIED,NO,PENDING,PENDING,No primary-source attribution entered without proposition-level verification.
UPSC-2024-GS1-Q086,2024,86,Current Affairs,Books & Authors,Single-answer,0,False,True,False,18,4,d,True,False,,official organisation/government release/treaty document,,,,,UNVERIFIED,NO,PENDING,PENDING,No primary-source attribution entered without proposition-level verification.
UPSC-2024-GS1-Q087,2024,87,International Relations,Current Affairs,How-many/Count,3,False,False,True,50,4,b,True,False,,official organisation/government release/treaty document,,,,,UNVERIFIED,NO,PENDING,PENDING,No primary-source attribution entered without proposition-level verification.
UPSC-2024-GS1-Q088,2024,88,Geography,Transport & Infrastructure Geography,Assertion/Relationship,0,False,False,False,49,4,a,True,False,,Survey of India/IMD/official atlas or international scientific body,,,,,UNVERIFIED,NO,PENDING,PENDING,No primary-source attribution entered without proposition-level verification.
UPSC-2024-GS1-Q089,2024,89,Geography,Oceanography,Multi-statement,2,False,False,False,34,4,c,True,False,,Survey of India/IMD/official atlas or international scientific body,,,,,UNVERIFIED,NO,PENDING,PENDING,No primary-source attribution entered without proposition-level verification.
UPSC-2024-GS1-Q090,2024,90,Environment & Ecology,Pollution & Waste Management,Single-answer,0,False,False,False,21,4,d,True,False,,MoEFCC/official treaty convention/UN body/official environmental source,,,,,UNVERIFIED,NO,PENDING,PENDING,No primary-source attribution entered without proposition-level verification.
UPSC-2024-GS1-Q091,2024,91,Current Affairs,International Conflicts & Security,Assertion/Relationship,0,False,True,True,51,4,a,True,False,,official organisation/government release/treaty document,,,,,UNVERIFIED,NO,PENDING,PENDING,No primary-source attribution entered without proposition-level verification.
UPSC-2024-GS1-Q092,2024,92,Current Affairs,International Relations & Treaties,Assertion/Relationship,0,True,True,False,52,4,d,True,False,,official organisation/government release/treaty document,,,,,UNVERIFIED,NO,PENDING,PENDING,No primary-source attribution entered without proposition-level verification.
UPSC-2024-GS1-Q093,2024,93,Polity & Governance,Parliament & State Legislatures,Multi-statement,3,True,False,False,68,4,a,True,False,,Constitution/Act/Rules/official government institutional source,,,,,UNVERIFIED,NO,PENDING,PENDING,No primary-source attribution entered without proposition-level verification.
UPSC-2024-GS1-Q094,2024,94,Polity & Governance,Parliament & State Legislatures,Multi-statement,3,False,False,False,84,4,b,True,False,,Constitution/Act/Rules/official government institutional source,,,,,UNVERIFIED,NO,PENDING,PENDING,No primary-source attribution entered without proposition-level verification.
UPSC-2024-GS1-Q095,2024,95,Polity & Governance,Parliament & State Legislatures,Multi-statement,3,True,False,False,101,4,c,True,False,,Constitution/Act/Rules/official government institutional source,,,,,UNVERIFIED,NO,PENDING,PENDING,No primary-source attribution entered without proposition-level verification.
UPSC-2024-GS1-Q096,2024,96,Environment & Ecology,International Environmental Treaties & Summits,Assertion/Relationship,0,False,False,True,56,4,c,True,False,,MoEFCC/official treaty convention/UN body/official environmental source,,,,,UNVERIFIED,NO,PENDING,PENDING,No primary-source attribution entered without proposition-level verification.
UPSC-2024-GS1-Q097,2024,97,Current Affairs,Business & Economy,Assertion/Relationship,0,False,True,True,52,4,d,True,False,,official organisation/government release/treaty document,,,,,UNVERIFIED,NO,PENDING,PENDING,No primary-source attribution entered without proposition-level verification.
UPSC-2024-GS1-Q098,2024,98,Economy,Agriculture & Rural Development,Multi-statement,2,False,False,False,37,4,d,True,False,SOURCE_BLANKED_FIELDS,RBI/Ministry of Finance/Budget/Economic Survey/official institutional source,,,,,UNVERIFIED,NO,PENDING,PENDING,No primary-source attribution entered without proposition-level verification.
UPSC-2024-GS1-Q099,2024,99,Current Affairs,Indian Government Schemes & Initiatives,Multi-statement,2,False,True,False,50,4,b,True,False,,official organisation/government release/treaty document,,,,,UNVERIFIED,NO,PENDING,PENDING,No primary-source attribution entered without proposition-level verification.
UPSC-2024-GS1-Q100,2024,100,Economy,"Human Development, Poverty & Employment Schemes",Multi-statement,3,False,False,False,35,4,b,True,False,SOURCE_BLANKED_FIELDS,RBI/Ministry of Finance/Budget/Economic Survey/official institutional source,,,,,UNVERIFIED,NO,PENDING,PENDING,No primary-source attribution entered without proposition-level verification.
UPSC-2025-GS1-Q001,2025,1,Economy,Financial Markets & Capital Markets,How-many/Count,4,False,False,False,29,4,b,True,False,,RBI/Ministry of Finance/Budget/Economic Survey/official institutional source,,,,,UNVERIFIED,NO,PENDING,PENDING,No primary-source attribution entered without proposition-level verification.
UPSC-2025-GS1-Q002,2025,2,Economy,Banking & Financial Sector,Multi-statement,5,False,False,False,51,4,a,True,False,,RBI/Ministry of Finance/Budget/Economic Survey/official institutional source,,,,,UNVERIFIED,NO,PENDING,PENDING,No primary-source attribution entered without proposition-level verification.
UPSC-2025-GS1-Q003,2025,3,Economy,Government Organizations,How-many/Count,3,False,False,False,108,4,a,True,False,,RBI/Ministry of Finance/Budget/Economic Survey/official institutional source,,,,,UNVERIFIED,NO,PENDING,PENDING,No primary-source attribution entered without proposition-level verification.
UPSC-2025-GS1-Q004,2025,4,Economy,Infrastructure & Industry,Multi-statement,2,False,False,False,54,4,b,True,False,,RBI/Ministry of Finance/Budget/Economic Survey/official institutional source,,,,,UNVERIFIED,NO,PENDING,PENDING,No primary-source attribution entered without proposition-level verification.
UPSC-2025-GS1-Q005,2025,5,Economy,Taxation,Assertion/Relationship,0,True,False,False,64,4,d,True,False,,RBI/Ministry of Finance/Budget/Economic Survey/official institutional source,,,,,UNVERIFIED,NO,PENDING,PENDING,No primary-source attribution entered without proposition-level verification.
UPSC-2025-GS1-Q006,2025,6,Economy,Infrastructure & Industry,Multi-statement,3,False,False,False,72,4,c,True,False,,RBI/Ministry of Finance/Budget/Economic Survey/official institutional source,,,,,UNVERIFIED,NO,PENDING,PENDING,No primary-source attribution entered without proposition-level verification.
UPSC-2025-GS1-Q007,2025,7,Economy,Financial Markets & Capital Markets,Assertion/Relationship,0,False,False,False,70,4,a,True,False,,RBI/Ministry of Finance/Budget/Economic Survey/official institutional source,,,,,UNVERIFIED,NO,PENDING,PENDING,No primary-source attribution entered without proposition-level verification.
UPSC-2025-GS1-Q008,2025,8,Economy,Financial Markets & Capital Markets,Multi-statement,3,False,False,True,81,4,a,True,False,,RBI/Ministry of Finance/Budget/Economic Survey/official institutional source,,,,,UNVERIFIED,NO,PENDING,PENDING,No primary-source attribution entered without proposition-level verification.
UPSC-2025-GS1-Q009,2025,9,Environment & Ecology,Renewable Energy & Green Technologies,Assertion/Relationship,0,False,False,False,53,4,a,True,False,,MoEFCC/official treaty convention/UN body/official environmental source,,,,,UNVERIFIED,NO,PENDING,PENDING,No primary-source attribution entered without proposition-level verification.
UPSC-2025-GS1-Q010,2025,10,Economy,Fiscal Policy & Budget,Multi-statement,3,False,False,False,47,4,a,True,False,,RBI/Ministry of Finance/Budget/Economic Survey/official institutional source,,,,,UNVERIFIED,NO,PENDING,PENDING,No primary-source attribution entered without proposition-level verification.
UPSC-2025-GS1-Q011,2025,11,History,Social & Religious Reform Movements,Multi-statement,2,False,False,False,59,4,c,True,False,,NCERT/ASI/Ministry of Culture/official archival or primary historical source,,,,,UNVERIFIED,NO,PENDING,PENDING,No primary-source attribution entered without proposition-level verification.
UPSC-2025-GS1-Q012,2025,12,History,Gandhian Mass Movements (1915-1942),How-many/Count,4,False,False,False,50,4,c,True,False,,NCERT/ASI/Ministry of Culture/official archival or primary historical source,,,,,UNVERIFIED,NO,PENDING,PENDING,No primary-source attribution entered without proposition-level verification.
UPSC-2025-GS1-Q013,2025,13,History,Science & Technology,Single-answer,0,False,False,False,6,4,b,True,False,,NCERT/ASI/Ministry of Culture/official archival or primary historical source,,,,,UNVERIFIED,NO,PENDING,PENDING,No primary-source attribution entered without proposition-level verification.
UPSC-2025-GS1-Q014,2025,14,History,Post-Gupta & Early Medieval Dynasties,Single-answer,0,False,False,False,16,4,a,True,False,,NCERT/ASI/Ministry of Culture/official archival or primary historical source,,,,,UNVERIFIED,NO,PENDING,PENDING,No primary-source attribution entered without proposition-level verification.
UPSC-2025-GS1-Q015,2025,15,History,Foreign Travellers & Accounts,Single-answer,0,False,False,False,12,4,b,True,False,,NCERT/ASI/Ministry of Culture/official archival or primary historical source,,,,,UNVERIFIED,NO,PENDING,PENDING,No primary-source attribution entered without proposition-level verification.
UPSC-2025-GS1-Q016,2025,16,History,Ancient India,Single-answer,0,False,False,False,29,4,c,True,False,,NCERT/ASI/Ministry of Culture/official archival or primary historical source,,,,,UNVERIFIED,NO,PENDING,PENDING,No primary-source attribution entered without proposition-level verification.
UPSC-2025-GS1-Q017,2025,17,History,Ancient India,How-many/Count,4,False,False,False,46,4,b,True,False,,NCERT/ASI/Ministry of Culture/official archival or primary historical source,,,,,UNVERIFIED,NO,PENDING,PENDING,No primary-source attribution entered without proposition-level verification.
UPSC-2025-GS1-Q018,2025,18,Art & Culture,Music,Single-answer,0,False,False,False,18,4,d,True,False,,NCERT/ASI/Ministry of Culture/official archival or primary historical source,,,,,UNVERIFIED,NO,PENDING,PENDING,No primary-source attribution entered without proposition-level verification.
UPSC-2025-GS1-Q019,2025,19,History,Mauryan Empire,Single-answer,0,False,False,False,14,4,b,True,False,,NCERT/ASI/Ministry of Culture/official archival or primary historical source,,,,,UNVERIFIED,NO,PENDING,PENDING,No primary-source attribution entered without proposition-level verification.
UPSC-2025-GS1-Q020,2025,20,History,Modern India,Multi-statement,2,True,False,False,71,4,c,True,False,,NCERT/ASI/Ministry of Culture/official archival or primary historical source,,,,,UNVERIFIED,NO,PENDING,PENDING,No primary-source attribution entered without proposition-level verification.
UPSC-2025-GS1-Q021,2025,21,Current Affairs,International Organisations & Groupings,How-many/Count,5,False,True,False,31,4,b,True,False,,official organisation/government release/treaty document,,,,,UNVERIFIED,NO,PENDING,PENDING,No primary-source attribution entered without proposition-level verification.
UPSC-2025-GS1-Q022,2025,22,Geography,World Physical Geography,How-many/Count,3,False,False,False,21,4,c,True,False,,Survey of India/IMD/official atlas or international scientific body,,,,,UNVERIFIED,NO,PENDING,PENDING,No primary-source attribution entered without proposition-level verification.
UPSC-2025-GS1-Q023,2025,23,Geography,Astronomy & Earth–Sun System,How-many/Count,3,False,False,False,25,4,d,True,False,,Survey of India/IMD/official atlas or international scientific body,,,,,UNVERIFIED,NO,PENDING,PENDING,No primary-source attribution entered without proposition-level verification.
UPSC-2025-GS1-Q024,2025,24,Economy,Agriculture & Rural Development,Multi-statement,3,False,False,False,57,4,d,True,False,,RBI/Ministry of Finance/Budget/Economic Survey/official institutional source,,,,,UNVERIFIED,NO,PENDING,PENDING,No primary-source attribution entered without proposition-level verification.
UPSC-2025-GS1-Q025,2025,25,Geography,Physical Geography & Geomorphology,Multi-statement,3,False,False,False,79,4,c,True,False,,Survey of India/IMD/official atlas or international scientific body,,,,,UNVERIFIED,NO,PENDING,PENDING,No primary-source attribution entered without proposition-level verification.
UPSC-2025-GS1-Q026,2025,26,Geography,Atmosphere & Climatology,Assertion/Relationship,0,False,False,False,53,4,c,True,False,,Survey of India/IMD/official atlas or international scientific body,,,,,UNVERIFIED,NO,PENDING,PENDING,No primary-source attribution entered without proposition-level verification.
UPSC-2025-GS1-Q027,2025,27,Geography,Atmosphere & Climatology,Assertion/Relationship,0,False,False,False,62,4,a,True,False,,Survey of India/IMD/official atlas or international scientific body,,,,,UNVERIFIED,NO,PENDING,PENDING,No primary-source attribution entered without proposition-level verification.
UPSC-2025-GS1-Q028,2025,28,Geography,Physical Geography & Geomorphology,Assertion/Relationship,0,True,False,False,70,4,c,True,False,,Survey of India/IMD/official atlas or international scientific body,,,,,UNVERIFIED,NO,PENDING,PENDING,No primary-source attribution entered without proposition-level verification.
UPSC-2025-GS1-Q029,2025,29,Environment & Ecology,Climate Change & Greenhouse Gases,Multi-statement,3,False,False,False,56,4,c,True,False,,MoEFCC/official treaty convention/UN body/official environmental source,,,,,UNVERIFIED,NO,PENDING,PENDING,No primary-source attribution entered without proposition-level verification.
UPSC-2025-GS1-Q030,2025,30,Economy,Agriculture & Rural Development,Multi-statement,2,False,False,False,63,4,c,True,False,,RBI/Ministry of Finance/Budget/Economic Survey/official institutional source,,,,,UNVERIFIED,NO,PENDING,PENDING,No primary-source attribution entered without proposition-level verification.
UPSC-2025-GS1-Q031,2025,31,Environment & Ecology,Climate Change & Greenhouse Gases,Assertion/Relationship,0,False,False,False,65,4,b,True,False,,MoEFCC/official treaty convention/UN body/official environmental source,,,,,UNVERIFIED,NO,PENDING,PENDING,No primary-source attribution entered without proposition-level verification.
UPSC-2025-GS1-Q032,2025,32,Environment & Ecology,International Environmental Treaties & Summits,Assertion/Relationship,0,False,False,False,82,4,c,True,False,,MoEFCC/official treaty convention/UN body/official environmental source,,,,,UNVERIFIED,NO,PENDING,PENDING,No primary-source attribution entered without proposition-level verification.
UPSC-2025-GS1-Q033,2025,33,Geography,Astronomy & Earth–Sun System,Assertion/Relationship,0,False,False,False,73,4,b,True,False,,Survey of India/IMD/official atlas or international scientific body,,,,,UNVERIFIED,NO,PENDING,PENDING,No primary-source attribution entered without proposition-level verification.
UPSC-2025-GS1-Q034,2025,34,Environment & Ecology,International Environmental Treaties & Summits,Assertion/Relationship,0,False,False,False,84,4,a,True,False,,MoEFCC/official treaty convention/UN body/official environmental source,,,,,UNVERIFIED,NO,PENDING,PENDING,No primary-source attribution entered without proposition-level verification.
UPSC-2025-GS1-Q035,2025,35,Economy,International Organizations,Single-answer,0,False,False,False,16,4,a,True,False,,RBI/Ministry of Finance/Budget/Economic Survey/official institutional source,,,,,UNVERIFIED,NO,PENDING,PENDING,No primary-source attribution entered without proposition-level verification.
UPSC-2025-GS1-Q036,2025,36,Environment & Ecology,Climate Change,Multi-statement,3,False,False,False,69,4,c,True,False,,MoEFCC/official treaty convention/UN body/official environmental source,,,,,UNVERIFIED,NO,PENDING,PENDING,No primary-source attribution entered without proposition-level verification.
UPSC-2025-GS1-Q037,2025,37,Environment & Ecology,Biodiversity,Multi-statement,3,False,False,False,47,4,d,True,False,,MoEFCC/official treaty convention/UN body/official environmental source,,,,,UNVERIFIED,NO,PENDING,PENDING,No primary-source attribution entered without proposition-level verification.
UPSC-2025-GS1-Q038,2025,38,Environment & Ecology,Climate Change & Greenhouse Gases,Multi-statement,3,False,False,False,55,4,c,True,False,,MoEFCC/official treaty convention/UN body/official environmental source,,,,,UNVERIFIED,NO,PENDING,PENDING,No primary-source attribution entered without proposition-level verification.
UPSC-2025-GS1-Q039,2025,39,Science & Technology,Botany,How-many/Count,5,False,False,False,44,4,b,True,False,,concerned ministry/department/official scientific or international body,,,,,UNVERIFIED,NO,PENDING,PENDING,No primary-source attribution entered without proposition-level verification.
UPSC-2025-GS1-Q040,2025,40,Environment & Ecology,Biogeochemical Cycles & Earth Systems,Multi-statement,3,False,False,False,56,4,b,True,False,,MoEFCC/official treaty convention/UN body/official environmental source,,,,,UNVERIFIED,NO,PENDING,PENDING,No primary-source attribution entered without proposition-level verification.
UPSC-2025-GS1-Q041,2025,41,Science & Technology,Energy & Environment,How-many/Count,3,False,False,False,33,4,c,True,False,,concerned ministry/department/official scientific or international body,,,,,UNVERIFIED,NO,PENDING,PENDING,No primary-source attribution entered without proposition-level verification.
UPSC-2025-GS1-Q042,2025,42,Science & Technology,Defence Technology,How-many/Count,3,False,False,False,54,4,d,True,False,,concerned ministry/department/official scientific or international body,,,,,UNVERIFIED,NO,PENDING,PENDING,No primary-source attribution entered without proposition-level verification.
UPSC-2025-GS1-Q043,2025,43,Science & Technology,Technology,How-many/Count,4,False,False,False,30,4,c,True,False,,concerned ministry/department/official scientific or international body,,,,,UNVERIFIED,NO,PENDING,PENDING,No primary-source attribution entered without proposition-level verification.
UPSC-2025-GS1-Q044,2025,44,Environment & Ecology,Pollution,How-many/Count,3,False,False,False,19,4,c,True,False,,MoEFCC/official treaty convention/UN body/official environmental source,,,,,UNVERIFIED,NO,PENDING,PENDING,No primary-source attribution entered without proposition-level verification.
UPSC-2025-GS1-Q045,2025,45,Science & Technology,Energy & Environment,How-many/Count,3,False,False,False,25,4,b,True,False,,concerned ministry/department/official scientific or international body,,,,,UNVERIFIED,NO,PENDING,PENDING,No primary-source attribution entered without proposition-level verification.
UPSC-2025-GS1-Q046,2025,46,Science & Technology,Defence Technology,Single-answer,0,False,False,False,23,4,b,True,False,,concerned ministry/department/official scientific or international body,,,,,UNVERIFIED,NO,PENDING,PENDING,No primary-source attribution entered without proposition-level verification.
UPSC-2025-GS1-Q047,2025,47,Science & Technology,Computer & Information Technology,Multi-statement,3,False,False,False,46,4,c,True,False,,concerned ministry/department/official scientific or international body,,,,,UNVERIFIED,NO,PENDING,PENDING,No primary-source attribution entered without proposition-level verification.
UPSC-2025-GS1-Q048,2025,48,Science & Technology,Biotechnology & Genetics,Multi-statement,3,False,False,False,54,4,d,True,False,,concerned ministry/department/official scientific or international body,,,,,UNVERIFIED,NO,PENDING,PENDING,No primary-source attribution entered without proposition-level verification.
UPSC-2025-GS1-Q049,2025,49,Science & Technology,Health & Diseases,How-many/Count,3,False,False,False,40,4,d,True,False,,concerned ministry/department/official scientific or international body,,,,,UNVERIFIED,NO,PENDING,PENDING,No primary-source attribution entered without proposition-level verification.
UPSC-2025-GS1-Q050,2025,50,Environment & Ecology,Pollution & Waste Management,Assertion/Relationship,0,False,False,False,77,4,a,True,False,,MoEFCC/official treaty convention/UN body/official environmental source,,,,,UNVERIFIED,NO,PENDING,PENDING,No primary-source attribution entered without proposition-level verification.
UPSC-2025-GS1-Q051,2025,51,Polity & Governance,Constitutional Provisions,Multi-statement,3,False,False,False,46,4,c,True,False,,Constitution/Act/Rules/official government institutional source,,,,,UNVERIFIED,NO,PENDING,PENDING,No primary-source attribution entered without proposition-level verification.
UPSC-2025-GS1-Q052,2025,52,Geography,Indian Geography,How-many/Count,3,False,False,False,81,4,c,True,False,,Survey of India/IMD/official atlas or international scientific body,,,,,UNVERIFIED,NO,PENDING,PENDING,No primary-source attribution entered without proposition-level verification.
UPSC-2025-GS1-Q053,2025,53,Science & Technology,Defence Technology,How-many/Count,3,False,False,False,36,4,a,True,False,,concerned ministry/department/official scientific or international body,,,,,UNVERIFIED,NO,PENDING,PENDING,No primary-source attribution entered without proposition-level verification.
UPSC-2025-GS1-Q054,2025,54,Polity & Governance,Governor,Multi-statement,2,False,False,False,65,4,a,True,False,,Constitution/Act/Rules/official government institutional source,,,,,UNVERIFIED,NO,PENDING,PENDING,No primary-source attribution entered without proposition-level verification.
UPSC-2025-GS1-Q055,2025,55,Polity & Governance,Constitutional Provisions,How-many/Count,3,False,False,False,79,4,c,True,False,,Constitution/Act/Rules/official government institutional source,,,,,UNVERIFIED,NO,PENDING,PENDING,No primary-source attribution entered without proposition-level verification.
UPSC-2025-GS1-Q056,2025,56,Polity & Governance,Federalism & Centre–State Relations,Multi-statement,2,False,False,False,75,4,d,True,False,,Constitution/Act/Rules/official government institutional source,,,,,UNVERIFIED,NO,PENDING,PENDING,No primary-source attribution entered without proposition-level verification.
UPSC-2025-GS1-Q057,2025,57,Polity & Governance,Government Organizations,How-many/Count,3,False,False,False,54,4,d,True,False,,Constitution/Act/Rules/official government institutional source,,,,,UNVERIFIED,NO,PENDING,PENDING,No primary-source attribution entered without proposition-level verification.
UPSC-2025-GS1-Q058,2025,58,Polity & Governance,Constitutional Framework & Development,Multi-statement,3,True,False,False,69,4,a,True,False,,Constitution/Act/Rules/official government institutional source,,,,,UNVERIFIED,NO,PENDING,PENDING,No primary-source attribution entered without proposition-level verification.
UPSC-2025-GS1-Q059,2025,59,Polity & Governance,Union & State Executive,Multi-statement,3,True,False,False,84,4,d,True,False,,Constitution/Act/Rules/official government institutional source,,,,,UNVERIFIED,NO,PENDING,PENDING,No primary-source attribution entered without proposition-level verification.
UPSC-2025-GS1-Q060,2025,60,Economy,Infrastructure & Industry,How-many/Count,4,False,False,False,48,4,b,True,False,,RBI/Ministry of Finance/Budget/Economic Survey/official institutional source,,,,,UNVERIFIED,NO,PENDING,PENDING,No primary-source attribution entered without proposition-level verification.
UPSC-2025-GS1-Q061,2025,61,Economy,Public Finance,Multi-statement,3,False,False,False,73,4,d,True,False,,RBI/Ministry of Finance/Budget/Economic Survey/official institutional source,,,,,UNVERIFIED,NO,PENDING,PENDING,No primary-source attribution entered without proposition-level verification.
UPSC-2025-GS1-Q062,2025,62,Geography,Transport & Infrastructure Geography,Single-answer,0,False,False,False,21,4,a,True,False,,Survey of India/IMD/official atlas or international scientific body,,,,,UNVERIFIED,NO,PENDING,PENDING,No primary-source attribution entered without proposition-level verification.
UPSC-2025-GS1-Q063,2025,63,Environment & Ecology,Renewable Energy & Green Technologies,Assertion/Relationship,0,False,False,False,75,4,d,True,False,,MoEFCC/official treaty convention/UN body/official environmental source,,,,,UNVERIFIED,NO,PENDING,PENDING,No primary-source attribution entered without proposition-level verification.
UPSC-2025-GS1-Q064,2025,64,Science & Technology,Computer & Information Technology,Multi-statement,2,False,False,False,75,4,c,True,False,,concerned ministry/department/official scientific or international body,,,,,UNVERIFIED,NO,PENDING,PENDING,No primary-source attribution entered without proposition-level verification.
UPSC-2025-GS1-Q065,2025,65,Economy,Fiscal Policy & Budget,Single-answer,0,False,False,False,34,4,a,True,False,,RBI/Ministry of Finance/Budget/Economic Survey/official institutional source,,,,,UNVERIFIED,NO,PENDING,PENDING,No primary-source attribution entered without proposition-level verification.
UPSC-2025-GS1-Q066,2025,66,Economy,Fiscal Policy & Budget,Multi-statement,4,False,False,False,95,4,c,True,False,,RBI/Ministry of Finance/Budget/Economic Survey/official institutional source,,,,,UNVERIFIED,NO,PENDING,PENDING,No primary-source attribution entered without proposition-level verification.
UPSC-2025-GS1-Q067,2025,67,Economy,International Organizations,Multi-statement,4,False,False,False,58,4,c,True,False,,RBI/Ministry of Finance/Budget/Economic Survey/official institutional source,,,,,UNVERIFIED,NO,PENDING,PENDING,No primary-source attribution entered without proposition-level verification.
UPSC-2025-GS1-Q068,2025,68,Economy,Digital Payments & Financial Inclusion,Multi-statement,3,True,False,False,74,4,a,True,False,,RBI/Ministry of Finance/Budget/Economic Survey/official institutional source,,,,,UNVERIFIED,NO,PENDING,PENDING,No primary-source attribution entered without proposition-level verification.
UPSC-2025-GS1-Q069,2025,69,Economy,Digital Payments & Financial Inclusion,How-many/Count,5,False,False,False,36,4,b,True,False,,RBI/Ministry of Finance/Budget/Economic Survey/official institutional source,,,,,UNVERIFIED,NO,PENDING,PENDING,No primary-source attribution entered without proposition-level verification.
UPSC-2025-GS1-Q070,2025,70,Current Affairs,Indian Government Schemes & Initiatives,Multi-statement,3,False,True,False,81,4,d,True,False,,official organisation/government release/treaty document,,,,,UNVERIFIED,NO,PENDING,PENDING,No primary-source attribution entered without proposition-level verification.
UPSC-2025-GS1-Q071,2025,71,History,Modern India,Single-answer,0,False,False,False,16,4,b,True,False,,NCERT/ASI/Ministry of Culture/official archival or primary historical source,,,,,UNVERIFIED,NO,PENDING,PENDING,No primary-source attribution entered without proposition-level verification.
UPSC-2025-GS1-Q072,2025,72,History,Ancient India,Single-answer,0,False,False,False,14,4,c,True,False,,NCERT/ASI/Ministry of Culture/official archival or primary historical source,,,,,UNVERIFIED,NO,PENDING,PENDING,No primary-source attribution entered without proposition-level verification.
UPSC-2025-GS1-Q073,2025,73,History,Social & Religious Reform Movements,Single-answer,0,False,False,False,15,4,b,True,False,,NCERT/ASI/Ministry of Culture/official archival or primary historical source,,,,,UNVERIFIED,NO,PENDING,PENDING,No primary-source attribution entered without proposition-level verification.
UPSC-2025-GS1-Q074,2025,74,History,Gandhian Mass Movements (1915-1942),Single-answer,0,False,False,False,34,4,a,True,False,,NCERT/ASI/Ministry of Culture/official archival or primary historical source,,,,,UNVERIFIED,NO,PENDING,PENDING,No primary-source attribution entered without proposition-level verification.
UPSC-2025-GS1-Q075,2025,75,History,Medieval India,How-many/Count,3,False,False,False,29,4,c,True,False,,NCERT/ASI/Ministry of Culture/official archival or primary historical source,,,,,UNVERIFIED,NO,PENDING,PENDING,No primary-source attribution entered without proposition-level verification.
UPSC-2025-GS1-Q076,2025,76,Geography,World Geography,How-many/Count,5,False,False,False,29,4,b,True,False,,Survey of India/IMD/official atlas or international scientific body,,,,,UNVERIFIED,NO,PENDING,PENDING,No primary-source attribution entered without proposition-level verification.
UPSC-2025-GS1-Q077,2025,77,Geography,Astronomy & Earth–Sun System,Multi-statement,2,False,False,False,59,4,a,True,False,,Survey of India/IMD/official atlas or international scientific body,,,,,UNVERIFIED,NO,PENDING,PENDING,No primary-source attribution entered without proposition-level verification.
UPSC-2025-GS1-Q078,2025,78,History,Social & Religious Reform Movements,Single-answer,0,False,False,False,11,4,a,True,False,,NCERT/ASI/Ministry of Culture/official archival or primary historical source,,,,,UNVERIFIED,NO,PENDING,PENDING,No primary-source attribution entered without proposition-level verification.
UPSC-2025-GS1-Q079,2025,79,Geography,World Geography,How-many/Count,2,False,False,False,21,4,c,True,False,SOURCE_BLANKED_FIELDS,Survey of India/IMD/official atlas or international scientific body,,,,,UNVERIFIED,NO,PENDING,PENDING,No primary-source attribution entered without proposition-level verification.
UPSC-2025-GS1-Q080,2025,80,Geography,World Geography,How-many/Count,2,False,False,False,21,4,d,True,False,SOURCE_BLANKED_FIELDS,Survey of India/IMD/official atlas or international scientific body,,,,,UNVERIFIED,NO,PENDING,PENDING,No primary-source attribution entered without proposition-level verification.
UPSC-2025-GS1-Q081,2025,81,Science & Technology,Rare Earth Elements,Assertion/Relationship,0,False,False,False,47,4,a,True,False,,concerned ministry/department/official scientific or international body,,,,,UNVERIFIED,NO,PENDING,PENDING,No primary-source attribution entered without proposition-level verification.
UPSC-2025-GS1-Q082,2025,82,Economy,Infrastructure,Multi-statement,3,True,False,False,59,4,a,True,False,,RBI/Ministry of Finance/Budget/Economic Survey/official institutional source,,,,,UNVERIFIED,NO,PENDING,PENDING,No primary-source attribution entered without proposition-level verification.
UPSC-2025-GS1-Q083,2025,83,Science & Technology,Space,How-many/Count,3,False,False,False,25,4,b,True,False,,concerned ministry/department/official scientific or international body,,,,,UNVERIFIED,NO,PENDING,PENDING,No primary-source attribution entered without proposition-level verification.
UPSC-2025-GS1-Q084,2025,84,Science & Technology,Defence Technology,How-many/Count,2,False,False,False,23,4,b,True,False,SOURCE_BLANKED_FIELDS,concerned ministry/department/official scientific or international body,,,,,UNVERIFIED,NO,PENDING,PENDING,No primary-source attribution entered without proposition-level verification.
UPSC-2025-GS1-Q085,2025,85,Science & Technology,Chemistry,Single-answer,0,False,False,False,12,4,a,True,False,,concerned ministry/department/official scientific or international body,,,,,UNVERIFIED,NO,PENDING,PENDING,No primary-source attribution entered without proposition-level verification.
UPSC-2025-GS1-Q086,2025,86,Polity & Governance,President,Multi-statement,2,False,False,False,53,4,a,True,False,,Constitution/Act/Rules/official government institutional source,,,,,UNVERIFIED,NO,PENDING,PENDING,No primary-source attribution entered without proposition-level verification.
UPSC-2025-GS1-Q087,2025,87,Polity & Governance,Parliament & State Legislatures,Multi-statement,3,True,False,False,134,4,c,True,False,,Constitution/Act/Rules/official government institutional source,,,,,UNVERIFIED,NO,PENDING,PENDING,No primary-source attribution entered without proposition-level verification.
UPSC-2025-GS1-Q088,2025,88,Polity & Governance,Elections & Electoral Reforms,Multi-statement,2,False,False,False,70,4,d,True,False,,Constitution/Act/Rules/official government institutional source,,,,,UNVERIFIED,NO,PENDING,PENDING,No primary-source attribution entered without proposition-level verification.
UPSC-2025-GS1-Q089,2025,89,Economy,Infrastructure & Industry,Assertion/Relationship,0,False,False,False,70,4,d,True,False,,RBI/Ministry of Finance/Budget/Economic Survey/official institutional source,,,,,UNVERIFIED,NO,PENDING,PENDING,No primary-source attribution entered without proposition-level verification.
UPSC-2025-GS1-Q090,2025,90,Environment & Ecology,International Environmental Treaties & Summits,Single-answer,0,False,False,False,16,4,a,True,False,,MoEFCC/official treaty convention/UN body/official environmental source,,,,,UNVERIFIED,NO,PENDING,PENDING,No primary-source attribution entered without proposition-level verification.
UPSC-2025-GS1-Q091,2025,91,Polity & Governance,Panchayati Raj,Multi-statement,3,True,False,False,96,4,d,True,False,,Constitution/Act/Rules/official government institutional source,,,,,UNVERIFIED,NO,PENDING,PENDING,No primary-source attribution entered without proposition-level verification.
UPSC-2025-GS1-Q092,2025,92,International Relations,Regional Organizations,Multi-statement,4,False,False,False,70,4,d,True,False,,official organisation/government release/treaty document,,,,,UNVERIFIED,NO,PENDING,PENDING,No primary-source attribution entered without proposition-level verification.
UPSC-2025-GS1-Q093,2025,93,Polity & Governance,Awards and Honours,Single-answer,4,False,False,False,52,4,c,True,False,,Constitution/Act/Rules/official government institutional source,,,,,UNVERIFIED,NO,PENDING,PENDING,No primary-source attribution entered without proposition-level verification.
UPSC-2025-GS1-Q094,2025,94,Science & Technology,Space Technology & Astronomy,Multi-statement,3,True,False,False,72,4,d,True,False,,concerned ministry/department/official scientific or international body,,,,,UNVERIFIED,NO,PENDING,PENDING,No primary-source attribution entered without proposition-level verification.
UPSC-2025-GS1-Q095,2025,95,Current Affairs,International Relations & Treaties,Multi-statement,2,False,True,False,68,4,a,True,False,,official organisation/government release/treaty document,,,,,UNVERIFIED,NO,PENDING,PENDING,No primary-source attribution entered without proposition-level verification.
UPSC-2025-GS1-Q096,2025,96,International Relations,International Organizations,How-many/Count,2,False,False,False,19,4,d,True,False,SOURCE_BLANKED_FIELDS,official organisation/government release/treaty document,,,,,UNVERIFIED,NO,PENDING,PENDING,No primary-source attribution entered without proposition-level verification.
UPSC-2025-GS1-Q097,2025,97,Current Affairs,International Organisations & Groupings,Multi-statement,3,False,True,False,56,4,a,True,False,,official organisation/government release/treaty document,,,,,UNVERIFIED,NO,PENDING,PENDING,No primary-source attribution entered without proposition-level verification.
UPSC-2025-GS1-Q098,2025,98,Polity & Governance,Constitutional & Statutory Bodies,Multi-statement,4,True,False,False,128,4,a,True,False,,Constitution/Act/Rules/official government institutional source,,,,,UNVERIFIED,NO,PENDING,PENDING,No primary-source attribution entered without proposition-level verification.
UPSC-2025-GS1-Q099,2025,99,Current Affairs,Other Sports & Personalities,Multi-statement,3,False,True,False,72,4,a,True,False,,official organisation/government release/treaty document,,,,,UNVERIFIED,NO,PENDING,PENDING,No primary-source attribution entered without proposition-level verification.
UPSC-2025-GS1-Q100,2025,100,Current Affairs,Other Sports & Personalities,Multi-statement,2,False,True,False,55,4,b,True,False,,official organisation/government release/treaty document,,,,,UNVERIFIED,NO,PENDING,PENDING,No primary-source attribution entered without proposition-level verification.
