id,year,qnum,raw_subject,subject,subtopic,difficulty_source_tag,format,statement_count,negative_stem,explicit_current_affairs_tag,news_cue,stem_word_count,option_count,answer,answer_valid,cancelled,data_quality_flags,content_fingerprint,paper_source_of_record,source_rule,primary_source,primary_source_organization,primary_source_date,primary_source_url,primary_source_status,secondary_source_claim,secondary_source_url,setter_source_attribution,source_evidence_note,source_year_gate_pass,verification_stage,mock_pool_eligibility
UPSC-2017-GS1-Q001,2017,1,Indian Polity,Polity & Governance,Parliament & State Legislatures,moderate,Multi-statement,2,True,False,True,68,4,d,True,False,,c34f78e97623a124,UPSC official previous-question-paper archive,2017 source date <= PYQ year,,,,,UNVERIFIED,,,NOT DISCLOSED BY UPSC,No primary-source attribution entered without proposition-level evidence from a dated source published no later than the PYQ year.,,Inventory + analytical metadata complete; primary-source verification pending,BLOCKED_UNTIL_SOURCE_QA
UPSC-2017-GS1-Q002,2017,2,Ancient History,History,Vedic Period,difficult,Multi-statement,3,True,False,False,99,4,c,True,False,,056d0c5313e542a2,UPSC official previous-question-paper archive,2017 source date <= PYQ year,,,,,UNVERIFIED,,,NOT DISCLOSED BY UPSC,No primary-source attribution entered without proposition-level evidence from a dated source published no later than the PYQ year.,,Inventory + analytical metadata complete; primary-source verification pending,BLOCKED_UNTIL_SOURCE_QA
UPSC-2017-GS1-Q003,2017,3,Indian Economy,Economy,"Human Development, Poverty & Employment Schemes",moderate,Single-answer,0,False,False,True,14,4,a,True,False,,2313d3c85bc8606b,UPSC official previous-question-paper archive,2017 source date <= PYQ year,,,,,UNVERIFIED,,,NOT DISCLOSED BY UPSC,No primary-source attribution entered without proposition-level evidence from a dated source published no later than the PYQ year.,,Inventory + analytical metadata complete; primary-source verification pending,BLOCKED_UNTIL_SOURCE_QA
UPSC-2017-GS1-Q004,2017,4,Environment & Ecology,Environment & Ecology,Protected Areas & Wildlife,moderate,Single-answer,0,False,False,False,27,4,a,True,False,,48f8811cf48dc5b1,UPSC official previous-question-paper archive,2017 source date <= PYQ year,,,,,UNVERIFIED,,,NOT DISCLOSED BY UPSC,No primary-source attribution entered without proposition-level evidence from a dated source published no later than the PYQ year.,,Inventory + analytical metadata complete; primary-source verification pending,BLOCKED_UNTIL_SOURCE_QA
UPSC-2017-GS1-Q005,2017,5,Polity,Polity & Governance,Political Theory,easy,Single-answer,0,False,False,False,12,4,a,True,False,,aae62350b1b5ef8f,UPSC official previous-question-paper archive,2017 source date <= PYQ year,,,,,UNVERIFIED,,,NOT DISCLOSED BY UPSC,No primary-source attribution entered without proposition-level evidence from a dated source published no later than the PYQ year.,,Inventory + analytical metadata complete; primary-source verification pending,BLOCKED_UNTIL_SOURCE_QA
UPSC-2017-GS1-Q006,2017,6,Environment & Ecology,Environment & Ecology,Biodiversity & Conservation,moderate,Multi-statement,2,True,False,False,61,4,b,True,False,,6cfe10cfe9194094,UPSC official previous-question-paper archive,2017 source date <= PYQ year,,,,,UNVERIFIED,,,NOT DISCLOSED BY UPSC,No primary-source attribution entered without proposition-level evidence from a dated source published no later than the PYQ year.,,Inventory + analytical metadata complete; primary-source verification pending,BLOCKED_UNTIL_SOURCE_QA
UPSC-2017-GS1-Q007,2017,7,Indian Polity,Polity & Governance,Parliament & State Legislatures,moderate,Single-answer,0,False,False,False,22,4,b,True,False,,b2ab310c7d556e1f,UPSC official previous-question-paper archive,2017 source date <= PYQ year,,,,,UNVERIFIED,,,NOT DISCLOSED BY UPSC,No primary-source attribution entered without proposition-level evidence from a dated source published no later than the PYQ year.,,Inventory + analytical metadata complete; primary-source verification pending,BLOCKED_UNTIL_SOURCE_QA
UPSC-2017-GS1-Q008,2017,8,Ancient History,History,Vedic Period,difficult,Single-answer,0,False,False,False,9,4,c,True,False,,ee30d1957466e829,UPSC official previous-question-paper archive,2017 source date <= PYQ year,,,,,UNVERIFIED,,,NOT DISCLOSED BY UPSC,No primary-source attribution entered without proposition-level evidence from a dated source published no later than the PYQ year.,,Inventory + analytical metadata complete; primary-source verification pending,BLOCKED_UNTIL_SOURCE_QA
UPSC-2017-GS1-Q009,2017,9,Indian Economy,Economy,"Human Development, Poverty & Employment Schemes",moderate,Single-answer,0,False,False,False,17,4,a,True,False,,0c5ff17ec1e7cdb5,UPSC official previous-question-paper archive,2017 source date <= PYQ year,,,,,UNVERIFIED,,,NOT DISCLOSED BY UPSC,No primary-source attribution entered without proposition-level evidence from a dated source published no later than the PYQ year.,,Inventory + analytical metadata complete; primary-source verification pending,BLOCKED_UNTIL_SOURCE_QA
UPSC-2017-GS1-Q010,2017,10,Environment & Ecology,Environment & Ecology,Protected Areas & Wildlife,moderate,Multi-statement,3,False,False,False,83,4,b,True,False,,ef8f7df1e81c6b1a,UPSC official previous-question-paper archive,2017 source date <= PYQ year,,,,,UNVERIFIED,,,NOT DISCLOSED BY UPSC,No primary-source attribution entered without proposition-level evidence from a dated source published no later than the PYQ year.,,Inventory + analytical metadata complete; primary-source verification pending,BLOCKED_UNTIL_SOURCE_QA
UPSC-2017-GS1-Q011,2017,11,Economy,Economy,Banking and Finance,easy,Multi-statement,3,False,False,False,59,4,a,True,False,,4889a5632d18b901,UPSC official previous-question-paper archive,2017 source date <= PYQ year,,,,,UNVERIFIED,,,NOT DISCLOSED BY UPSC,No primary-source attribution entered without proposition-level evidence from a dated source published no later than the PYQ year.,,Inventory + analytical metadata complete; primary-source verification pending,BLOCKED_UNTIL_SOURCE_QA
UPSC-2017-GS1-Q012,2017,12,Environment & Ecology,Environment & Ecology,International Environmental Treaties & Summits,moderate,Multi-statement,3,False,False,False,51,4,b,True,False,,0cfc9f1d1865fa34,UPSC official previous-question-paper archive,2017 source date <= PYQ year,,,,,UNVERIFIED,,,NOT DISCLOSED BY UPSC,No primary-source attribution entered without proposition-level evidence from a dated source published no later than the PYQ year.,,Inventory + analytical metadata complete; primary-source verification pending,BLOCKED_UNTIL_SOURCE_QA
UPSC-2017-GS1-Q013,2017,13,Indian Polity,Polity & Governance,Directive Principles Of State Policy,moderate,Single-answer,3,False,False,False,38,4,c,True,False,,e44830eea06a56f7,UPSC official previous-question-paper archive,2017 source date <= PYQ year,,,,,UNVERIFIED,,,NOT DISCLOSED BY UPSC,No primary-source attribution entered without proposition-level evidence from a dated source published no later than the PYQ year.,,Inventory + analytical metadata complete; primary-source verification pending,BLOCKED_UNTIL_SOURCE_QA
UPSC-2017-GS1-Q014,2017,14,Indian Polity,Polity & Governance,Political Theory & Concepts,easy,Single-answer,3,False,False,False,78,4,c,True,False,,c167e8a20d1f6501,UPSC official previous-question-paper archive,2017 source date <= PYQ year,,,,,UNVERIFIED,,,NOT DISCLOSED BY UPSC,No primary-source attribution entered without proposition-level evidence from a dated source published no later than the PYQ year.,,Inventory + analytical metadata complete; primary-source verification pending,BLOCKED_UNTIL_SOURCE_QA
UPSC-2017-GS1-Q015,2017,15,Indian Economy,Economy,"Human Development, Poverty & Employment Schemes",easy,Single-answer,0,False,False,False,8,4,d,True,False,,4fbfe65e3eafdcce,UPSC official previous-question-paper archive,2017 source date <= PYQ year,,,,,UNVERIFIED,,,NOT DISCLOSED BY UPSC,No primary-source attribution entered without proposition-level evidence from a dated source published no later than the PYQ year.,,Inventory + analytical metadata complete; primary-source verification pending,BLOCKED_UNTIL_SOURCE_QA
UPSC-2017-GS1-Q016,2017,16,Polity,Polity & Governance,Local Government,moderate,Single-answer,0,False,False,False,10,4,b,True,False,,46f93657e25e69d8,UPSC official previous-question-paper archive,2017 source date <= PYQ year,,,,,UNVERIFIED,,,NOT DISCLOSED BY UPSC,No primary-source attribution entered without proposition-level evidence from a dated source published no later than the PYQ year.,,Inventory + analytical metadata complete; primary-source verification pending,BLOCKED_UNTIL_SOURCE_QA
UPSC-2017-GS1-Q017,2017,17,Indian Economy,Economy,Monetary Policy & Money Supply,moderate,Multi-statement,2,False,False,False,35,4,d,True,False,,9dd37ce143c961d7,UPSC official previous-question-paper archive,2017 source date <= PYQ year,,,,,UNVERIFIED,,,NOT DISCLOSED BY UPSC,No primary-source attribution entered without proposition-level evidence from a dated source published no later than the PYQ year.,,Inventory + analytical metadata complete; primary-source verification pending,BLOCKED_UNTIL_SOURCE_QA
UPSC-2017-GS1-Q018,2017,18,Art & Culture,Art & Culture,Music,moderate,Single-answer,0,False,False,True,12,4,c,True,False,,dbb05bb7f095f610,UPSC official previous-question-paper archive,2017 source date <= PYQ year,,,,,UNVERIFIED,,,NOT DISCLOSED BY UPSC,No primary-source attribution entered without proposition-level evidence from a dated source published no later than the PYQ year.,,Inventory + analytical metadata complete; primary-source verification pending,BLOCKED_UNTIL_SOURCE_QA
UPSC-2017-GS1-Q019,2017,19,Modern History,History,Early Nationalism & Indian National Congress (1885-1915),moderate,Single-answer,0,False,False,False,60,4,c,True,False,,efdb31775be9fd10,UPSC official previous-question-paper archive,2017 source date <= PYQ year,,,,,UNVERIFIED,,,NOT DISCLOSED BY UPSC,No primary-source attribution entered without proposition-level evidence from a dated source published no later than the PYQ year.,,Inventory + analytical metadata complete; primary-source verification pending,BLOCKED_UNTIL_SOURCE_QA
UPSC-2017-GS1-Q020,2017,20,Indian Economy,Economy,Fiscal Policy & Budget,moderate,Multi-statement,3,True,False,False,78,4,b,True,False,,d38475bd20b66eeb,UPSC official previous-question-paper archive,2017 source date <= PYQ year,,,,,UNVERIFIED,,,NOT DISCLOSED BY UPSC,No primary-source attribution entered without proposition-level evidence from a dated source published no later than the PYQ year.,,Inventory + analytical metadata complete; primary-source verification pending,BLOCKED_UNTIL_SOURCE_QA
UPSC-2017-GS1-Q021,2017,21,Environment & Ecology,Environment & Ecology,Ecosystems & Ecology Concepts,moderate,Single-answer,3,False,False,False,76,4,c,True,False,,cf621804e2ceb9a2,UPSC official previous-question-paper archive,2017 source date <= PYQ year,,,,,UNVERIFIED,,,NOT DISCLOSED BY UPSC,No primary-source attribution entered without proposition-level evidence from a dated source published no later than the PYQ year.,,Inventory + analytical metadata complete; primary-source verification pending,BLOCKED_UNTIL_SOURCE_QA
UPSC-2017-GS1-Q022,2017,22,Science & Technology,Science & Technology,Energy & Environment,moderate,Single-answer,3,True,False,False,86,4,b,True,False,,2b1d776ae68c2bb2,UPSC official previous-question-paper archive,2017 source date <= PYQ year,,,,,UNVERIFIED,,,NOT DISCLOSED BY UPSC,No primary-source attribution entered without proposition-level evidence from a dated source published no later than the PYQ year.,,Inventory + analytical metadata complete; primary-source verification pending,BLOCKED_UNTIL_SOURCE_QA
UPSC-2017-GS1-Q023,2017,23,Current Affairs,Current Affairs,Indian Government Schemes & Initiatives,moderate,Multi-statement,4,False,True,False,69,4,a,True,False,,49a8863a1104fcac,UPSC official previous-question-paper archive,2017 source date <= PYQ year,,,,,UNVERIFIED,,,NOT DISCLOSED BY UPSC,No primary-source attribution entered without proposition-level evidence from a dated source published no later than the PYQ year.,,Inventory + analytical metadata complete; primary-source verification pending,BLOCKED_UNTIL_SOURCE_QA
UPSC-2017-GS1-Q024,2017,24,Modern History,History,"Peasant, Tribal & Labour Movements",easy,Multi-statement,2,False,False,False,53,4,b,True,False,,786d44b30365fab9,UPSC official previous-question-paper archive,2017 source date <= PYQ year,,,,,UNVERIFIED,,,NOT DISCLOSED BY UPSC,No primary-source attribution entered without proposition-level evidence from a dated source published no later than the PYQ year.,,Inventory + analytical metadata complete; primary-source verification pending,BLOCKED_UNTIL_SOURCE_QA
UPSC-2017-GS1-Q025,2017,25,Environment & Ecology,Environment & Ecology,Climate Change & Greenhouse Gases,moderate,Multi-statement,3,False,False,False,56,4,d,True,False,,034c609cf0d2efbb,UPSC official previous-question-paper archive,2017 source date <= PYQ year,,,,,UNVERIFIED,,,NOT DISCLOSED BY UPSC,No primary-source attribution entered without proposition-level evidence from a dated source published no later than the PYQ year.,,Inventory + analytical metadata complete; primary-source verification pending,BLOCKED_UNTIL_SOURCE_QA
UPSC-2017-GS1-Q026,2017,26,Modern History,History,Constitutional Developments & British Plans (1909-1947),moderate,Single-answer,0,False,False,False,10,4,d,True,False,,cf83c0102feb76c8,UPSC official previous-question-paper archive,2017 source date <= PYQ year,,,,,UNVERIFIED,,,NOT DISCLOSED BY UPSC,No primary-source attribution entered without proposition-level evidence from a dated source published no later than the PYQ year.,,Inventory + analytical metadata complete; primary-source verification pending,BLOCKED_UNTIL_SOURCE_QA
UPSC-2017-GS1-Q027,2017,27,Indian Economy,Economy,Infrastructure & Industry,easy,Single-answer,0,False,False,True,14,4,a,True,False,,a00648f165d50609,UPSC official previous-question-paper archive,2017 source date <= PYQ year,,,,,UNVERIFIED,,,NOT DISCLOSED BY UPSC,No primary-source attribution entered without proposition-level evidence from a dated source published no later than the PYQ year.,,Inventory + analytical metadata complete; primary-source verification pending,BLOCKED_UNTIL_SOURCE_QA
UPSC-2017-GS1-Q028,2017,28,Science & Technology,Science & Technology,Energy & Environment,moderate,Multi-statement,2,False,False,False,44,4,d,True,False,,a67f4749a41ef3e8,UPSC official previous-question-paper archive,2017 source date <= PYQ year,,,,,UNVERIFIED,,,NOT DISCLOSED BY UPSC,No primary-source attribution entered without proposition-level evidence from a dated source published no later than the PYQ year.,,Inventory + analytical metadata complete; primary-source verification pending,BLOCKED_UNTIL_SOURCE_QA
UPSC-2017-GS1-Q029,2017,29,Indian Economy,Economy,"Human Development, Poverty & Employment Schemes",easy,Single-answer,0,False,False,False,12,4,c,True,False,,af34676bfce71c13,UPSC official previous-question-paper archive,2017 source date <= PYQ year,,,,,UNVERIFIED,,,NOT DISCLOSED BY UPSC,No primary-source attribution entered without proposition-level evidence from a dated source published no later than the PYQ year.,,Inventory + analytical metadata complete; primary-source verification pending,BLOCKED_UNTIL_SOURCE_QA
UPSC-2017-GS1-Q030,2017,30,Geography,Geography,Indian Rivers & Water Resources,moderate,Multi-statement,3,False,False,False,66,4,b,True,False,,82a20a6aaaa7afd7,UPSC official previous-question-paper archive,2017 source date <= PYQ year,,,,,UNVERIFIED,,,NOT DISCLOSED BY UPSC,No primary-source attribution entered without proposition-level evidence from a dated source published no later than the PYQ year.,,Inventory + analytical metadata complete; primary-source verification pending,BLOCKED_UNTIL_SOURCE_QA
UPSC-2017-GS1-Q031,2017,31,Science & Technology,Science & Technology,Health & Diseases,easy,Multi-statement,2,False,False,False,39,4,c,True,False,,60e69b73900ba9fd,UPSC official previous-question-paper archive,2017 source date <= PYQ year,,,,,UNVERIFIED,,,NOT DISCLOSED BY UPSC,No primary-source attribution entered without proposition-level evidence from a dated source published no later than the PYQ year.,,Inventory + analytical metadata complete; primary-source verification pending,BLOCKED_UNTIL_SOURCE_QA
UPSC-2017-GS1-Q032,2017,32,Indian Economy,Economy,Agriculture & Rural Development,moderate,Multi-statement,2,False,False,False,46,4,a,True,False,,33e365d0931b633c,UPSC official previous-question-paper archive,2017 source date <= PYQ year,,,,,UNVERIFIED,,,NOT DISCLOSED BY UPSC,No primary-source attribution entered without proposition-level evidence from a dated source published no later than the PYQ year.,,Inventory + analytical metadata complete; primary-source verification pending,BLOCKED_UNTIL_SOURCE_QA
UPSC-2017-GS1-Q033,2017,33,Indian Economy,Economy,Agriculture & Rural Development,moderate,Single-answer,2,False,False,False,51,4,c,True,False,,1872a754e23a6fa9,UPSC official previous-question-paper archive,2017 source date <= PYQ year,,,,,UNVERIFIED,,,NOT DISCLOSED BY UPSC,No primary-source attribution entered without proposition-level evidence from a dated source published no later than the PYQ year.,,Inventory + analytical metadata complete; primary-source verification pending,BLOCKED_UNTIL_SOURCE_QA
UPSC-2017-GS1-Q034,2017,34,Indian Economy,Economy,International Trade & WTO,moderate,Multi-statement,2,False,False,False,54,4,c,True,False,,9f0f89e3ab3116e2,UPSC official previous-question-paper archive,2017 source date <= PYQ year,,,,,UNVERIFIED,,,NOT DISCLOSED BY UPSC,No primary-source attribution entered without proposition-level evidence from a dated source published no later than the PYQ year.,,Inventory + analytical metadata complete; primary-source verification pending,BLOCKED_UNTIL_SOURCE_QA
UPSC-2017-GS1-Q035,2017,35,Environment & Ecology,Environment & Ecology,Environmental Governance & Legislation,moderate,Multi-statement,3,True,False,False,45,4,d,True,False,,6c1c29a8da4231e9,UPSC official previous-question-paper archive,2017 source date <= PYQ year,,,,,UNVERIFIED,,,NOT DISCLOSED BY UPSC,No primary-source attribution entered without proposition-level evidence from a dated source published no later than the PYQ year.,,Inventory + analytical metadata complete; primary-source verification pending,BLOCKED_UNTIL_SOURCE_QA
UPSC-2017-GS1-Q036,2017,36,Indian Polity,Polity & Governance,Fundamental Duties,moderate,Multi-statement,2,False,False,False,44,4,d,True,False,,cd3905f86d262fe7,UPSC official previous-question-paper archive,2017 source date <= PYQ year,,,,,UNVERIFIED,,,NOT DISCLOSED BY UPSC,No primary-source attribution entered without proposition-level evidence from a dated source published no later than the PYQ year.,,Inventory + analytical metadata complete; primary-source verification pending,BLOCKED_UNTIL_SOURCE_QA
UPSC-2017-GS1-Q037,2017,37,Modern History,History,Early Nationalism & Indian National Congress (1885-1915),moderate,Match/Pair,3,False,False,False,45,4,b,True,False,,b6e52f1fa6e91b0a,UPSC official previous-question-paper archive,2017 source date <= PYQ year,,,,,UNVERIFIED,,,NOT DISCLOSED BY UPSC,No primary-source attribution entered without proposition-level evidence from a dated source published no later than the PYQ year.,,Inventory + analytical metadata complete; primary-source verification pending,BLOCKED_UNTIL_SOURCE_QA
UPSC-2017-GS1-Q038,2017,38,Indian Polity,Polity & Governance,Constitutional Framework & Development,easy,Single-answer,0,True,False,False,18,4,b,True,False,,dd5a4e466d81cb26,UPSC official previous-question-paper archive,2017 source date <= PYQ year,,,,,UNVERIFIED,,,NOT DISCLOSED BY UPSC,No primary-source attribution entered without proposition-level evidence from a dated source published no later than the PYQ year.,,Inventory + analytical metadata complete; primary-source verification pending,BLOCKED_UNTIL_SOURCE_QA
UPSC-2017-GS1-Q039,2017,39,Indian Economy,Economy,International Institutions & Reports,moderate,Multi-statement,2,False,False,False,55,4,c,True,False,,4ee0ee5f3df033df,UPSC official previous-question-paper archive,2017 source date <= PYQ year,,,,,UNVERIFIED,,,NOT DISCLOSED BY UPSC,No primary-source attribution entered without proposition-level evidence from a dated source published no later than the PYQ year.,,Inventory + analytical metadata complete; primary-source verification pending,BLOCKED_UNTIL_SOURCE_QA
UPSC-2017-GS1-Q040,2017,40,Indian Economy,Economy,Digital Payments & Financial Inclusion,moderate,Single-answer,3,False,False,False,55,4,a,True,False,,69823d76197f5e95,UPSC official previous-question-paper archive,2017 source date <= PYQ year,,,,,UNVERIFIED,,,NOT DISCLOSED BY UPSC,No primary-source attribution entered without proposition-level evidence from a dated source published no later than the PYQ year.,,Inventory + analytical metadata complete; primary-source verification pending,BLOCKED_UNTIL_SOURCE_QA
UPSC-2017-GS1-Q041,2017,41,Indian Economy,Economy,International Institutions & Reports,moderate,Multi-statement,2,False,False,False,64,4,d,True,False,,0c77201f27ddc37a,UPSC official previous-question-paper archive,2017 source date <= PYQ year,,,,,UNVERIFIED,,,NOT DISCLOSED BY UPSC,No primary-source attribution entered without proposition-level evidence from a dated source published no later than the PYQ year.,,Inventory + analytical metadata complete; primary-source verification pending,BLOCKED_UNTIL_SOURCE_QA
UPSC-2017-GS1-Q042,2017,42,Indian Polity,Polity & Governance,Political Theory & Concepts,easy,Single-answer,0,False,False,False,12,4,a,True,False,,c8e52828629ff874,UPSC official previous-question-paper archive,2017 source date <= PYQ year,,,,,UNVERIFIED,,,NOT DISCLOSED BY UPSC,No primary-source attribution entered without proposition-level evidence from a dated source published no later than the PYQ year.,,Inventory + analytical metadata complete; primary-source verification pending,BLOCKED_UNTIL_SOURCE_QA
UPSC-2017-GS1-Q043,2017,43,Indian Economy,Economy,Digital Payments & Financial Inclusion,moderate,Single-answer,0,False,False,False,17,4,a,True,False,,b6470bf34cce729b,UPSC official previous-question-paper archive,2017 source date <= PYQ year,,,,,UNVERIFIED,,,NOT DISCLOSED BY UPSC,No primary-source attribution entered without proposition-level evidence from a dated source published no later than the PYQ year.,,Inventory + analytical metadata complete; primary-source verification pending,BLOCKED_UNTIL_SOURCE_QA
UPSC-2017-GS1-Q044,2017,44,Science & Technology,Science & Technology,Space Technology & Astronomy,easy,Single-answer,0,False,False,True,20,4,a,True,False,,619dacb844d6dc8b,UPSC official previous-question-paper archive,2017 source date <= PYQ year,,,,,UNVERIFIED,,,NOT DISCLOSED BY UPSC,No primary-source attribution entered without proposition-level evidence from a dated source published no later than the PYQ year.,,Inventory + analytical metadata complete; primary-source verification pending,BLOCKED_UNTIL_SOURCE_QA
UPSC-2017-GS1-Q045,2017,45,Science & Technology,Science & Technology,Biotechnology & Genetics,moderate,Single-answer,3,False,False,True,83,4,d,True,False,,befd32d2667ac991,UPSC official previous-question-paper archive,2017 source date <= PYQ year,,,,,UNVERIFIED,,,NOT DISCLOSED BY UPSC,No primary-source attribution entered without proposition-level evidence from a dated source published no later than the PYQ year.,,Inventory + analytical metadata complete; primary-source verification pending,BLOCKED_UNTIL_SOURCE_QA
UPSC-2017-GS1-Q046,2017,46,Indian Polity,Polity & Governance,Parliament & State Legislatures,easy,Single-answer,0,False,False,False,11,4,c,True,False,,ce7bf8e06bb281b8,UPSC official previous-question-paper archive,2017 source date <= PYQ year,,,,,UNVERIFIED,,,NOT DISCLOSED BY UPSC,No primary-source attribution entered without proposition-level evidence from a dated source published no later than the PYQ year.,,Inventory + analytical metadata complete; primary-source verification pending,BLOCKED_UNTIL_SOURCE_QA
UPSC-2017-GS1-Q047,2017,47,Indian Polity,Polity & Governance,Political Theory & Concepts,easy,Single-answer,0,False,False,False,19,4,a,True,False,,319467266572373c,UPSC official previous-question-paper archive,2017 source date <= PYQ year,,,,,UNVERIFIED,,,NOT DISCLOSED BY UPSC,No primary-source attribution entered without proposition-level evidence from a dated source published no later than the PYQ year.,,Inventory + analytical metadata complete; primary-source verification pending,BLOCKED_UNTIL_SOURCE_QA
UPSC-2017-GS1-Q048,2017,48,Indian Polity,Polity & Governance,Constitutional Framework & Development,easy,Single-answer,0,False,False,False,18,4,a,True,False,,aadbc62d8b544e4b,UPSC official previous-question-paper archive,2017 source date <= PYQ year,,,,,UNVERIFIED,,,NOT DISCLOSED BY UPSC,No primary-source attribution entered without proposition-level evidence from a dated source published no later than the PYQ year.,,Inventory + analytical metadata complete; primary-source verification pending,BLOCKED_UNTIL_SOURCE_QA
UPSC-2017-GS1-Q049,2017,49,Geography,Geography,Transport & Infrastructure Geography,moderate,Single-answer,0,False,False,False,30,4,b,True,False,,b46a616d87cba72d,UPSC official previous-question-paper archive,2017 source date <= PYQ year,,,,,UNVERIFIED,,,NOT DISCLOSED BY UPSC,No primary-source attribution entered without proposition-level evidence from a dated source published no later than the PYQ year.,,Inventory + analytical metadata complete; primary-source verification pending,BLOCKED_UNTIL_SOURCE_QA
UPSC-2017-GS1-Q050,2017,50,Indian Polity,Polity & Governance,Parliament & State Legislatures,moderate,Single-answer,3,False,False,False,34,4,d,True,False,,47a734af0040c89d,UPSC official previous-question-paper archive,2017 source date <= PYQ year,,,,,UNVERIFIED,,,NOT DISCLOSED BY UPSC,No primary-source attribution entered without proposition-level evidence from a dated source published no later than the PYQ year.,,Inventory + analytical metadata complete; primary-source verification pending,BLOCKED_UNTIL_SOURCE_QA
UPSC-2017-GS1-Q051,2017,51,Medieval History,History,South Indian Dynasties,moderate,Single-answer,0,False,False,False,15,4,b,True,False,,662e254a61b33f6d,UPSC official previous-question-paper archive,2017 source date <= PYQ year,,,,,UNVERIFIED,,,NOT DISCLOSED BY UPSC,No primary-source attribution entered without proposition-level evidence from a dated source published no later than the PYQ year.,,Inventory + analytical metadata complete; primary-source verification pending,BLOCKED_UNTIL_SOURCE_QA
UPSC-2017-GS1-Q052,2017,52,Environment & Ecology,Environment & Ecology,International Environmental Treaties & Summits,moderate,Multi-statement,3,False,False,False,71,4,a,True,False,,17fe0a36ea3b0363,UPSC official previous-question-paper archive,2017 source date <= PYQ year,,,,,UNVERIFIED,,,NOT DISCLOSED BY UPSC,No primary-source attribution entered without proposition-level evidence from a dated source published no later than the PYQ year.,,Inventory + analytical metadata complete; primary-source verification pending,BLOCKED_UNTIL_SOURCE_QA
UPSC-2017-GS1-Q053,2017,53,Ancient History,History,Buddhism & Jainism,difficult,Multi-statement,2,True,False,False,50,4,b,True,False,,8fa58e81ad041479,UPSC official previous-question-paper archive,2017 source date <= PYQ year,,,,,UNVERIFIED,,,NOT DISCLOSED BY UPSC,No primary-source attribution entered without proposition-level evidence from a dated source published no later than the PYQ year.,,Inventory + analytical metadata complete; primary-source verification pending,BLOCKED_UNTIL_SOURCE_QA
UPSC-2017-GS1-Q054,2017,54,Geography,Geography,World Political Geography & Borders,easy,Multi-statement,4,False,False,False,30,4,c,True,False,,1ff310ecea60ab81,UPSC official previous-question-paper archive,2017 source date <= PYQ year,,,,,UNVERIFIED,,,NOT DISCLOSED BY UPSC,No primary-source attribution entered without proposition-level evidence from a dated source published no later than the PYQ year.,,Inventory + analytical metadata complete; primary-source verification pending,BLOCKED_UNTIL_SOURCE_QA
UPSC-2017-GS1-Q055,2017,55,Indian Economy,Economy,Infrastructure & Industry,moderate,Multi-statement,2,False,False,False,45,4,d,True,False,,3e52ee54fb73ebbf,UPSC official previous-question-paper archive,2017 source date <= PYQ year,,,,,UNVERIFIED,,,NOT DISCLOSED BY UPSC,No primary-source attribution entered without proposition-level evidence from a dated source published no later than the PYQ year.,,Inventory + analytical metadata complete; primary-source verification pending,BLOCKED_UNTIL_SOURCE_QA
UPSC-2017-GS1-Q056,2017,56,Indian Economy,Economy,International Institutions & Reports,easy,Single-answer,0,False,False,False,6,4,b,True,False,,e56bd9d883190204,UPSC official previous-question-paper archive,2017 source date <= PYQ year,,,,,UNVERIFIED,,,NOT DISCLOSED BY UPSC,No primary-source attribution entered without proposition-level evidence from a dated source published no later than the PYQ year.,,Inventory + analytical metadata complete; primary-source verification pending,BLOCKED_UNTIL_SOURCE_QA
UPSC-2017-GS1-Q057,2017,57,Indian Polity,Polity & Governance,Elections & Electoral Reforms,easy,Single-answer,0,False,False,False,13,4,c,True,False,,f5abacbe7f5d3ec3,UPSC official previous-question-paper archive,2017 source date <= PYQ year,,,,,UNVERIFIED,,,NOT DISCLOSED BY UPSC,No primary-source attribution entered without proposition-level evidence from a dated source published no later than the PYQ year.,,Inventory + analytical metadata complete; primary-source verification pending,BLOCKED_UNTIL_SOURCE_QA
UPSC-2017-GS1-Q058,2017,58,Geography,Geography,Indian Physical Geography,moderate,Multi-statement,3,False,False,False,43,4,b,True,False,,695b904361cd5c6f,UPSC official previous-question-paper archive,2017 source date <= PYQ year,,,,,UNVERIFIED,,,NOT DISCLOSED BY UPSC,No primary-source attribution entered without proposition-level evidence from a dated source published no later than the PYQ year.,,Inventory + analytical metadata complete; primary-source verification pending,BLOCKED_UNTIL_SOURCE_QA
UPSC-2017-GS1-Q059,2017,59,Environment,Environment & Ecology,Pollution,easy,Single-answer,0,False,False,False,9,4,c,True,False,,ad9093f14b6f7149,UPSC official previous-question-paper archive,2017 source date <= PYQ year,,,,,UNVERIFIED,,,NOT DISCLOSED BY UPSC,No primary-source attribution entered without proposition-level evidence from a dated source published no later than the PYQ year.,,Inventory + analytical metadata complete; primary-source verification pending,BLOCKED_UNTIL_SOURCE_QA
UPSC-2017-GS1-Q060,2017,60,Environment & Ecology,Environment & Ecology,International Environmental Treaties & Summits,moderate,Multi-statement,3,False,False,False,98,4,b,True,False,,13b030d5aed1170d,UPSC official previous-question-paper archive,2017 source date <= PYQ year,,,,,UNVERIFIED,,,NOT DISCLOSED BY UPSC,No primary-source attribution entered without proposition-level evidence from a dated source published no later than the PYQ year.,,Inventory + analytical metadata complete; primary-source verification pending,BLOCKED_UNTIL_SOURCE_QA
UPSC-2017-GS1-Q061,2017,61,Indian Economy,Economy,"Human Development, Poverty & Employment Schemes",moderate,Multi-statement,2,False,False,False,59,4,b,True,False,,3ca4f7a6ce380025,UPSC official previous-question-paper archive,2017 source date <= PYQ year,,,,,UNVERIFIED,,,NOT DISCLOSED BY UPSC,No primary-source attribution entered without proposition-level evidence from a dated source published no later than the PYQ year.,,Inventory + analytical metadata complete; primary-source verification pending,BLOCKED_UNTIL_SOURCE_QA
UPSC-2017-GS1-Q062,2017,62,Modern History,History,Constitutional Developments & British Plans (1909-1947),easy,Single-answer,0,False,False,False,13,4,d,True,False,,be328760b39d6c83,UPSC official previous-question-paper archive,2017 source date <= PYQ year,,,,,UNVERIFIED,,,NOT DISCLOSED BY UPSC,No primary-source attribution entered without proposition-level evidence from a dated source published no later than the PYQ year.,,Inventory + analytical metadata complete; primary-source verification pending,BLOCKED_UNTIL_SOURCE_QA
UPSC-2017-GS1-Q063,2017,63,Indian Economy,Economy,"Human Development, Poverty & Employment Schemes",moderate,Multi-statement,2,False,False,False,57,4,d,True,False,,2114310991fb52c3,UPSC official previous-question-paper archive,2017 source date <= PYQ year,,,,,UNVERIFIED,,,NOT DISCLOSED BY UPSC,No primary-source attribution entered without proposition-level evidence from a dated source published no later than the PYQ year.,,Inventory + analytical metadata complete; primary-source verification pending,BLOCKED_UNTIL_SOURCE_QA
UPSC-2017-GS1-Q064,2017,64,Indian Economy,Economy,Banking & Financial Sector,easy,Single-answer,0,False,False,True,23,4,b,True,False,,7494c0f893b17975,UPSC official previous-question-paper archive,2017 source date <= PYQ year,,,,,UNVERIFIED,,,NOT DISCLOSED BY UPSC,No primary-source attribution entered without proposition-level evidence from a dated source published no later than the PYQ year.,,Inventory + analytical metadata complete; primary-source verification pending,BLOCKED_UNTIL_SOURCE_QA
UPSC-2017-GS1-Q065,2017,65,Environment & Ecology,Environment & Ecology,Climate Change & Greenhouse Gases,moderate,Multi-statement,2,False,False,False,46,4,b,True,False,,006241c1fef41182,UPSC official previous-question-paper archive,2017 source date <= PYQ year,,,,,UNVERIFIED,,,NOT DISCLOSED BY UPSC,No primary-source attribution entered without proposition-level evidence from a dated source published no later than the PYQ year.,,Inventory + analytical metadata complete; primary-source verification pending,BLOCKED_UNTIL_SOURCE_QA
UPSC-2017-GS1-Q066,2017,66,Geography,Geography,Atmosphere & Climatology,moderate,Multi-statement,2,False,False,True,69,4,b,True,False,,3a199a0b023c4617,UPSC official previous-question-paper archive,2017 source date <= PYQ year,,,,,UNVERIFIED,,,NOT DISCLOSED BY UPSC,No primary-source attribution entered without proposition-level evidence from a dated source published no later than the PYQ year.,,Inventory + analytical metadata complete; primary-source verification pending,BLOCKED_UNTIL_SOURCE_QA
UPSC-2017-GS1-Q067,2017,67,Environment & Ecology,Environment & Ecology,Protected Areas & Wildlife,easy,Single-answer,0,False,False,False,22,4,b,True,False,,f16ec06151d4c06a,UPSC official previous-question-paper archive,2017 source date <= PYQ year,,,,,UNVERIFIED,,,NOT DISCLOSED BY UPSC,No primary-source attribution entered without proposition-level evidence from a dated source published no later than the PYQ year.,,Inventory + analytical metadata complete; primary-source verification pending,BLOCKED_UNTIL_SOURCE_QA
UPSC-2017-GS1-Q068,2017,68,Current Affairs,Current Affairs,International Organisations & Groupings,moderate,Multi-statement,2,False,True,False,59,4,b,True,False,,7c6b56210835f52a,UPSC official previous-question-paper archive,2017 source date <= PYQ year,,,,,UNVERIFIED,,,NOT DISCLOSED BY UPSC,No primary-source attribution entered without proposition-level evidence from a dated source published no later than the PYQ year.,,Inventory + analytical metadata complete; primary-source verification pending,BLOCKED_UNTIL_SOURCE_QA
UPSC-2017-GS1-Q069,2017,69,Art & Culture,Art & Culture,Painting & Visual Arts,easy,Single-answer,0,False,False,False,15,4,a,True,False,,a15ff9656c0e9bca,UPSC official previous-question-paper archive,2017 source date <= PYQ year,,,,,UNVERIFIED,,,NOT DISCLOSED BY UPSC,No primary-source attribution entered without proposition-level evidence from a dated source published no later than the PYQ year.,,Inventory + analytical metadata complete; primary-source verification pending,BLOCKED_UNTIL_SOURCE_QA
UPSC-2017-GS1-Q070,2017,70,Art & Culture,Art & Culture,"Festivals, Crafts & Folk Traditions",moderate,Match/Pair,3,False,False,False,34,4,a,True,False,,135e6f2119e605d2,UPSC official previous-question-paper archive,2017 source date <= PYQ year,,,,,UNVERIFIED,,,NOT DISCLOSED BY UPSC,No primary-source attribution entered without proposition-level evidence from a dated source published no later than the PYQ year.,,Inventory + analytical metadata complete; primary-source verification pending,BLOCKED_UNTIL_SOURCE_QA
UPSC-2017-GS1-Q071,2017,71,Environment & Ecology,Environment & Ecology,Sustainable Agriculture & Forestry,moderate,Multi-statement,3,False,False,False,47,4,c,True,False,,ab5a1a75d6c73584,UPSC official previous-question-paper archive,2017 source date <= PYQ year,,,,,UNVERIFIED,,,NOT DISCLOSED BY UPSC,No primary-source attribution entered without proposition-level evidence from a dated source published no later than the PYQ year.,,Inventory + analytical metadata complete; primary-source verification pending,BLOCKED_UNTIL_SOURCE_QA
UPSC-2017-GS1-Q072,2017,72,Indian Economy,Economy,Agriculture & Rural Development,easy,Multi-statement,3,False,False,False,57,4,b,True,False,,dd759e8cf9d82ded,UPSC official previous-question-paper archive,2017 source date <= PYQ year,,,,,UNVERIFIED,,,NOT DISCLOSED BY UPSC,No primary-source attribution entered without proposition-level evidence from a dated source published no later than the PYQ year.,,Inventory + analytical metadata complete; primary-source verification pending,BLOCKED_UNTIL_SOURCE_QA
UPSC-2017-GS1-Q073,2017,73,Science & Technology,Science & Technology,Health & Diseases,easy,Match/Pair,3,False,False,False,48,4,d,True,False,,cab4b28f231d3de3,UPSC official previous-question-paper archive,2017 source date <= PYQ year,,,,,UNVERIFIED,,,NOT DISCLOSED BY UPSC,No primary-source attribution entered without proposition-level evidence from a dated source published no later than the PYQ year.,,Inventory + analytical metadata complete; primary-source verification pending,BLOCKED_UNTIL_SOURCE_QA
UPSC-2017-GS1-Q074,2017,74,Science & Technology,Science & Technology,Computer & Information Technology,easy,Single-answer,3,False,False,False,64,4,c,True,False,,433f7c70537f516b,UPSC official previous-question-paper archive,2017 source date <= PYQ year,,,,,UNVERIFIED,,,NOT DISCLOSED BY UPSC,No primary-source attribution entered without proposition-level evidence from a dated source published no later than the PYQ year.,,Inventory + analytical metadata complete; primary-source verification pending,BLOCKED_UNTIL_SOURCE_QA
UPSC-2017-GS1-Q075,2017,75,Art & Culture,Art & Culture,Architecture & World Heritage,moderate,Multi-statement,3,False,False,False,26,4,a,True,False,,74e478956de01eeb,UPSC official previous-question-paper archive,2017 source date <= PYQ year,,,,,UNVERIFIED,,,NOT DISCLOSED BY UPSC,No primary-source attribution entered without proposition-level evidence from a dated source published no later than the PYQ year.,,Inventory + analytical metadata complete; primary-source verification pending,BLOCKED_UNTIL_SOURCE_QA
UPSC-2017-GS1-Q076,2017,76,Indian Polity,Polity & Governance,Parliament & State Legislatures,moderate,Multi-statement,2,True,False,False,71,4,d,True,False,,2f84f0c886c1c43c,UPSC official previous-question-paper archive,2017 source date <= PYQ year,,,,,UNVERIFIED,,,NOT DISCLOSED BY UPSC,No primary-source attribution entered without proposition-level evidence from a dated source published no later than the PYQ year.,,Inventory + analytical metadata complete; primary-source verification pending,BLOCKED_UNTIL_SOURCE_QA
UPSC-2017-GS1-Q077,2017,77,Indian Economy,Economy,Economic Planning & Five-Year Plans,moderate,Multi-statement,4,False,False,False,55,4,b,True,False,,c917c9fb98edcc31,UPSC official previous-question-paper archive,2017 source date <= PYQ year,,,,,UNVERIFIED,,,NOT DISCLOSED BY UPSC,No primary-source attribution entered without proposition-level evidence from a dated source published no later than the PYQ year.,,Inventory + analytical metadata complete; primary-source verification pending,BLOCKED_UNTIL_SOURCE_QA
UPSC-2017-GS1-Q078,2017,78,Science & Technology,Science & Technology,Biotechnology & Genetics,easy,Single-answer,0,False,False,False,11,4,c,True,False,,3bb2e5716dcb5b56,UPSC official previous-question-paper archive,2017 source date <= PYQ year,,,,,UNVERIFIED,,,NOT DISCLOSED BY UPSC,No primary-source attribution entered without proposition-level evidence from a dated source published no later than the PYQ year.,,Inventory + analytical metadata complete; primary-source verification pending,BLOCKED_UNTIL_SOURCE_QA
UPSC-2017-GS1-Q079,2017,79,Indian Economy,Economy,Digital Payments & Financial Inclusion,easy,Multi-statement,2,False,False,False,39,4,c,True,False,,a440aa10b5f5dccd,UPSC official previous-question-paper archive,2017 source date <= PYQ year,,,,,UNVERIFIED,,,NOT DISCLOSED BY UPSC,No primary-source attribution entered without proposition-level evidence from a dated source published no later than the PYQ year.,,Inventory + analytical metadata complete; primary-source verification pending,BLOCKED_UNTIL_SOURCE_QA
UPSC-2017-GS1-Q080,2017,80,Environment & Ecology,Environment & Ecology,Protected Areas & Wildlife,easy,Single-answer,0,False,False,True,13,4,b,True,False,,db6ba451a9ad09fa,UPSC official previous-question-paper archive,2017 source date <= PYQ year,,,,,UNVERIFIED,,,NOT DISCLOSED BY UPSC,No primary-source attribution entered without proposition-level evidence from a dated source published no later than the PYQ year.,,Inventory + analytical metadata complete; primary-source verification pending,BLOCKED_UNTIL_SOURCE_QA
UPSC-2017-GS1-Q081,2017,81,Indian Economy,Economy,Taxation,moderate,Single-answer,3,False,False,False,88,4,a,True,False,,c4792c725248ff28,UPSC official previous-question-paper archive,2017 source date <= PYQ year,,,,,UNVERIFIED,,,NOT DISCLOSED BY UPSC,No primary-source attribution entered without proposition-level evidence from a dated source published no later than the PYQ year.,,Inventory + analytical metadata complete; primary-source verification pending,BLOCKED_UNTIL_SOURCE_QA
UPSC-2017-GS1-Q082,2017,82,Current Affairs,Current Affairs,International Relations & Treaties,easy,Single-answer,0,False,True,True,21,4,a,True,False,,c354c0d7f1fd92ee,UPSC official previous-question-paper archive,2017 source date <= PYQ year,,,,,UNVERIFIED,,,NOT DISCLOSED BY UPSC,No primary-source attribution entered without proposition-level evidence from a dated source published no later than the PYQ year.,,Inventory + analytical metadata complete; primary-source verification pending,BLOCKED_UNTIL_SOURCE_QA
UPSC-2017-GS1-Q083,2017,83,Economy,Economy,International Trade,moderate,Multi-statement,3,False,False,False,45,4,a,True,False,,5dc44118ca347038,UPSC official previous-question-paper archive,2017 source date <= PYQ year,,,,,UNVERIFIED,,,NOT DISCLOSED BY UPSC,No primary-source attribution entered without proposition-level evidence from a dated source published no later than the PYQ year.,,Inventory + analytical metadata complete; primary-source verification pending,BLOCKED_UNTIL_SOURCE_QA
UPSC-2017-GS1-Q084,2017,84,International Relations,International Relations,Foreign Policy,easy,Single-answer,0,False,False,False,11,4,c,True,False,,f8e5e0dfa670b125,UPSC official previous-question-paper archive,2017 source date <= PYQ year,,,,,UNVERIFIED,,,NOT DISCLOSED BY UPSC,No primary-source attribution entered without proposition-level evidence from a dated source published no later than the PYQ year.,,Inventory + analytical metadata complete; primary-source verification pending,BLOCKED_UNTIL_SOURCE_QA
UPSC-2017-GS1-Q085,2017,85,Science & Technology,Science & Technology,Computer & Information Technology,moderate,Multi-statement,3,False,False,False,37,4,d,True,False,,b49240ee0bac3bdf,UPSC official previous-question-paper archive,2017 source date <= PYQ year,,,,,UNVERIFIED,,,NOT DISCLOSED BY UPSC,No primary-source attribution entered without proposition-level evidence from a dated source published no later than the PYQ year.,,Inventory + analytical metadata complete; primary-source verification pending,BLOCKED_UNTIL_SOURCE_QA
UPSC-2017-GS1-Q086,2017,86,Indian Polity,Polity & Governance,Elections & Electoral Reforms,easy,Single-answer,0,False,False,False,11,4,c,True,False,,459976b97e20285c,UPSC official previous-question-paper archive,2017 source date <= PYQ year,,,,,UNVERIFIED,,,NOT DISCLOSED BY UPSC,No primary-source attribution entered without proposition-level evidence from a dated source published no later than the PYQ year.,,Inventory + analytical metadata complete; primary-source verification pending,BLOCKED_UNTIL_SOURCE_QA
UPSC-2017-GS1-Q087,2017,87,Science & Technology,Science & Technology,Space Technology & Astronomy,easy,Single-answer,0,False,False,False,13,4,b,True,False,,57bf820c1d9794c4,UPSC official previous-question-paper archive,2017 source date <= PYQ year,,,,,UNVERIFIED,,,NOT DISCLOSED BY UPSC,No primary-source attribution entered without proposition-level evidence from a dated source published no later than the PYQ year.,,Inventory + analytical metadata complete; primary-source verification pending,BLOCKED_UNTIL_SOURCE_QA
UPSC-2017-GS1-Q088,2017,88,Current Affairs,Current Affairs,Indian Government Schemes & Initiatives,moderate,Single-answer,3,False,True,False,76,4,a,True,False,,2d4528ad302d650b,UPSC official previous-question-paper archive,2017 source date <= PYQ year,,,,,UNVERIFIED,,,NOT DISCLOSED BY UPSC,No primary-source attribution entered without proposition-level evidence from a dated source published no later than the PYQ year.,,Inventory + analytical metadata complete; primary-source verification pending,BLOCKED_UNTIL_SOURCE_QA
UPSC-2017-GS1-Q089,2017,89,Current Affairs,Current Affairs,Indian Government Schemes & Initiatives,easy,Single-answer,0,False,True,False,11,4,b,True,False,,f122bf1fc60ac80f,UPSC official previous-question-paper archive,2017 source date <= PYQ year,,,,,UNVERIFIED,,,NOT DISCLOSED BY UPSC,No primary-source attribution entered without proposition-level evidence from a dated source published no later than the PYQ year.,,Inventory + analytical metadata complete; primary-source verification pending,BLOCKED_UNTIL_SOURCE_QA
UPSC-2017-GS1-Q090,2017,90,Indian Polity,Polity & Governance,Elections & Electoral Reforms,moderate,Multi-statement,3,False,False,False,56,4,d,True,False,,d302ce37240cc67b,UPSC official previous-question-paper archive,2017 source date <= PYQ year,,,,,UNVERIFIED,,,NOT DISCLOSED BY UPSC,No primary-source attribution entered without proposition-level evidence from a dated source published no later than the PYQ year.,,Inventory + analytical metadata complete; primary-source verification pending,BLOCKED_UNTIL_SOURCE_QA
UPSC-2017-GS1-Q091,2017,91,Environment & Ecology,Environment & Ecology,Environmental Governance & Legislation,easy,Single-answer,0,False,False,False,24,4,a,True,False,,3a6c62c5fbe2d97a,UPSC official previous-question-paper archive,2017 source date <= PYQ year,,,,,UNVERIFIED,,,NOT DISCLOSED BY UPSC,No primary-source attribution entered without proposition-level evidence from a dated source published no later than the PYQ year.,,Inventory + analytical metadata complete; primary-source verification pending,BLOCKED_UNTIL_SOURCE_QA
UPSC-2017-GS1-Q092,2017,92,Indian Polity,Polity & Governance,Judiciary,easy,Single-answer,0,False,False,False,5,4,a,True,False,,ed601dcfabbacda6,UPSC official previous-question-paper archive,2017 source date <= PYQ year,,,,,UNVERIFIED,,,NOT DISCLOSED BY UPSC,No primary-source attribution entered without proposition-level evidence from a dated source published no later than the PYQ year.,,Inventory + analytical metadata complete; primary-source verification pending,BLOCKED_UNTIL_SOURCE_QA
UPSC-2017-GS1-Q093,2017,93,Modern History,History,Gandhian Mass Movements (1915-1942),moderate,Multi-statement,3,False,False,False,38,4,c,True,False,,c39cc2bf2d7295b8,UPSC official previous-question-paper archive,2017 source date <= PYQ year,,,,,UNVERIFIED,,,NOT DISCLOSED BY UPSC,No primary-source attribution entered without proposition-level evidence from a dated source published no later than the PYQ year.,,Inventory + analytical metadata complete; primary-source verification pending,BLOCKED_UNTIL_SOURCE_QA
UPSC-2017-GS1-Q094,2017,94,Indian Economy,Economy,Fiscal Policy & Budget,moderate,Multi-statement,2,False,False,False,48,4,d,True,False,,d132a338878455e7,UPSC official previous-question-paper archive,2017 source date <= PYQ year,,,,,UNVERIFIED,,,NOT DISCLOSED BY UPSC,No primary-source attribution entered without proposition-level evidence from a dated source published no later than the PYQ year.,,Inventory + analytical metadata complete; primary-source verification pending,BLOCKED_UNTIL_SOURCE_QA
UPSC-2017-GS1-Q095,2017,95,Environment & Ecology,Environment & Ecology,Protected Areas & Wildlife,easy,Single-answer,0,False,False,True,25,4,b,True,False,,5b460a37480d1375,UPSC official previous-question-paper archive,2017 source date <= PYQ year,,,,,UNVERIFIED,,,NOT DISCLOSED BY UPSC,No primary-source attribution entered without proposition-level evidence from a dated source published no later than the PYQ year.,,Inventory + analytical metadata complete; primary-source verification pending,BLOCKED_UNTIL_SOURCE_QA
UPSC-2017-GS1-Q096,2017,96,Indian Polity,Polity & Governance,Emergency Provisions,moderate,Multi-statement,3,True,False,False,53,4,b,True,False,,a5e90a9c7d7e15d4,UPSC official previous-question-paper archive,2017 source date <= PYQ year,,,,,UNVERIFIED,,,NOT DISCLOSED BY UPSC,No primary-source attribution entered without proposition-level evidence from a dated source published no later than the PYQ year.,,Inventory + analytical metadata complete; primary-source verification pending,BLOCKED_UNTIL_SOURCE_QA
UPSC-2017-GS1-Q097,2017,97,Indian Polity,Polity & Governance,Fundamental Rights,easy,Multi-statement,4,False,False,False,58,4,c,True,False,,90f945c43dab350e,UPSC official previous-question-paper archive,2017 source date <= PYQ year,,,,,UNVERIFIED,,,NOT DISCLOSED BY UPSC,No primary-source attribution entered without proposition-level evidence from a dated source published no later than the PYQ year.,,Inventory + analytical metadata complete; primary-source verification pending,BLOCKED_UNTIL_SOURCE_QA
UPSC-2017-GS1-Q098,2017,98,Geography,Geography,World Physical Geography,moderate,Single-answer,0,False,False,False,11,4,a,True,False,,981240ef6607d8c9,UPSC official previous-question-paper archive,2017 source date <= PYQ year,,,,,UNVERIFIED,,,NOT DISCLOSED BY UPSC,No primary-source attribution entered without proposition-level evidence from a dated source published no later than the PYQ year.,,Inventory + analytical metadata complete; primary-source verification pending,BLOCKED_UNTIL_SOURCE_QA
UPSC-2017-GS1-Q099,2017,99,Indian Polity,Polity & Governance,Union & State Executive,moderate,Single-answer,0,False,False,False,20,4,c,True,False,,713cd710833ae346,UPSC official previous-question-paper archive,2017 source date <= PYQ year,,,,,UNVERIFIED,,,NOT DISCLOSED BY UPSC,No primary-source attribution entered without proposition-level evidence from a dated source published no later than the PYQ year.,,Inventory + analytical metadata complete; primary-source verification pending,BLOCKED_UNTIL_SOURCE_QA
UPSC-2017-GS1-Q100,2017,100,Indian Polity,Polity & Governance,Federalism & Centre–State Relations,easy,Single-answer,0,True,False,False,13,4,d,True,False,,943fedda82fb8ec0,UPSC official previous-question-paper archive,2017 source date <= PYQ year,,,,,UNVERIFIED,,,NOT DISCLOSED BY UPSC,No primary-source attribution entered without proposition-level evidence from a dated source published no later than the PYQ year.,,Inventory + analytical metadata complete; primary-source verification pending,BLOCKED_UNTIL_SOURCE_QA
UPSC-2018-GS1-Q001,2018,1,Indian Polity,Polity & Governance,Parliament & State Legislatures,moderate,Multi-statement,3,True,False,False,76,4,b,True,False,,98f8998814099bb0,UPSC official previous-question-paper archive,2018 source date <= PYQ year,,,,,UNVERIFIED,,,NOT DISCLOSED BY UPSC,No primary-source attribution entered without proposition-level evidence from a dated source published no later than the PYQ year.,,Inventory + analytical metadata complete; primary-source verification pending,BLOCKED_UNTIL_SOURCE_QA
UPSC-2018-GS1-Q002,2018,2,Environment & Ecology,Environment & Ecology,Ecosystems & Ecology Concepts,easy,Multi-statement,3,False,False,False,39,4,d,True,False,,0cccf1bc0f7596d8,UPSC official previous-question-paper archive,2018 source date <= PYQ year,,,,,UNVERIFIED,,,NOT DISCLOSED BY UPSC,No primary-source attribution entered without proposition-level evidence from a dated source published no later than the PYQ year.,,Inventory + analytical metadata complete; primary-source verification pending,BLOCKED_UNTIL_SOURCE_QA
UPSC-2018-GS1-Q003,2018,3,Indian Economy,Economy,Agriculture & Rural Development,difficult,Multi-statement,3,False,False,False,81,4,c,True,False,,a7a5037b6458a932,UPSC official previous-question-paper archive,2018 source date <= PYQ year,,,,,UNVERIFIED,,,NOT DISCLOSED BY UPSC,No primary-source attribution entered without proposition-level evidence from a dated source published no later than the PYQ year.,,Inventory + analytical metadata complete; primary-source verification pending,BLOCKED_UNTIL_SOURCE_QA
UPSC-2018-GS1-Q004,2018,4,Environment & Ecology,Environment & Ecology,Environmental Governance & Legislation,moderate,Multi-statement,2,False,False,False,84,4,b,True,False,,d195cdc9b2b30043,UPSC official previous-question-paper archive,2018 source date <= PYQ year,,,,,UNVERIFIED,,,NOT DISCLOSED BY UPSC,No primary-source attribution entered without proposition-level evidence from a dated source published no later than the PYQ year.,,Inventory + analytical metadata complete; primary-source verification pending,BLOCKED_UNTIL_SOURCE_QA
UPSC-2018-GS1-Q005,2018,5,Indian Polity,Polity & Governance,Constitutional Framework & Development,moderate,Multi-statement,2,False,False,False,58,4,a,True,False,,097c498a59191292,UPSC official previous-question-paper archive,2018 source date <= PYQ year,,,,,UNVERIFIED,,,NOT DISCLOSED BY UPSC,No primary-source attribution entered without proposition-level evidence from a dated source published no later than the PYQ year.,,Inventory + analytical metadata complete; primary-source verification pending,BLOCKED_UNTIL_SOURCE_QA
UPSC-2018-GS1-Q006,2018,6,Indian Economy,Economy,Digital Payments & Financial Inclusion,easy,Single-answer,0,False,False,False,17,4,c,True,False,,8bfd9b591d218f6d,UPSC official previous-question-paper archive,2018 source date <= PYQ year,,,,,UNVERIFIED,,,NOT DISCLOSED BY UPSC,No primary-source attribution entered without proposition-level evidence from a dated source published no later than the PYQ year.,,Inventory + analytical metadata complete; primary-source verification pending,BLOCKED_UNTIL_SOURCE_QA
UPSC-2018-GS1-Q007,2018,7,Science & Technology,Science & Technology,Energy & Environment,moderate,Multi-statement,2,False,False,False,54,4,a,True,False,,6c5968f82e526926,UPSC official previous-question-paper archive,2018 source date <= PYQ year,,,,,UNVERIFIED,,,NOT DISCLOSED BY UPSC,No primary-source attribution entered without proposition-level evidence from a dated source published no later than the PYQ year.,,Inventory + analytical metadata complete; primary-source verification pending,BLOCKED_UNTIL_SOURCE_QA
UPSC-2018-GS1-Q008,2018,8,Indian Economy,Economy,Taxation,moderate,Multi-statement,2,False,False,False,74,4,d,True,False,,0747398795ee8064,UPSC official previous-question-paper archive,2018 source date <= PYQ year,,,,,UNVERIFIED,,,NOT DISCLOSED BY UPSC,No primary-source attribution entered without proposition-level evidence from a dated source published no later than the PYQ year.,,Inventory + analytical metadata complete; primary-source verification pending,BLOCKED_UNTIL_SOURCE_QA
UPSC-2018-GS1-Q009,2018,9,Indian Economy,Economy,Fiscal Policy & Budget,difficult,Multi-statement,3,False,False,False,109,4,c,True,False,,12a5d353afeda51e,UPSC official previous-question-paper archive,2018 source date <= PYQ year,,,,,UNVERIFIED,,,NOT DISCLOSED BY UPSC,No primary-source attribution entered without proposition-level evidence from a dated source published no later than the PYQ year.,,Inventory + analytical metadata complete; primary-source verification pending,BLOCKED_UNTIL_SOURCE_QA
UPSC-2018-GS1-Q010,2018,10,Indian Economy,Economy,Agriculture & Rural Development,moderate,Multi-statement,2,True,False,False,54,4,a,True,False,,6852055f66a3a16a,UPSC official previous-question-paper archive,2018 source date <= PYQ year,,,,,UNVERIFIED,,,NOT DISCLOSED BY UPSC,No primary-source attribution entered without proposition-level evidence from a dated source published no later than the PYQ year.,,Inventory + analytical metadata complete; primary-source verification pending,BLOCKED_UNTIL_SOURCE_QA
UPSC-2018-GS1-Q011,2018,11,Modern History,History,Key Personalities & Ideologies,easy,Single-answer,0,False,False,False,25,4,c,True,False,,afe124c6f88eee2b,UPSC official previous-question-paper archive,2018 source date <= PYQ year,,,,,UNVERIFIED,,,NOT DISCLOSED BY UPSC,No primary-source attribution entered without proposition-level evidence from a dated source published no later than the PYQ year.,,Inventory + analytical metadata complete; primary-source verification pending,BLOCKED_UNTIL_SOURCE_QA
UPSC-2018-GS1-Q012,2018,12,Indian Polity,Polity & Governance,Constitutional & Statutory Bodies,moderate,Multi-statement,2,False,False,False,41,4,d,True,False,,7a7f10d01606f52d,UPSC official previous-question-paper archive,2018 source date <= PYQ year,,,,,UNVERIFIED,,,NOT DISCLOSED BY UPSC,No primary-source attribution entered without proposition-level evidence from a dated source published no later than the PYQ year.,,Inventory + analytical metadata complete; primary-source verification pending,BLOCKED_UNTIL_SOURCE_QA
UPSC-2018-GS1-Q013,2018,13,Geography,Geography,World Physical Geography,easy,Multi-statement,3,False,False,True,36,4,a,True,False,,7bd1d757c2d5d418,UPSC official previous-question-paper archive,2018 source date <= PYQ year,,,,,UNVERIFIED,,,NOT DISCLOSED BY UPSC,No primary-source attribution entered without proposition-level evidence from a dated source published no later than the PYQ year.,,Inventory + analytical metadata complete; primary-source verification pending,BLOCKED_UNTIL_SOURCE_QA
UPSC-2018-GS1-Q014,2018,14,Current Affairs,Current Affairs,International Organisations & Groupings,easy,Single-answer,0,False,True,False,12,4,d,True,False,,c5e3a2a4cd73b708,UPSC official previous-question-paper archive,2018 source date <= PYQ year,,,,,UNVERIFIED,,,NOT DISCLOSED BY UPSC,No primary-source attribution entered without proposition-level evidence from a dated source published no later than the PYQ year.,,Inventory + analytical metadata complete; primary-source verification pending,BLOCKED_UNTIL_SOURCE_QA
UPSC-2018-GS1-Q015,2018,15,Indian Economy,Economy,Digital Payments & Financial Inclusion,easy,Single-answer,0,False,False,False,12,4,c,True,False,,eea62db899ac582d,UPSC official previous-question-paper archive,2018 source date <= PYQ year,,,,,UNVERIFIED,,,NOT DISCLOSED BY UPSC,No primary-source attribution entered without proposition-level evidence from a dated source published no later than the PYQ year.,,Inventory + analytical metadata complete; primary-source verification pending,BLOCKED_UNTIL_SOURCE_QA
UPSC-2018-GS1-Q016,2018,16,Indian Economy,Economy,Banking & Financial Sector,moderate,Multi-statement,2,False,False,False,56,4,a,True,False,,ddafe0ffb416086f,UPSC official previous-question-paper archive,2018 source date <= PYQ year,,,,,UNVERIFIED,,,NOT DISCLOSED BY UPSC,No primary-source attribution entered without proposition-level evidence from a dated source published no later than the PYQ year.,,Inventory + analytical metadata complete; primary-source verification pending,BLOCKED_UNTIL_SOURCE_QA
UPSC-2018-GS1-Q017,2018,17,Science & Technology,Science & Technology,Computer & Information Technology,moderate,Multi-statement,2,False,False,False,40,4,c,True,False,,2d757008261f3682,UPSC official previous-question-paper archive,2018 source date <= PYQ year,,,,,UNVERIFIED,,,NOT DISCLOSED BY UPSC,No primary-source attribution entered without proposition-level evidence from a dated source published no later than the PYQ year.,,Inventory + analytical metadata complete; primary-source verification pending,BLOCKED_UNTIL_SOURCE_QA
UPSC-2018-GS1-Q018,2018,18,Current Affairs,Current Affairs,Disasters & Humanitarian Issues,easy,Single-answer,0,False,True,True,28,4,d,True,False,,dffc3f785aef4a37,UPSC official previous-question-paper archive,2018 source date <= PYQ year,,,,,UNVERIFIED,,,NOT DISCLOSED BY UPSC,No primary-source attribution entered without proposition-level evidence from a dated source published no later than the PYQ year.,,Inventory + analytical metadata complete; primary-source verification pending,BLOCKED_UNTIL_SOURCE_QA
UPSC-2018-GS1-Q019,2018,19,Modern History,History,British Administration & Economic Policies,moderate,Multi-statement,3,False,False,False,46,4,a,True,False,,aa13cc7ed8df2971,UPSC official previous-question-paper archive,2018 source date <= PYQ year,,,,,UNVERIFIED,,,NOT DISCLOSED BY UPSC,No primary-source attribution entered without proposition-level evidence from a dated source published no later than the PYQ year.,,Inventory + analytical metadata complete; primary-source verification pending,BLOCKED_UNTIL_SOURCE_QA
UPSC-2018-GS1-Q020,2018,20,Indian Polity,Polity & Governance,Parliament & State Legislatures,moderate,Single-answer,0,False,False,False,52,4,b,True,False,,2558532a4c817a87,UPSC official previous-question-paper archive,2018 source date <= PYQ year,,,,,UNVERIFIED,,,NOT DISCLOSED BY UPSC,No primary-source attribution entered without proposition-level evidence from a dated source published no later than the PYQ year.,,Inventory + analytical metadata complete; primary-source verification pending,BLOCKED_UNTIL_SOURCE_QA
UPSC-2018-GS1-Q021,2018,21,Indian Polity,Polity & Governance,Social Justice & Vulnerable Sections,moderate,Multi-statement,3,False,False,False,101,4,b,True,False,,2c50e9706457095c,UPSC official previous-question-paper archive,2018 source date <= PYQ year,,,,,UNVERIFIED,,,NOT DISCLOSED BY UPSC,No primary-source attribution entered without proposition-level evidence from a dated source published no later than the PYQ year.,,Inventory + analytical metadata complete; primary-source verification pending,BLOCKED_UNTIL_SOURCE_QA
UPSC-2018-GS1-Q022,2018,22,Art & Culture,Art & Culture,"Festivals, Crafts & Folk Traditions",moderate,Multi-statement,3,False,False,False,34,4,b,True,False,,ae403654021a9cca,UPSC official previous-question-paper archive,2018 source date <= PYQ year,,,,,UNVERIFIED,,,NOT DISCLOSED BY UPSC,No primary-source attribution entered without proposition-level evidence from a dated source published no later than the PYQ year.,,Inventory + analytical metadata complete; primary-source verification pending,BLOCKED_UNTIL_SOURCE_QA
UPSC-2018-GS1-Q023,2018,23,Governance,Polity & Governance,Food Safety,easy,Multi-statement,2,False,False,False,59,4,a,True,False,,52507dccd5d56ff6,UPSC official previous-question-paper archive,2018 source date <= PYQ year,,,,,UNVERIFIED,,,NOT DISCLOSED BY UPSC,No primary-source attribution entered without proposition-level evidence from a dated source published no later than the PYQ year.,,Inventory + analytical metadata complete; primary-source verification pending,BLOCKED_UNTIL_SOURCE_QA
UPSC-2018-GS1-Q024,2018,24,Current Affairs,Current Affairs,International Conflicts & Security,easy,Single-answer,0,False,True,True,17,4,b,True,False,,120e665ce7c44555,UPSC official previous-question-paper archive,2018 source date <= PYQ year,,,,,UNVERIFIED,,,NOT DISCLOSED BY UPSC,No primary-source attribution entered without proposition-level evidence from a dated source published no later than the PYQ year.,,Inventory + analytical metadata complete; primary-source verification pending,BLOCKED_UNTIL_SOURCE_QA
UPSC-2018-GS1-Q025,2018,25,Indian Economy,Economy,"Human Development, Poverty & Employment Schemes",moderate,Multi-statement,3,False,False,False,100,4,b,True,False,,725a45b3e4cf6539,UPSC official previous-question-paper archive,2018 source date <= PYQ year,,,,,UNVERIFIED,,,NOT DISCLOSED BY UPSC,No primary-source attribution entered without proposition-level evidence from a dated source published no later than the PYQ year.,,Inventory + analytical metadata complete; primary-source verification pending,BLOCKED_UNTIL_SOURCE_QA
UPSC-2018-GS1-Q026,2018,26,Indian Economy,Economy,International Trade & WTO,easy,Single-answer,0,False,False,False,20,4,d,True,False,,aac0e5e1848ba53e,UPSC official previous-question-paper archive,2018 source date <= PYQ year,,,,,UNVERIFIED,,,NOT DISCLOSED BY UPSC,No primary-source attribution entered without proposition-level evidence from a dated source published no later than the PYQ year.,,Inventory + analytical metadata complete; primary-source verification pending,BLOCKED_UNTIL_SOURCE_QA
UPSC-2018-GS1-Q027,2018,27,Geography,Geography,Economic & Mineral Geography,moderate,Multi-statement,3,True,False,False,44,4,d,True,False,,be9c93aa2c8be1c1,UPSC official previous-question-paper archive,2018 source date <= PYQ year,,,,,UNVERIFIED,,,NOT DISCLOSED BY UPSC,No primary-source attribution entered without proposition-level evidence from a dated source published no later than the PYQ year.,,Inventory + analytical metadata complete; primary-source verification pending,BLOCKED_UNTIL_SOURCE_QA
UPSC-2018-GS1-Q028,2018,28,Science & Technology,Science & Technology,Computer & Information Technology,moderate,Multi-statement,2,False,False,False,54,4,a,True,False,,f0359ed9e680290e,UPSC official previous-question-paper archive,2018 source date <= PYQ year,,,,,UNVERIFIED,,,NOT DISCLOSED BY UPSC,No primary-source attribution entered without proposition-level evidence from a dated source published no later than the PYQ year.,,Inventory + analytical metadata complete; primary-source verification pending,BLOCKED_UNTIL_SOURCE_QA
UPSC-2018-GS1-Q029,2018,29,Geography,Geography,Cartography & Map Skills,easy,Single-answer,0,False,False,False,16,4,a,True,False,,9034382743ebd8c8,UPSC official previous-question-paper archive,2018 source date <= PYQ year,,,,,UNVERIFIED,,,NOT DISCLOSED BY UPSC,No primary-source attribution entered without proposition-level evidence from a dated source published no later than the PYQ year.,,Inventory + analytical metadata complete; primary-source verification pending,BLOCKED_UNTIL_SOURCE_QA
UPSC-2018-GS1-Q030,2018,30,Indian Economy,Economy,"Human Development, Poverty & Employment Schemes",easy,Single-answer,0,False,False,False,10,4,a,True,False,,2100ed02ad11a399,UPSC official previous-question-paper archive,2018 source date <= PYQ year,,,,,UNVERIFIED,,,NOT DISCLOSED BY UPSC,No primary-source attribution entered without proposition-level evidence from a dated source published no later than the PYQ year.,,Inventory + analytical metadata complete; primary-source verification pending,BLOCKED_UNTIL_SOURCE_QA
UPSC-2018-GS1-Q031,2018,31,Indian Polity,Polity & Governance,Parliament & State Legislatures,moderate,Single-answer,0,True,False,False,12,4,c,True,False,,fd8068e5a30c0482,UPSC official previous-question-paper archive,2018 source date <= PYQ year,,,,,UNVERIFIED,,,NOT DISCLOSED BY UPSC,No primary-source attribution entered without proposition-level evidence from a dated source published no later than the PYQ year.,,Inventory + analytical metadata complete; primary-source verification pending,BLOCKED_UNTIL_SOURCE_QA
UPSC-2018-GS1-Q032,2018,32,Indian Polity,Polity & Governance,Union & State Executive,moderate,Multi-statement,2,False,False,False,64,4,a,True,False,,5d256ba3fea1736a,UPSC official previous-question-paper archive,2018 source date <= PYQ year,,,,,UNVERIFIED,,,NOT DISCLOSED BY UPSC,No primary-source attribution entered without proposition-level evidence from a dated source published no later than the PYQ year.,,Inventory + analytical metadata complete; primary-source verification pending,BLOCKED_UNTIL_SOURCE_QA
UPSC-2018-GS1-Q033,2018,33,Science & Technology,Science & Technology,Energy & Environment,moderate,Single-answer,0,False,False,False,21,4,a,True,False,,5d3bb5aee5e95fb6,UPSC official previous-question-paper archive,2018 source date <= PYQ year,,,,,UNVERIFIED,,,NOT DISCLOSED BY UPSC,No primary-source attribution entered without proposition-level evidence from a dated source published no later than the PYQ year.,,Inventory + analytical metadata complete; primary-source verification pending,BLOCKED_UNTIL_SOURCE_QA
UPSC-2018-GS1-Q034,2018,34,Indian Economy,Economy,International Trade & WTO,moderate,Multi-statement,5,False,False,False,29,4,c,True,False,,0279021545373549,UPSC official previous-question-paper archive,2018 source date <= PYQ year,,,,,UNVERIFIED,,,NOT DISCLOSED BY UPSC,No primary-source attribution entered without proposition-level evidence from a dated source published no later than the PYQ year.,,Inventory + analytical metadata complete; primary-source verification pending,BLOCKED_UNTIL_SOURCE_QA
UPSC-2018-GS1-Q035,2018,35,Environment & Ecology,Environment & Ecology,Sustainable Agriculture & Forestry,moderate,Multi-statement,3,True,False,False,61,4,b,True,False,,eb3b5b400d9d7cd0,UPSC official previous-question-paper archive,2018 source date <= PYQ year,,,,,UNVERIFIED,,,NOT DISCLOSED BY UPSC,No primary-source attribution entered without proposition-level evidence from a dated source published no later than the PYQ year.,,Inventory + analytical metadata complete; primary-source verification pending,BLOCKED_UNTIL_SOURCE_QA
UPSC-2018-GS1-Q036,2018,36,Current Affairs,Current Affairs,Indian Government Schemes & Initiatives,moderate,Multi-statement,3,False,True,False,85,4,b,True,False,,ce2644b7cd12b82d,UPSC official previous-question-paper archive,2018 source date <= PYQ year,,,,,UNVERIFIED,,,NOT DISCLOSED BY UPSC,No primary-source attribution entered without proposition-level evidence from a dated source published no later than the PYQ year.,,Inventory + analytical metadata complete; primary-source verification pending,BLOCKED_UNTIL_SOURCE_QA
UPSC-2018-GS1-Q037,2018,37,Geography,Geography,World Political Geography & Borders,easy,Match/Pair,4,False,False,False,37,4,b,True,False,,050c47642d28a8bb,UPSC official previous-question-paper archive,2018 source date <= PYQ year,,,,,UNVERIFIED,,,NOT DISCLOSED BY UPSC,No primary-source attribution entered without proposition-level evidence from a dated source published no later than the PYQ year.,,Inventory + analytical metadata complete; primary-source verification pending,BLOCKED_UNTIL_SOURCE_QA
UPSC-2018-GS1-Q038,2018,38,Modern History,History,Constitutional Developments & British Plans (1909-1947),easy,Single-answer,0,False,False,False,18,4,b,True,False,,a848fe66c81a711e,UPSC official previous-question-paper archive,2018 source date <= PYQ year,,,,,UNVERIFIED,,,NOT DISCLOSED BY UPSC,No primary-source attribution entered without proposition-level evidence from a dated source published no later than the PYQ year.,,Inventory + analytical metadata complete; primary-source verification pending,BLOCKED_UNTIL_SOURCE_QA
UPSC-2018-GS1-Q039,2018,39,Indian Polity,Polity & Governance,Parliament & State Legislatures,easy,Multi-statement,2,False,False,False,49,4,a,True,False,,a5e0a9a066c035b1,UPSC official previous-question-paper archive,2018 source date <= PYQ year,,,,,UNVERIFIED,,,NOT DISCLOSED BY UPSC,No primary-source attribution entered without proposition-level evidence from a dated source published no later than the PYQ year.,,Inventory + analytical metadata complete; primary-source verification pending,BLOCKED_UNTIL_SOURCE_QA
UPSC-2018-GS1-Q040,2018,40,Indian Polity,Polity & Governance,Political Theory & Concepts,moderate,Single-answer,0,False,False,False,15,4,b,True,False,,926a6e6e0f814b98,UPSC official previous-question-paper archive,2018 source date <= PYQ year,,,,,UNVERIFIED,,,NOT DISCLOSED BY UPSC,No primary-source attribution entered without proposition-level evidence from a dated source published no later than the PYQ year.,,Inventory + analytical metadata complete; primary-source verification pending,BLOCKED_UNTIL_SOURCE_QA
UPSC-2018-GS1-Q041,2018,41,Indian Polity,Polity & Governance,Union & State Executive,moderate,Multi-statement,2,True,False,False,55,4,c,True,False,,86d4959fddd806a1,UPSC official previous-question-paper archive,2018 source date <= PYQ year,,,,,UNVERIFIED,,,NOT DISCLOSED BY UPSC,No primary-source attribution entered without proposition-level evidence from a dated source published no later than the PYQ year.,,Inventory + analytical metadata complete; primary-source verification pending,BLOCKED_UNTIL_SOURCE_QA
UPSC-2018-GS1-Q042,2018,42,Art & Culture,Art & Culture,Painting & Visual Arts,easy,Single-answer,0,False,False,False,8,4,d,True,False,,71e461567cd38cfe,UPSC official previous-question-paper archive,2018 source date <= PYQ year,,,,,UNVERIFIED,,,NOT DISCLOSED BY UPSC,No primary-source attribution entered without proposition-level evidence from a dated source published no later than the PYQ year.,,Inventory + analytical metadata complete; primary-source verification pending,BLOCKED_UNTIL_SOURCE_QA
UPSC-2018-GS1-Q043,2018,43,Science & Technology,Science & Technology,Defence Technology,easy,Single-answer,0,False,False,True,14,4,c,True,False,,b553f60d71804271,UPSC official previous-question-paper archive,2018 source date <= PYQ year,,,,,UNVERIFIED,,,NOT DISCLOSED BY UPSC,No primary-source attribution entered without proposition-level evidence from a dated source published no later than the PYQ year.,,Inventory + analytical metadata complete; primary-source verification pending,BLOCKED_UNTIL_SOURCE_QA
UPSC-2018-GS1-Q044,2018,44,Art & Culture,Art & Culture,Music,difficult,Multi-statement,4,False,False,False,58,4,b,True,False,,9584fb7889dc0458,UPSC official previous-question-paper archive,2018 source date <= PYQ year,,,,,UNVERIFIED,,,NOT DISCLOSED BY UPSC,No primary-source attribution entered without proposition-level evidence from a dated source published no later than the PYQ year.,,Inventory + analytical metadata complete; primary-source verification pending,BLOCKED_UNTIL_SOURCE_QA
UPSC-2018-GS1-Q045,2018,45,Indian Polity,Polity & Governance,Political Theory & Concepts,moderate,Multi-statement,4,False,False,False,45,4,c,True,False,,7d05706380b66cac,UPSC official previous-question-paper archive,2018 source date <= PYQ year,,,,,UNVERIFIED,,,NOT DISCLOSED BY UPSC,No primary-source attribution entered without proposition-level evidence from a dated source published no later than the PYQ year.,,Inventory + analytical metadata complete; primary-source verification pending,BLOCKED_UNTIL_SOURCE_QA
UPSC-2018-GS1-Q046,2018,46,Economy,Economy,Money and Banking,easy,Single-answer,0,False,False,False,15,4,b,True,False,,4ca5c4be0c4cc918,UPSC official previous-question-paper archive,2018 source date <= PYQ year,,,,,UNVERIFIED,,,NOT DISCLOSED BY UPSC,No primary-source attribution entered without proposition-level evidence from a dated source published no later than the PYQ year.,,Inventory + analytical metadata complete; primary-source verification pending,BLOCKED_UNTIL_SOURCE_QA
UPSC-2018-GS1-Q047,2018,47,Indian Economy,Economy,National Income & Economic Growth,moderate,Single-answer,0,False,False,False,13,4,c,True,False,,84b1ed28b8252cac,UPSC official previous-question-paper archive,2018 source date <= PYQ year,,,,,UNVERIFIED,,,NOT DISCLOSED BY UPSC,No primary-source attribution entered without proposition-level evidence from a dated source published no later than the PYQ year.,,Inventory + analytical metadata complete; primary-source verification pending,BLOCKED_UNTIL_SOURCE_QA
UPSC-2018-GS1-Q048,2018,48,Indian Economy,Economy,National Income & Economic Growth,moderate,Single-answer,0,True,False,False,18,4,c,True,False,,cddddb4c5c308cea,UPSC official previous-question-paper archive,2018 source date <= PYQ year,,,,,UNVERIFIED,,,NOT DISCLOSED BY UPSC,No primary-source attribution entered without proposition-level evidence from a dated source published no later than the PYQ year.,,Inventory + analytical metadata complete; primary-source verification pending,BLOCKED_UNTIL_SOURCE_QA
UPSC-2018-GS1-Q049,2018,49,Indian Economy,Economy,"Human Development, Poverty & Employment Schemes",moderate,Multi-statement,4,False,False,False,63,4,c,True,False,,65b6e2ae8628fb7f,UPSC official previous-question-paper archive,2018 source date <= PYQ year,,,,,UNVERIFIED,,,NOT DISCLOSED BY UPSC,No primary-source attribution entered without proposition-level evidence from a dated source published no later than the PYQ year.,,Inventory + analytical metadata complete; primary-source verification pending,BLOCKED_UNTIL_SOURCE_QA
UPSC-2018-GS1-Q050,2018,50,Indian Economy,Economy,National Income & Economic Growth,easy,Single-answer,0,True,False,False,18,4,d,True,False,,3a526107bc9a08d4,UPSC official previous-question-paper archive,2018 source date <= PYQ year,,,,,UNVERIFIED,,,NOT DISCLOSED BY UPSC,No primary-source attribution entered without proposition-level evidence from a dated source published no later than the PYQ year.,,Inventory + analytical metadata complete; primary-source verification pending,BLOCKED_UNTIL_SOURCE_QA
UPSC-2018-GS1-Q051,2018,51,Modern History,History,"Peasant, Tribal & Labour Movements",moderate,Single-answer,2,False,False,False,46,4,c,True,False,,f324a2e252df0373,UPSC official previous-question-paper archive,2018 source date <= PYQ year,,,,,UNVERIFIED,,,NOT DISCLOSED BY UPSC,No primary-source attribution entered without proposition-level evidence from a dated source published no later than the PYQ year.,,Inventory + analytical metadata complete; primary-source verification pending,BLOCKED_UNTIL_SOURCE_QA
UPSC-2018-GS1-Q052,2018,52,Modern History,History,British Administration & Economic Policies,easy,Single-answer,0,False,False,False,17,4,c,True,False,,639b87f9f2652002,UPSC official previous-question-paper archive,2018 source date <= PYQ year,,,,,UNVERIFIED,,,NOT DISCLOSED BY UPSC,No primary-source attribution entered without proposition-level evidence from a dated source published no later than the PYQ year.,,Inventory + analytical metadata complete; primary-source verification pending,BLOCKED_UNTIL_SOURCE_QA
UPSC-2018-GS1-Q053,2018,53,Indian Polity,Polity & Governance,Emergency Provisions,moderate,Single-answer,0,False,False,False,23,4,b,True,False,,e02b24051321d4ea,UPSC official previous-question-paper archive,2018 source date <= PYQ year,,,,,UNVERIFIED,,,NOT DISCLOSED BY UPSC,No primary-source attribution entered without proposition-level evidence from a dated source published no later than the PYQ year.,,Inventory + analytical metadata complete; primary-source verification pending,BLOCKED_UNTIL_SOURCE_QA
UPSC-2018-GS1-Q054,2018,54,Art & Culture,Art & Culture,"Festivals, Crafts & Folk Traditions",moderate,Multi-statement,3,False,False,False,34,4,a,True,False,,80a3cbc344b62eb6,UPSC official previous-question-paper archive,2018 source date <= PYQ year,,,,,UNVERIFIED,,,NOT DISCLOSED BY UPSC,No primary-source attribution entered without proposition-level evidence from a dated source published no later than the PYQ year.,,Inventory + analytical metadata complete; primary-source verification pending,BLOCKED_UNTIL_SOURCE_QA
UPSC-2018-GS1-Q055,2018,55,Science,Science & Technology,Technology,easy,Multi-statement,3,False,False,False,34,4,d,True,False,,7c54c2b3136d5af9,UPSC official previous-question-paper archive,2018 source date <= PYQ year,,,,,UNVERIFIED,,,NOT DISCLOSED BY UPSC,No primary-source attribution entered without proposition-level evidence from a dated source published no later than the PYQ year.,,Inventory + analytical metadata complete; primary-source verification pending,BLOCKED_UNTIL_SOURCE_QA
UPSC-2018-GS1-Q056,2018,56,Indian Economy,Economy,Financial Markets & Capital Markets,moderate,Multi-statement,3,True,False,False,67,4,c,True,False,,862f25c7a0cea717,UPSC official previous-question-paper archive,2018 source date <= PYQ year,,,,,UNVERIFIED,,,NOT DISCLOSED BY UPSC,No primary-source attribution entered without proposition-level evidence from a dated source published no later than the PYQ year.,,Inventory + analytical metadata complete; primary-source verification pending,BLOCKED_UNTIL_SOURCE_QA
UPSC-2018-GS1-Q057,2018,57,Geography,Geography,Astronomy & Earth–Sun System,moderate,Multi-statement,3,False,False,False,59,4,c,True,False,,2c642c4bd9e74c0c,UPSC official previous-question-paper archive,2018 source date <= PYQ year,,,,,UNVERIFIED,,,NOT DISCLOSED BY UPSC,No primary-source attribution entered without proposition-level evidence from a dated source published no later than the PYQ year.,,Inventory + analytical metadata complete; primary-source verification pending,BLOCKED_UNTIL_SOURCE_QA
UPSC-2018-GS1-Q058,2018,58,Science & Technology,Science & Technology,Computer & Information Technology,easy,Single-answer,0,False,False,True,15,4,c,True,False,,40002ad389cfb282,UPSC official previous-question-paper archive,2018 source date <= PYQ year,,,,,UNVERIFIED,,,NOT DISCLOSED BY UPSC,No primary-source attribution entered without proposition-level evidence from a dated source published no later than the PYQ year.,,Inventory + analytical metadata complete; primary-source verification pending,BLOCKED_UNTIL_SOURCE_QA
UPSC-2018-GS1-Q059,2018,59,Environment & Ecology,Environment & Ecology,Sustainable Agriculture & Forestry,moderate,Multi-statement,5,False,False,False,67,4,c,True,False,,bd0688c70f3b77dd,UPSC official previous-question-paper archive,2018 source date <= PYQ year,,,,,UNVERIFIED,,,NOT DISCLOSED BY UPSC,No primary-source attribution entered without proposition-level evidence from a dated source published no later than the PYQ year.,,Inventory + analytical metadata complete; primary-source verification pending,BLOCKED_UNTIL_SOURCE_QA
UPSC-2018-GS1-Q060,2018,60,Environment & Ecology,Environment & Ecology,Biodiversity & Conservation,moderate,Single-answer,0,False,False,True,19,4,d,True,False,,55ddb42d038fd670,UPSC official previous-question-paper archive,2018 source date <= PYQ year,,,,,UNVERIFIED,,,NOT DISCLOSED BY UPSC,No primary-source attribution entered without proposition-level evidence from a dated source published no later than the PYQ year.,,Inventory + analytical metadata complete; primary-source verification pending,BLOCKED_UNTIL_SOURCE_QA
UPSC-2018-GS1-Q061,2018,61,Science & Technology,Science & Technology,Space Technology & Astronomy,moderate,Multi-statement,2,False,False,False,28,4,a,True,False,SOURCE_BLANKED_FIELDS,543347d35e693b9c,UPSC official previous-question-paper archive,2018 source date <= PYQ year,,,,,UNVERIFIED,,,NOT DISCLOSED BY UPSC,No primary-source attribution entered without proposition-level evidence from a dated source published no later than the PYQ year.,,Inventory + analytical metadata complete; primary-source verification pending,BLOCKED_UNTIL_SOURCE_QA
UPSC-2018-GS1-Q062,2018,62,Science & Technology,Science & Technology,Physics,moderate,Multi-statement,2,False,False,False,27,4,d,True,False,SOURCE_BLANKED_FIELDS,936090761c24481d,UPSC official previous-question-paper archive,2018 source date <= PYQ year,,,,,UNVERIFIED,,,NOT DISCLOSED BY UPSC,No primary-source attribution entered without proposition-level evidence from a dated source published no later than the PYQ year.,,Inventory + analytical metadata complete; primary-source verification pending,BLOCKED_UNTIL_SOURCE_QA
UPSC-2018-GS1-Q063,2018,63,Science & Technology,Science & Technology,Biotechnology & Genetics,moderate,Multi-statement,2,False,False,False,36,4,b,True,False,,017fe597c420932e,UPSC official previous-question-paper archive,2018 source date <= PYQ year,,,,,UNVERIFIED,,,NOT DISCLOSED BY UPSC,No primary-source attribution entered without proposition-level evidence from a dated source published no later than the PYQ year.,,Inventory + analytical metadata complete; primary-source verification pending,BLOCKED_UNTIL_SOURCE_QA
UPSC-2018-GS1-Q064,2018,64,Science & Technology,Science & Technology,Computer & Information Technology,moderate,Match/Pair,2,False,False,False,23,4,b,True,False,SOURCE_BLANKED_FIELDS,3f713b690cc0e321,UPSC official previous-question-paper archive,2018 source date <= PYQ year,,,,,UNVERIFIED,,,NOT DISCLOSED BY UPSC,No primary-source attribution entered without proposition-level evidence from a dated source published no later than the PYQ year.,,Inventory + analytical metadata complete; primary-source verification pending,BLOCKED_UNTIL_SOURCE_QA
UPSC-2018-GS1-Q065,2018,65,Environment & Ecology,Environment & Ecology,Climate Change & Greenhouse Gases,easy,Single-answer,0,False,False,False,10,4,a,True,False,,93335d18bf017665,UPSC official previous-question-paper archive,2018 source date <= PYQ year,,,,,UNVERIFIED,,,NOT DISCLOSED BY UPSC,No primary-source attribution entered without proposition-level evidence from a dated source published no later than the PYQ year.,,Inventory + analytical metadata complete; primary-source verification pending,BLOCKED_UNTIL_SOURCE_QA
UPSC-2018-GS1-Q066,2018,66,Science & Technology,Science & Technology,Computer & Information Technology,easy,Single-answer,0,False,False,False,156,4,b,True,False,,04ec56b5c91f12a2,UPSC official previous-question-paper archive,2018 source date <= PYQ year,,,,,UNVERIFIED,,,NOT DISCLOSED BY UPSC,No primary-source attribution entered without proposition-level evidence from a dated source published no later than the PYQ year.,,Inventory + analytical metadata complete; primary-source verification pending,BLOCKED_UNTIL_SOURCE_QA
UPSC-2018-GS1-Q067,2018,67,Science & Technology,Science & Technology,Energy & Environment,moderate,Multi-statement,2,False,False,False,25,4,d,True,False,,e4e2b2f98cac000d,UPSC official previous-question-paper archive,2018 source date <= PYQ year,,,,,UNVERIFIED,,,NOT DISCLOSED BY UPSC,No primary-source attribution entered without proposition-level evidence from a dated source published no later than the PYQ year.,,Inventory + analytical metadata complete; primary-source verification pending,BLOCKED_UNTIL_SOURCE_QA
UPSC-2018-GS1-Q068,2018,68,Modern History,History,British Administration & Economic Policies,moderate,Single-answer,0,False,False,False,21,4,d,True,False,,3e3c9dbd9e22555f,UPSC official previous-question-paper archive,2018 source date <= PYQ year,,,,,UNVERIFIED,,,NOT DISCLOSED BY UPSC,No primary-source attribution entered without proposition-level evidence from a dated source published no later than the PYQ year.,,Inventory + analytical metadata complete; primary-source verification pending,BLOCKED_UNTIL_SOURCE_QA
UPSC-2018-GS1-Q069,2018,69,Modern History,History,Gandhian Mass Movements (1915-1942),easy,Single-answer,0,False,False,False,15,4,c,True,False,,05df69bc42293f45,UPSC official previous-question-paper archive,2018 source date <= PYQ year,,,,,UNVERIFIED,,,NOT DISCLOSED BY UPSC,No primary-source attribution entered without proposition-level evidence from a dated source published no later than the PYQ year.,,Inventory + analytical metadata complete; primary-source verification pending,BLOCKED_UNTIL_SOURCE_QA
UPSC-2018-GS1-Q070,2018,70,Modern History,History,Post-Independence India,moderate,Single-answer,0,False,False,False,16,4,d,True,False,,d13f7d06dc236d74,UPSC official previous-question-paper archive,2018 source date <= PYQ year,,,,,UNVERIFIED,,,NOT DISCLOSED BY UPSC,No primary-source attribution entered without proposition-level evidence from a dated source published no later than the PYQ year.,,Inventory + analytical metadata complete; primary-source verification pending,BLOCKED_UNTIL_SOURCE_QA
UPSC-2018-GS1-Q071,2018,71,Art & Culture,Art & Culture,Philosophy & Religion,easy,Single-answer,0,False,False,False,13,4,b,True,False,,5e9010bb7d52a5d2,UPSC official previous-question-paper archive,2018 source date <= PYQ year,,,,,UNVERIFIED,,,NOT DISCLOSED BY UPSC,No primary-source attribution entered without proposition-level evidence from a dated source published no later than the PYQ year.,,Inventory + analytical metadata complete; primary-source verification pending,BLOCKED_UNTIL_SOURCE_QA
UPSC-2018-GS1-Q072,2018,72,Art & Culture,Art & Culture,Architecture & World Heritage,moderate,Multi-statement,1,False,False,False,25,4,d,True,False,,242599d3e00a5e18,UPSC official previous-question-paper archive,2018 source date <= PYQ year,,,,,UNVERIFIED,,,NOT DISCLOSED BY UPSC,No primary-source attribution entered without proposition-level evidence from a dated source published no later than the PYQ year.,,Inventory + analytical metadata complete; primary-source verification pending,BLOCKED_UNTIL_SOURCE_QA
UPSC-2018-GS1-Q073,2018,73,Medieval History,History,Medieval Culture & Historiography,easy,Single-answer,0,False,False,False,17,4,b,True,False,,69f0ba29cd2b6b7f,UPSC official previous-question-paper archive,2018 source date <= PYQ year,,,,,UNVERIFIED,,,NOT DISCLOSED BY UPSC,No primary-source attribution entered without proposition-level evidence from a dated source published no later than the PYQ year.,,Inventory + analytical metadata complete; primary-source verification pending,BLOCKED_UNTIL_SOURCE_QA
UPSC-2018-GS1-Q074,2018,74,Art & Culture,Art & Culture,Philosophy & Religion,easy,Single-answer,0,False,False,False,21,4,c,True,False,,1adbae6468833df7,UPSC official previous-question-paper archive,2018 source date <= PYQ year,,,,,UNVERIFIED,,,NOT DISCLOSED BY UPSC,No primary-source attribution entered without proposition-level evidence from a dated source published no later than the PYQ year.,,Inventory + analytical metadata complete; primary-source verification pending,BLOCKED_UNTIL_SOURCE_QA
UPSC-2018-GS1-Q075,2018,75,Modern History,History,Advent Of Europeans & British Expansion,moderate,Single-answer,0,True,False,False,20,4,c,True,False,,4d1610e77b7959b1,UPSC official previous-question-paper archive,2018 source date <= PYQ year,,,,,UNVERIFIED,,,NOT DISCLOSED BY UPSC,No primary-source attribution entered without proposition-level evidence from a dated source published no later than the PYQ year.,,Inventory + analytical metadata complete; primary-source verification pending,BLOCKED_UNTIL_SOURCE_QA
UPSC-2018-GS1-Q076,2018,76,Modern History,History,British Administration & Economic Policies,moderate,Multi-statement,2,False,False,False,27,4,d,True,False,SOURCE_BLANKED_FIELDS,135cd3a9fcc3df1f,UPSC official previous-question-paper archive,2018 source date <= PYQ year,,,,,UNVERIFIED,,,NOT DISCLOSED BY UPSC,No primary-source attribution entered without proposition-level evidence from a dated source published no later than the PYQ year.,,Inventory + analytical metadata complete; primary-source verification pending,BLOCKED_UNTIL_SOURCE_QA
UPSC-2018-GS1-Q077,2018,77,Geography,Geography,Indian Physical Geography,easy,Single-answer,0,False,False,False,10,4,a,True,False,,413f95c9b37ab3fd,UPSC official previous-question-paper archive,2018 source date <= PYQ year,,,,,UNVERIFIED,,,NOT DISCLOSED BY UPSC,No primary-source attribution entered without proposition-level evidence from a dated source published no later than the PYQ year.,,Inventory + analytical metadata complete; primary-source verification pending,BLOCKED_UNTIL_SOURCE_QA
UPSC-2018-GS1-Q078,2018,78,Current Affairs,Current Affairs,Indian Government Schemes & Initiatives,moderate,Multi-statement,2,False,True,False,30,4,c,True,False,,df5dc429a18d2a9c,UPSC official previous-question-paper archive,2018 source date <= PYQ year,,,,,UNVERIFIED,,,NOT DISCLOSED BY UPSC,No primary-source attribution entered without proposition-level evidence from a dated source published no later than the PYQ year.,,Inventory + analytical metadata complete; primary-source verification pending,BLOCKED_UNTIL_SOURCE_QA
UPSC-2018-GS1-Q079,2018,79,Modern History,History,Gandhian Era & Mass Movements (1919-1947),easy,Single-answer,0,False,False,False,13,4,a,True,False,,a4b9f5e942180894,UPSC official previous-question-paper archive,2018 source date <= PYQ year,,,,,UNVERIFIED,,,NOT DISCLOSED BY UPSC,No primary-source attribution entered without proposition-level evidence from a dated source published no later than the PYQ year.,,Inventory + analytical metadata complete; primary-source verification pending,BLOCKED_UNTIL_SOURCE_QA
UPSC-2018-GS1-Q080,2018,80,Modern History,History,Social & Religious Reform Movements,moderate,Single-answer,0,False,False,False,8,4,b,True,False,,6d27c32a3905ce0b,UPSC official previous-question-paper archive,2018 source date <= PYQ year,,,,,UNVERIFIED,,,NOT DISCLOSED BY UPSC,No primary-source attribution entered without proposition-level evidence from a dated source published no later than the PYQ year.,,Inventory + analytical metadata complete; primary-source verification pending,BLOCKED_UNTIL_SOURCE_QA
UPSC-2018-GS1-Q081,2018,81,Environment & Ecology,Environment & Ecology,Water & Wetland Conservation,moderate,Multi-statement,3,False,False,False,40,4,b,True,False,,dde5c31497658935,UPSC official previous-question-paper archive,2018 source date <= PYQ year,,,,,UNVERIFIED,,,NOT DISCLOSED BY UPSC,No primary-source attribution entered without proposition-level evidence from a dated source published no later than the PYQ year.,,Inventory + analytical metadata complete; primary-source verification pending,BLOCKED_UNTIL_SOURCE_QA
UPSC-2018-GS1-Q082,2018,82,Geography,Geography,Physical Geography & Geomorphology,moderate,Multi-statement,3,True,False,False,61,4,b,True,False,,a28cadd58c328115,UPSC official previous-question-paper archive,2018 source date <= PYQ year,,,,,UNVERIFIED,,,NOT DISCLOSED BY UPSC,No primary-source attribution entered without proposition-level evidence from a dated source published no later than the PYQ year.,,Inventory + analytical metadata complete; primary-source verification pending,BLOCKED_UNTIL_SOURCE_QA
UPSC-2018-GS1-Q083,2018,83,Environment & Ecology,Environment & Ecology,International Environmental Treaties & Summits,easy,Single-answer,0,False,False,False,23,4,b,True,False,,8b5bb5bbce30f122,UPSC official previous-question-paper archive,2018 source date <= PYQ year,,,,,UNVERIFIED,,,NOT DISCLOSED BY UPSC,No primary-source attribution entered without proposition-level evidence from a dated source published no later than the PYQ year.,,Inventory + analytical metadata complete; primary-source verification pending,BLOCKED_UNTIL_SOURCE_QA
UPSC-2018-GS1-Q084,2018,84,Science & Technology,Science & Technology,Materials & Engineering,moderate,Multi-statement,5,False,False,False,40,4,d,True,False,,93ea694b4776bd31,UPSC official previous-question-paper archive,2018 source date <= PYQ year,,,,,UNVERIFIED,,,NOT DISCLOSED BY UPSC,No primary-source attribution entered without proposition-level evidence from a dated source published no later than the PYQ year.,,Inventory + analytical metadata complete; primary-source verification pending,BLOCKED_UNTIL_SOURCE_QA
UPSC-2018-GS1-Q085,2018,85,Geography,Geography,Indian Physical Geography,moderate,Multi-statement,3,False,False,False,58,4,a,True,False,,2223f7a67f06f73b,UPSC official previous-question-paper archive,2018 source date <= PYQ year,,,,,UNVERIFIED,,,NOT DISCLOSED BY UPSC,No primary-source attribution entered without proposition-level evidence from a dated source published no later than the PYQ year.,,Inventory + analytical metadata complete; primary-source verification pending,BLOCKED_UNTIL_SOURCE_QA
UPSC-2018-GS1-Q086,2018,86,Environment & Ecology,Environment & Ecology,Biodiversity & Conservation,easy,Single-answer,0,False,False,False,12,4,b,True,False,,6048624fd58e3605,UPSC official previous-question-paper archive,2018 source date <= PYQ year,,,,,UNVERIFIED,,,NOT DISCLOSED BY UPSC,No primary-source attribution entered without proposition-level evidence from a dated source published no later than the PYQ year.,,Inventory + analytical metadata complete; primary-source verification pending,BLOCKED_UNTIL_SOURCE_QA
UPSC-2018-GS1-Q087,2018,87,Environment & Ecology,Environment & Ecology,Ecosystems & Ecology Concepts,moderate,Multi-statement,3,False,False,False,60,4,d,True,False,,3f9e1a5fe1a58d88,UPSC official previous-question-paper archive,2018 source date <= PYQ year,,,,,UNVERIFIED,,,NOT DISCLOSED BY UPSC,No primary-source attribution entered without proposition-level evidence from a dated source published no later than the PYQ year.,,Inventory + analytical metadata complete; primary-source verification pending,BLOCKED_UNTIL_SOURCE_QA
UPSC-2018-GS1-Q088,2018,88,Environment & Ecology,Environment & Ecology,International Environmental Treaties & Summits,easy,Single-answer,0,False,False,False,12,4,c,True,False,,a52a927153e2a059,UPSC official previous-question-paper archive,2018 source date <= PYQ year,,,,,UNVERIFIED,,,NOT DISCLOSED BY UPSC,No primary-source attribution entered without proposition-level evidence from a dated source published no later than the PYQ year.,,Inventory + analytical metadata complete; primary-source verification pending,BLOCKED_UNTIL_SOURCE_QA
UPSC-2018-GS1-Q089,2018,89,Modern History,History,British Administration & Economic Policies,moderate,Multi-statement,3,False,False,False,48,4,b,True,False,,599f17fe9587dc91,UPSC official previous-question-paper archive,2018 source date <= PYQ year,,,,,UNVERIFIED,,,NOT DISCLOSED BY UPSC,No primary-source attribution entered without proposition-level evidence from a dated source published no later than the PYQ year.,,Inventory + analytical metadata complete; primary-source verification pending,BLOCKED_UNTIL_SOURCE_QA
UPSC-2018-GS1-Q090,2018,90,Current Affairs,Current Affairs,International Conflicts & Security,moderate,Match/Pair,4,False,True,False,38,4,c,True,False,,b8e9b3d5ddabf8b5,UPSC official previous-question-paper archive,2018 source date <= PYQ year,,,,,UNVERIFIED,,,NOT DISCLOSED BY UPSC,No primary-source attribution entered without proposition-level evidence from a dated source published no later than the PYQ year.,,Inventory + analytical metadata complete; primary-source verification pending,BLOCKED_UNTIL_SOURCE_QA
UPSC-2018-GS1-Q091,2018,91,Modern History,History,Post-Independence India,moderate,Multi-statement,4,False,False,False,66,4,b,True,False,,d3c977c1ee1f9bb3,UPSC official previous-question-paper archive,2018 source date <= PYQ year,,,,,UNVERIFIED,,,NOT DISCLOSED BY UPSC,No primary-source attribution entered without proposition-level evidence from a dated source published no later than the PYQ year.,,Inventory + analytical metadata complete; primary-source verification pending,BLOCKED_UNTIL_SOURCE_QA
UPSC-2018-GS1-Q092,2018,92,Indian Polity,Polity & Governance,Fundamental Rights,easy,Single-answer,0,False,False,False,33,4,c,True,False,,99be8002f962c52b,UPSC official previous-question-paper archive,2018 source date <= PYQ year,,,,,UNVERIFIED,,,NOT DISCLOSED BY UPSC,No primary-source attribution entered without proposition-level evidence from a dated source published no later than the PYQ year.,,Inventory + analytical metadata complete; primary-source verification pending,BLOCKED_UNTIL_SOURCE_QA
UPSC-2018-GS1-Q093,2018,93,Indian Economy,Economy,Agriculture & Rural Development,moderate,Multi-statement,5,False,False,False,38,4,b,True,False,,a774fe49607ae070,UPSC official previous-question-paper archive,2018 source date <= PYQ year,,,,,UNVERIFIED,,,NOT DISCLOSED BY UPSC,No primary-source attribution entered without proposition-level evidence from a dated source published no later than the PYQ year.,,Inventory + analytical metadata complete; primary-source verification pending,BLOCKED_UNTIL_SOURCE_QA
UPSC-2018-GS1-Q094,2018,94,Environment & Ecology,Environment & Ecology,Protected Areas & Wildlife,easy,Single-answer,0,False,False,False,13,4,a,True,False,,5af35f85d8ee2e13,UPSC official previous-question-paper archive,2018 source date <= PYQ year,,,,,UNVERIFIED,,,NOT DISCLOSED BY UPSC,No primary-source attribution entered without proposition-level evidence from a dated source published no later than the PYQ year.,,Inventory + analytical metadata complete; primary-source verification pending,BLOCKED_UNTIL_SOURCE_QA
UPSC-2018-GS1-Q095,2018,95,Science & Technology,Science & Technology,Space Technology & Astronomy,moderate,Multi-statement,3,False,False,False,94,4,a,True,False,,5ddc15635b2b5150,UPSC official previous-question-paper archive,2018 source date <= PYQ year,,,,,UNVERIFIED,,,NOT DISCLOSED BY UPSC,No primary-source attribution entered without proposition-level evidence from a dated source published no later than the PYQ year.,,Inventory + analytical metadata complete; primary-source verification pending,BLOCKED_UNTIL_SOURCE_QA
UPSC-2018-GS1-Q096,2018,96,Indian Economy,Economy,Banking & Financial Sector,moderate,Multi-statement,2,False,False,False,68,4,b,True,False,,e3556e7b4b0e7764,UPSC official previous-question-paper archive,2018 source date <= PYQ year,,,,,UNVERIFIED,,,NOT DISCLOSED BY UPSC,No primary-source attribution entered without proposition-level evidence from a dated source published no later than the PYQ year.,,Inventory + analytical metadata complete; primary-source verification pending,BLOCKED_UNTIL_SOURCE_QA
UPSC-2018-GS1-Q097,2018,97,Indian Economy,Economy,Taxation,difficult,Multi-statement,4,False,False,False,37,4,c,True,False,,a701dcd57e3eb43e,UPSC official previous-question-paper archive,2018 source date <= PYQ year,,,,,UNVERIFIED,,,NOT DISCLOSED BY UPSC,No primary-source attribution entered without proposition-level evidence from a dated source published no later than the PYQ year.,,Inventory + analytical metadata complete; primary-source verification pending,BLOCKED_UNTIL_SOURCE_QA
UPSC-2018-GS1-Q098,2018,98,Environment & Ecology,Environment & Ecology,Environmental Governance & Legislation,moderate,Multi-statement,3,False,False,False,68,4,a,True,False,,cac0e383ba3f5f08,UPSC official previous-question-paper archive,2018 source date <= PYQ year,,,,,UNVERIFIED,,,NOT DISCLOSED BY UPSC,No primary-source attribution entered without proposition-level evidence from a dated source published no later than the PYQ year.,,Inventory + analytical metadata complete; primary-source verification pending,BLOCKED_UNTIL_SOURCE_QA
UPSC-2018-GS1-Q099,2018,99,Environment & Ecology,Environment & Ecology,Sustainable Agriculture & Forestry,easy,Multi-statement,4,False,False,False,22,4,d,True,False,,1f646d004be25d17,UPSC official previous-question-paper archive,2018 source date <= PYQ year,,,,,UNVERIFIED,,,NOT DISCLOSED BY UPSC,No primary-source attribution entered without proposition-level evidence from a dated source published no later than the PYQ year.,,Inventory + analytical metadata complete; primary-source verification pending,BLOCKED_UNTIL_SOURCE_QA
UPSC-2018-GS1-Q100,2018,100,Environment & Ecology,Environment & Ecology,Sustainable Agriculture & Forestry,moderate,Multi-statement,3,False,False,False,72,4,b,True,False,,742b79f0a3277eee,UPSC official previous-question-paper archive,2018 source date <= PYQ year,,,,,UNVERIFIED,,,NOT DISCLOSED BY UPSC,No primary-source attribution entered without proposition-level evidence from a dated source published no later than the PYQ year.,,Inventory + analytical metadata complete; primary-source verification pending,BLOCKED_UNTIL_SOURCE_QA
UPSC-2019-GS1-Q001,2019,1,Medieval History,History,Mughal Empire,moderate,Single-answer,2,True,False,False,68,4,d,True,False,,26760985140f1c66,UPSC official previous-question-paper archive,2019 source date <= PYQ year,,,,,UNVERIFIED,,,NOT DISCLOSED BY UPSC,No primary-source attribution entered without proposition-level evidence from a dated source published no later than the PYQ year.,,Inventory + analytical metadata complete; primary-source verification pending,BLOCKED_UNTIL_SOURCE_QA
UPSC-2019-GS1-Q002,2019,2,Indian Economy,Economy,Agriculture & Rural Development,moderate,Single-answer,0,False,False,False,16,4,b,True,False,,b6147aed04b31a9e,UPSC official previous-question-paper archive,2019 source date <= PYQ year,,,,,UNVERIFIED,,,NOT DISCLOSED BY UPSC,No primary-source attribution entered without proposition-level evidence from a dated source published no later than the PYQ year.,,Inventory + analytical metadata complete; primary-source verification pending,BLOCKED_UNTIL_SOURCE_QA
UPSC-2019-GS1-Q003,2019,3,Indian Economy,Economy,International Institutions & Reports,easy,Single-answer,0,False,False,False,8,4,c,True,False,,e6230c3ea49f9bdc,UPSC official previous-question-paper archive,2019 source date <= PYQ year,,,,,UNVERIFIED,,,NOT DISCLOSED BY UPSC,No primary-source attribution entered without proposition-level evidence from a dated source published no later than the PYQ year.,,Inventory + analytical metadata complete; primary-source verification pending,BLOCKED_UNTIL_SOURCE_QA
UPSC-2019-GS1-Q004,2019,4,Modern History,History,Constitutional Developments & British Plans (1909-1947),moderate,Multi-statement,3,True,False,False,70,4,a,True,False,,12d43e94926cc1f4,UPSC official previous-question-paper archive,2019 source date <= PYQ year,,,,,UNVERIFIED,,,NOT DISCLOSED BY UPSC,No primary-source attribution entered without proposition-level evidence from a dated source published no later than the PYQ year.,,Inventory + analytical metadata complete; primary-source verification pending,BLOCKED_UNTIL_SOURCE_QA
UPSC-2019-GS1-Q005,2019,5,Modern History,History,Early Nationalism & Indian National Congress (1885-1915),moderate,Multi-statement,2,False,False,False,45,4,c,True,False,,167b2d5eab5921d7,UPSC official previous-question-paper archive,2019 source date <= PYQ year,,,,,UNVERIFIED,,,NOT DISCLOSED BY UPSC,No primary-source attribution entered without proposition-level evidence from a dated source published no later than the PYQ year.,,Inventory + analytical metadata complete; primary-source verification pending,BLOCKED_UNTIL_SOURCE_QA
UPSC-2019-GS1-Q006,2019,6,Modern History,History,"Peasant, Tribal & Labour Movements",moderate,Match/Pair,4,False,False,False,41,4,d,True,False,,b13bee97809d0036,UPSC official previous-question-paper archive,2019 source date <= PYQ year,,,,,UNVERIFIED,,,NOT DISCLOSED BY UPSC,No primary-source attribution entered without proposition-level evidence from a dated source published no later than the PYQ year.,,Inventory + analytical metadata complete; primary-source verification pending,BLOCKED_UNTIL_SOURCE_QA
UPSC-2019-GS1-Q007,2019,7,Ancient History,History,Indus Valley Civilization,easy,Single-answer,0,True,False,False,10,4,c,True,False,,cdc2829b0e05d358,UPSC official previous-question-paper archive,2019 source date <= PYQ year,,,,,UNVERIFIED,,,NOT DISCLOSED BY UPSC,No primary-source attribution entered without proposition-level evidence from a dated source published no later than the PYQ year.,,Inventory + analytical metadata complete; primary-source verification pending,BLOCKED_UNTIL_SOURCE_QA
UPSC-2019-GS1-Q008,2019,8,Ancient History,History,Ancient India,difficult,Single-answer,0,False,False,False,21,4,a,True,False,,6b48d515451139c8,UPSC official previous-question-paper archive,2019 source date <= PYQ year,,,,,UNVERIFIED,,,NOT DISCLOSED BY UPSC,No primary-source attribution entered without proposition-level evidence from a dated source published no later than the PYQ year.,,Inventory + analytical metadata complete; primary-source verification pending,BLOCKED_UNTIL_SOURCE_QA
UPSC-2019-GS1-Q009,2019,9,Art & Culture,Art & Culture,Philosophy & Religion,easy,Multi-statement,3,False,False,False,30,4,d,True,False,,43457d6678001723,UPSC official previous-question-paper archive,2019 source date <= PYQ year,,,,,UNVERIFIED,,,NOT DISCLOSED BY UPSC,No primary-source attribution entered without proposition-level evidence from a dated source published no later than the PYQ year.,,Inventory + analytical metadata complete; primary-source verification pending,BLOCKED_UNTIL_SOURCE_QA
UPSC-2019-GS1-Q010,2019,10,Ancient History,History,Gupta Empire,moderate,Single-answer,0,False,False,False,20,4,a,True,False,,c47a292a872bb42e,UPSC official previous-question-paper archive,2019 source date <= PYQ year,,,,,UNVERIFIED,,,NOT DISCLOSED BY UPSC,No primary-source attribution entered without proposition-level evidence from a dated source published no later than the PYQ year.,,Inventory + analytical metadata complete; primary-source verification pending,BLOCKED_UNTIL_SOURCE_QA
UPSC-2019-GS1-Q011,2019,11,Art & Culture,Art & Culture,Architecture & World Heritage,easy,Single-answer,0,False,False,False,15,4,d,True,False,,a484ad2760d55dcf,UPSC official previous-question-paper archive,2019 source date <= PYQ year,,,,,UNVERIFIED,,,NOT DISCLOSED BY UPSC,No primary-source attribution entered without proposition-level evidence from a dated source published no later than the PYQ year.,,Inventory + analytical metadata complete; primary-source verification pending,BLOCKED_UNTIL_SOURCE_QA
UPSC-2019-GS1-Q012,2019,12,Medieval History,History,Delhi Sultanate,moderate,Multi-statement,3,False,False,False,60,4,a,True,False,,d19559d2940ed699,UPSC official previous-question-paper archive,2019 source date <= PYQ year,,,,,UNVERIFIED,,,NOT DISCLOSED BY UPSC,No primary-source attribution entered without proposition-level evidence from a dated source published no later than the PYQ year.,,Inventory + analytical metadata complete; primary-source verification pending,BLOCKED_UNTIL_SOURCE_QA
UPSC-2019-GS1-Q013,2019,13,Medieval History,History,Bhakti Movement,moderate,Multi-statement,2,False,False,False,31,4,d,True,False,,c1f4fcadec9b3550,UPSC official previous-question-paper archive,2019 source date <= PYQ year,,,,,UNVERIFIED,,,NOT DISCLOSED BY UPSC,No primary-source attribution entered without proposition-level evidence from a dated source published no later than the PYQ year.,,Inventory + analytical metadata complete; primary-source verification pending,BLOCKED_UNTIL_SOURCE_QA
UPSC-2019-GS1-Q014,2019,14,Modern History,History,Gandhian Mass Movements (1915-1942),moderate,Multi-statement,3,True,False,False,77,4,b,True,False,,dd13dda9e66578bd,UPSC official previous-question-paper archive,2019 source date <= PYQ year,,,,,UNVERIFIED,,,NOT DISCLOSED BY UPSC,No primary-source attribution entered without proposition-level evidence from a dated source published no later than the PYQ year.,,Inventory + analytical metadata complete; primary-source verification pending,BLOCKED_UNTIL_SOURCE_QA
UPSC-2019-GS1-Q015,2019,15,Modern History,History,Key Personalities & Ideologies,moderate,Match/Pair,3,False,False,False,52,4,d,True,False,,c3928f13ac20b883,UPSC official previous-question-paper archive,2019 source date <= PYQ year,,,,,UNVERIFIED,,,NOT DISCLOSED BY UPSC,No primary-source attribution entered without proposition-level evidence from a dated source published no later than the PYQ year.,,Inventory + analytical metadata complete; primary-source verification pending,BLOCKED_UNTIL_SOURCE_QA
UPSC-2019-GS1-Q016,2019,16,Art & Culture,Art & Culture,Music,moderate,Single-answer,0,True,False,False,14,4,a,True,False,,6210fcc365ca2bd0,UPSC official previous-question-paper archive,2019 source date <= PYQ year,,,,,UNVERIFIED,,,NOT DISCLOSED BY UPSC,No primary-source attribution entered without proposition-level evidence from a dated source published no later than the PYQ year.,,Inventory + analytical metadata complete; primary-source verification pending,BLOCKED_UNTIL_SOURCE_QA
UPSC-2019-GS1-Q017,2019,17,Art & Culture,Art & Culture,Music,easy,Single-answer,0,False,False,False,16,4,c,True,False,,6688380f3d84185c,UPSC official previous-question-paper archive,2019 source date <= PYQ year,,,,,UNVERIFIED,,,NOT DISCLOSED BY UPSC,No primary-source attribution entered without proposition-level evidence from a dated source published no later than the PYQ year.,,Inventory + analytical metadata complete; primary-source verification pending,BLOCKED_UNTIL_SOURCE_QA
UPSC-2019-GS1-Q018,2019,18,Environment & Ecology,Environment & Ecology,Protected Areas & Wildlife,moderate,Single-answer,0,False,False,False,14,4,d,True,False,,ec19dac95ef130a3,UPSC official previous-question-paper archive,2019 source date <= PYQ year,,,,,UNVERIFIED,,,NOT DISCLOSED BY UPSC,No primary-source attribution entered without proposition-level evidence from a dated source published no later than the PYQ year.,,Inventory + analytical metadata complete; primary-source verification pending,BLOCKED_UNTIL_SOURCE_QA
UPSC-2019-GS1-Q019,2019,19,Indian Economy,Economy,"Human Development, Poverty & Employment Schemes",easy,Single-answer,0,False,False,False,8,4,c,True,False,,0560adaee674fa25,UPSC official previous-question-paper archive,2019 source date <= PYQ year,,,,,UNVERIFIED,,,NOT DISCLOSED BY UPSC,No primary-source attribution entered without proposition-level evidence from a dated source published no later than the PYQ year.,,Inventory + analytical metadata complete; primary-source verification pending,BLOCKED_UNTIL_SOURCE_QA
UPSC-2019-GS1-Q020,2019,20,Geography,Geography,Physical Geography,moderate,Single-answer,0,False,False,False,5,4,a,True,False,,45ba21060e89eb7c,UPSC official previous-question-paper archive,2019 source date <= PYQ year,,,,,UNVERIFIED,,,NOT DISCLOSED BY UPSC,No primary-source attribution entered without proposition-level evidence from a dated source published no later than the PYQ year.,,Inventory + analytical metadata complete; primary-source verification pending,BLOCKED_UNTIL_SOURCE_QA
UPSC-2019-GS1-Q021,2019,21,Geography,Geography,Indian Agriculture & Land Use,moderate,Single-answer,0,False,False,False,20,4,d,True,False,,d25b50d43036b9a1,UPSC official previous-question-paper archive,2019 source date <= PYQ year,,,,,UNVERIFIED,,,NOT DISCLOSED BY UPSC,No primary-source attribution entered without proposition-level evidence from a dated source published no later than the PYQ year.,,Inventory + analytical metadata complete; primary-source verification pending,BLOCKED_UNTIL_SOURCE_QA
UPSC-2019-GS1-Q022,2019,22,Environment & Ecology,Environment & Ecology,Protected Areas & Wildlife,moderate,Multi-statement,3,False,False,False,40,4,a,True,False,,7a910f7c9aa40b7d,UPSC official previous-question-paper archive,2019 source date <= PYQ year,,,,,UNVERIFIED,,,NOT DISCLOSED BY UPSC,No primary-source attribution entered without proposition-level evidence from a dated source published no later than the PYQ year.,,Inventory + analytical metadata complete; primary-source verification pending,BLOCKED_UNTIL_SOURCE_QA
UPSC-2019-GS1-Q023,2019,23,Geography,Geography,Indian Rivers & Water Resources,moderate,Match/Pair,3,False,False,False,29,4,d,True,False,,11bdea7697b7ad49,UPSC official previous-question-paper archive,2019 source date <= PYQ year,,,,,UNVERIFIED,,,NOT DISCLOSED BY UPSC,No primary-source attribution entered without proposition-level evidence from a dated source published no later than the PYQ year.,,Inventory + analytical metadata complete; primary-source verification pending,BLOCKED_UNTIL_SOURCE_QA
UPSC-2019-GS1-Q024,2019,24,Indian Economy,Economy,"Human Development, Poverty & Employment Schemes",easy,Single-answer,0,False,False,False,18,4,b,True,False,,f9520c1d34a2244e,UPSC official previous-question-paper archive,2019 source date <= PYQ year,,,,,UNVERIFIED,,,NOT DISCLOSED BY UPSC,No primary-source attribution entered without proposition-level evidence from a dated source published no later than the PYQ year.,,Inventory + analytical metadata complete; primary-source verification pending,BLOCKED_UNTIL_SOURCE_QA
UPSC-2019-GS1-Q025,2019,25,Environment & Ecology,Environment & Ecology,Climate Change & Greenhouse Gases,easy,Single-answer,0,False,False,False,27,4,d,True,False,,c709c37efffe842e,UPSC official previous-question-paper archive,2019 source date <= PYQ year,,,,,UNVERIFIED,,,NOT DISCLOSED BY UPSC,No primary-source attribution entered without proposition-level evidence from a dated source published no later than the PYQ year.,,Inventory + analytical metadata complete; primary-source verification pending,BLOCKED_UNTIL_SOURCE_QA
UPSC-2019-GS1-Q026,2019,26,Environment & Ecology,Environment & Ecology,Renewable Energy & Green Technologies,easy,Single-answer,0,False,False,False,17,4,d,True,False,,66d26dbc234d8d97,UPSC official previous-question-paper archive,2019 source date <= PYQ year,,,,,UNVERIFIED,,,NOT DISCLOSED BY UPSC,No primary-source attribution entered without proposition-level evidence from a dated source published no later than the PYQ year.,,Inventory + analytical metadata complete; primary-source verification pending,BLOCKED_UNTIL_SOURCE_QA
UPSC-2019-GS1-Q027,2019,27,Environment & Ecology,Environment & Ecology,Protected Areas & Wildlife,moderate,Single-answer,0,False,False,False,9,4,a,True,False,,efc353e7bb4a1f86,UPSC official previous-question-paper archive,2019 source date <= PYQ year,,,,,UNVERIFIED,,,NOT DISCLOSED BY UPSC,No primary-source attribution entered without proposition-level evidence from a dated source published no later than the PYQ year.,,Inventory + analytical metadata complete; primary-source verification pending,BLOCKED_UNTIL_SOURCE_QA
UPSC-2019-GS1-Q028,2019,28,Environment & Ecology,Environment & Ecology,Ecosystems & Ecology Concepts,moderate,Multi-statement,4,False,False,False,42,4,d,True,False,,d73e4ab5ed8b902b,UPSC official previous-question-paper archive,2019 source date <= PYQ year,,,,,UNVERIFIED,,,NOT DISCLOSED BY UPSC,No primary-source attribution entered without proposition-level evidence from a dated source published no later than the PYQ year.,,Inventory + analytical metadata complete; primary-source verification pending,BLOCKED_UNTIL_SOURCE_QA
UPSC-2019-GS1-Q029,2019,29,Environment & Ecology,Environment & Ecology,Protected Areas & Wildlife,difficult,Match/Pair,3,False,False,False,36,4,c,True,False,,08fb6e2826bbd1f0,UPSC official previous-question-paper archive,2019 source date <= PYQ year,,,,,UNVERIFIED,,,NOT DISCLOSED BY UPSC,No primary-source attribution entered without proposition-level evidence from a dated source published no later than the PYQ year.,,Inventory + analytical metadata complete; primary-source verification pending,BLOCKED_UNTIL_SOURCE_QA
UPSC-2019-GS1-Q030,2019,30,Environment & Ecology,Environment & Ecology,Pollution & Waste Management,easy,Single-answer,0,False,False,False,14,4,a,True,False,,a75a4046df75d6da,UPSC official previous-question-paper archive,2019 source date <= PYQ year,,,,,UNVERIFIED,,,NOT DISCLOSED BY UPSC,No primary-source attribution entered without proposition-level evidence from a dated source published no later than the PYQ year.,,Inventory + analytical metadata complete; primary-source verification pending,BLOCKED_UNTIL_SOURCE_QA
UPSC-2019-GS1-Q031,2019,31,Environment & Ecology,Environment & Ecology,Biodiversity & Conservation,easy,Single-answer,0,False,False,True,27,4,d,True,False,,c939d206751c25cc,UPSC official previous-question-paper archive,2019 source date <= PYQ year,,,,,UNVERIFIED,,,NOT DISCLOSED BY UPSC,No primary-source attribution entered without proposition-level evidence from a dated source published no later than the PYQ year.,,Inventory + analytical metadata complete; primary-source verification pending,BLOCKED_UNTIL_SOURCE_QA
UPSC-2019-GS1-Q032,2019,32,Science & Technology,Science & Technology,Space Technology & Astronomy,moderate,Multi-statement,3,False,False,False,52,4,d,True,False,,4724fa9bcf5ba274,UPSC official previous-question-paper archive,2019 source date <= PYQ year,,,,,UNVERIFIED,,,NOT DISCLOSED BY UPSC,No primary-source attribution entered without proposition-level evidence from a dated source published no later than the PYQ year.,,Inventory + analytical metadata complete; primary-source verification pending,BLOCKED_UNTIL_SOURCE_QA
UPSC-2019-GS1-Q033,2019,33,Geography,Geography,Biogeography & Natural Vegetation,difficult,Multi-statement,4,False,False,False,44,4,c,True,False,,b753fa3a32f1a520,UPSC official previous-question-paper archive,2019 source date <= PYQ year,,,,,UNVERIFIED,,,NOT DISCLOSED BY UPSC,No primary-source attribution entered without proposition-level evidence from a dated source published no later than the PYQ year.,,Inventory + analytical metadata complete; primary-source verification pending,BLOCKED_UNTIL_SOURCE_QA
UPSC-2019-GS1-Q034,2019,34,Environment & Ecology,Environment & Ecology,Climate Change & Greenhouse Gases,moderate,Multi-statement,3,False,False,False,63,4,d,True,False,,578a1c27ae481d8c,UPSC official previous-question-paper archive,2019 source date <= PYQ year,,,,,UNVERIFIED,,,NOT DISCLOSED BY UPSC,No primary-source attribution entered without proposition-level evidence from a dated source published no later than the PYQ year.,,Inventory + analytical metadata complete; primary-source verification pending,BLOCKED_UNTIL_SOURCE_QA
UPSC-2019-GS1-Q035,2019,35,Environment & Ecology,Environment & Ecology,Pollution & Waste Management,moderate,Multi-statement,4,False,False,False,29,4,d,True,False,,2fd4c1628024a4cf,UPSC official previous-question-paper archive,2019 source date <= PYQ year,,,,,UNVERIFIED,,,NOT DISCLOSED BY UPSC,No primary-source attribution entered without proposition-level evidence from a dated source published no later than the PYQ year.,,Inventory + analytical metadata complete; primary-source verification pending,BLOCKED_UNTIL_SOURCE_QA
UPSC-2019-GS1-Q036,2019,36,Geography,Geography,World Political Geography & Borders,moderate,Match/Pair,5,False,False,False,42,4,b,True,False,,86bf702a256be6fc,UPSC official previous-question-paper archive,2019 source date <= PYQ year,,,,,UNVERIFIED,,,NOT DISCLOSED BY UPSC,No primary-source attribution entered without proposition-level evidence from a dated source published no later than the PYQ year.,,Inventory + analytical metadata complete; primary-source verification pending,BLOCKED_UNTIL_SOURCE_QA
UPSC-2019-GS1-Q037,2019,37,Geography,Geography,Agriculture and Trade,easy,Single-answer,0,False,False,False,19,4,b,True,False,,c8f3f40c198aef28,UPSC official previous-question-paper archive,2019 source date <= PYQ year,,,,,UNVERIFIED,,,NOT DISCLOSED BY UPSC,No primary-source attribution entered without proposition-level evidence from a dated source published no later than the PYQ year.,,Inventory + analytical metadata complete; primary-source verification pending,BLOCKED_UNTIL_SOURCE_QA
UPSC-2019-GS1-Q038,2019,38,Geography,Geography,Indian Physical Geography,moderate,Match/Pair,5,False,False,False,37,4,a,True,False,,748681b61bbdea76,UPSC official previous-question-paper archive,2019 source date <= PYQ year,,,,,UNVERIFIED,,,NOT DISCLOSED BY UPSC,No primary-source attribution entered without proposition-level evidence from a dated source published no later than the PYQ year.,,Inventory + analytical metadata complete; primary-source verification pending,BLOCKED_UNTIL_SOURCE_QA
UPSC-2019-GS1-Q039,2019,39,Science & Technology,Science & Technology,Chemistry,easy,Single-answer,0,False,False,False,20,4,a,True,False,,875aaaf7e905389f,UPSC official previous-question-paper archive,2019 source date <= PYQ year,,,,,UNVERIFIED,,,NOT DISCLOSED BY UPSC,No primary-source attribution entered without proposition-level evidence from a dated source published no later than the PYQ year.,,Inventory + analytical metadata complete; primary-source verification pending,BLOCKED_UNTIL_SOURCE_QA
UPSC-2019-GS1-Q040,2019,40,Environment & Ecology,Environment & Ecology,International Environmental Treaties & Summits,moderate,Multi-statement,3,False,False,False,86,4,c,True,False,,645fe717770a2485,UPSC official previous-question-paper archive,2019 source date <= PYQ year,,,,,UNVERIFIED,,,NOT DISCLOSED BY UPSC,No primary-source attribution entered without proposition-level evidence from a dated source published no later than the PYQ year.,,Inventory + analytical metadata complete; primary-source verification pending,BLOCKED_UNTIL_SOURCE_QA
UPSC-2019-GS1-Q041,2019,41,Environment & Ecology,Environment & Ecology,Pollution & Waste Management,easy,Multi-statement,3,False,False,False,36,4,d,True,False,,b0532a5f4892d865,UPSC official previous-question-paper archive,2019 source date <= PYQ year,,,,,UNVERIFIED,,,NOT DISCLOSED BY UPSC,No primary-source attribution entered without proposition-level evidence from a dated source published no later than the PYQ year.,,Inventory + analytical metadata complete; primary-source verification pending,BLOCKED_UNTIL_SOURCE_QA
UPSC-2019-GS1-Q042,2019,42,Geography,Geography,Indian Rivers & Water Resources,moderate,Single-answer,0,False,False,False,12,4,d,True,False,,277fdb738bc150e0,UPSC official previous-question-paper archive,2019 source date <= PYQ year,,,,,UNVERIFIED,,,NOT DISCLOSED BY UPSC,No primary-source attribution entered without proposition-level evidence from a dated source published no later than the PYQ year.,,Inventory + analytical metadata complete; primary-source verification pending,BLOCKED_UNTIL_SOURCE_QA
UPSC-2019-GS1-Q043,2019,43,Science & Technology,Science & Technology,Energy & Environment,moderate,Multi-statement,4,False,False,False,83,4,d,True,False,,14ce6200578788e2,UPSC official previous-question-paper archive,2019 source date <= PYQ year,,,,,UNVERIFIED,,,NOT DISCLOSED BY UPSC,No primary-source attribution entered without proposition-level evidence from a dated source published no later than the PYQ year.,,Inventory + analytical metadata complete; primary-source verification pending,BLOCKED_UNTIL_SOURCE_QA
UPSC-2019-GS1-Q044,2019,44,Geography,Geography,Atmosphere & Climatology,easy,Single-answer,0,True,False,False,9,4,b,True,False,,a1612b0db2e8519c,UPSC official previous-question-paper archive,2019 source date <= PYQ year,,,,,UNVERIFIED,,,NOT DISCLOSED BY UPSC,No primary-source attribution entered without proposition-level evidence from a dated source published no later than the PYQ year.,,Inventory + analytical metadata complete; primary-source verification pending,BLOCKED_UNTIL_SOURCE_QA
UPSC-2019-GS1-Q045,2019,45,Indian Polity,Polity & Governance,Constitutional Framework & Development,moderate,Multi-statement,2,False,False,False,59,4,b,True,False,,dc36e7992f4ede36,UPSC official previous-question-paper archive,2019 source date <= PYQ year,,,,,UNVERIFIED,,,NOT DISCLOSED BY UPSC,No primary-source attribution entered without proposition-level evidence from a dated source published no later than the PYQ year.,,Inventory + analytical metadata complete; primary-source verification pending,BLOCKED_UNTIL_SOURCE_QA
UPSC-2019-GS1-Q046,2019,46,Indian Polity,Polity & Governance,Judiciary,difficult,Multi-statement,4,True,False,False,148,4,c,True,False,,0ae86c25a0e222d7,UPSC official previous-question-paper archive,2019 source date <= PYQ year,,,,,UNVERIFIED,,,NOT DISCLOSED BY UPSC,No primary-source attribution entered without proposition-level evidence from a dated source published no later than the PYQ year.,,Inventory + analytical metadata complete; primary-source verification pending,BLOCKED_UNTIL_SOURCE_QA
UPSC-2019-GS1-Q047,2019,47,Indian Polity,Polity & Governance,Constitutional Framework & Development,easy,Single-answer,0,False,False,False,15,4,a,True,False,,2facc5e1b781ffa1,UPSC official previous-question-paper archive,2019 source date <= PYQ year,,,,,UNVERIFIED,,,NOT DISCLOSED BY UPSC,No primary-source attribution entered without proposition-level evidence from a dated source published no later than the PYQ year.,,Inventory + analytical metadata complete; primary-source verification pending,BLOCKED_UNTIL_SOURCE_QA
UPSC-2019-GS1-Q048,2019,48,Indian Economy,Economy,Infrastructure & Industry,moderate,Multi-statement,3,False,False,True,56,4,c,True,False,,29a7b0f42fe1b97e,UPSC official previous-question-paper archive,2019 source date <= PYQ year,,,,,UNVERIFIED,,,NOT DISCLOSED BY UPSC,No primary-source attribution entered without proposition-level evidence from a dated source published no later than the PYQ year.,,Inventory + analytical metadata complete; primary-source verification pending,BLOCKED_UNTIL_SOURCE_QA
UPSC-2019-GS1-Q049,2019,49,Polity,Polity & Governance,Parliament,moderate,Multi-statement,3,False,False,False,54,4,a,True,False,,385f895b3c2182cf,UPSC official previous-question-paper archive,2019 source date <= PYQ year,,,,,UNVERIFIED,,,NOT DISCLOSED BY UPSC,No primary-source attribution entered without proposition-level evidence from a dated source published no later than the PYQ year.,,Inventory + analytical metadata complete; primary-source verification pending,BLOCKED_UNTIL_SOURCE_QA
UPSC-2019-GS1-Q050,2019,50,Indian Polity,Polity & Governance,Federalism & Centre–State Relations,easy,Single-answer,0,False,False,False,24,4,b,True,False,,aa757f54e9e22504,UPSC official previous-question-paper archive,2019 source date <= PYQ year,,,,,UNVERIFIED,,,NOT DISCLOSED BY UPSC,No primary-source attribution entered without proposition-level evidence from a dated source published no later than the PYQ year.,,Inventory + analytical metadata complete; primary-source verification pending,BLOCKED_UNTIL_SOURCE_QA
UPSC-2019-GS1-Q051,2019,51,Indian Polity,Polity & Governance,Social Justice & Vulnerable Sections,moderate,Multi-statement,4,False,False,False,71,4,c,True,False,,bab574cc568779a1,UPSC official previous-question-paper archive,2019 source date <= PYQ year,,,,,UNVERIFIED,,,NOT DISCLOSED BY UPSC,No primary-source attribution entered without proposition-level evidence from a dated source published no later than the PYQ year.,,Inventory + analytical metadata complete; primary-source verification pending,BLOCKED_UNTIL_SOURCE_QA
UPSC-2019-GS1-Q052,2019,52,Indian Polity,Polity & Governance,Judiciary,moderate,Single-answer,0,False,False,False,37,4,b,True,False,,8ac71b40d665d288,UPSC official previous-question-paper archive,2019 source date <= PYQ year,,,,,UNVERIFIED,,,NOT DISCLOSED BY UPSC,No primary-source attribution entered without proposition-level evidence from a dated source published no later than the PYQ year.,,Inventory + analytical metadata complete; primary-source verification pending,BLOCKED_UNTIL_SOURCE_QA
UPSC-2019-GS1-Q053,2019,53,Indian Polity,Polity & Governance,Parliament & State Legislatures,moderate,Multi-statement,2,True,False,False,69,4,c,True,False,,cab30f2c2d83a475,UPSC official previous-question-paper archive,2019 source date <= PYQ year,,,,,UNVERIFIED,,,NOT DISCLOSED BY UPSC,No primary-source attribution entered without proposition-level evidence from a dated source published no later than the PYQ year.,,Inventory + analytical metadata complete; primary-source verification pending,BLOCKED_UNTIL_SOURCE_QA
UPSC-2019-GS1-Q054,2019,54,Current Affairs,Current Affairs,International Relations & Treaties,difficult,Multi-statement,4,False,True,False,106,4,c,True,False,,6423935eb00a1f5b,UPSC official previous-question-paper archive,2019 source date <= PYQ year,,,,,UNVERIFIED,,,NOT DISCLOSED BY UPSC,No primary-source attribution entered without proposition-level evidence from a dated source published no later than the PYQ year.,,Inventory + analytical metadata complete; primary-source verification pending,BLOCKED_UNTIL_SOURCE_QA
UPSC-2019-GS1-Q055,2019,55,Environment,Environment & Ecology,Forest Rights,moderate,Multi-statement,3,False,False,False,84,4,d,True,False,,3b70cfb1f3051795,UPSC official previous-question-paper archive,2019 source date <= PYQ year,,,,,UNVERIFIED,,,NOT DISCLOSED BY UPSC,No primary-source attribution entered without proposition-level evidence from a dated source published no later than the PYQ year.,,Inventory + analytical metadata complete; primary-source verification pending,BLOCKED_UNTIL_SOURCE_QA
UPSC-2019-GS1-Q056,2019,56,Indian Polity,Polity & Governance,Fundamental Rights,easy,Single-answer,0,False,False,False,17,4,b,True,False,,d38c8a533fd49d7f,UPSC official previous-question-paper archive,2019 source date <= PYQ year,,,,,UNVERIFIED,,,NOT DISCLOSED BY UPSC,No primary-source attribution entered without proposition-level evidence from a dated source published no later than the PYQ year.,,Inventory + analytical metadata complete; primary-source verification pending,BLOCKED_UNTIL_SOURCE_QA
UPSC-2019-GS1-Q057,2019,57,Science & Technology,Science & Technology,Science & Technology Institutions,moderate,Multi-statement,3,True,False,False,53,4,c,True,False,,670f697648255aa4,UPSC official previous-question-paper archive,2019 source date <= PYQ year,,,,,UNVERIFIED,,,NOT DISCLOSED BY UPSC,No primary-source attribution entered without proposition-level evidence from a dated source published no later than the PYQ year.,,Inventory + analytical metadata complete; primary-source verification pending,BLOCKED_UNTIL_SOURCE_QA
UPSC-2019-GS1-Q058,2019,58,Environment & Ecology,Environment & Ecology,Environmental Governance & Legislation,easy,Multi-statement,2,False,False,False,62,4,b,True,False,,4e3133bdcf8b36db,UPSC official previous-question-paper archive,2019 source date <= PYQ year,,,,,UNVERIFIED,,,NOT DISCLOSED BY UPSC,No primary-source attribution entered without proposition-level evidence from a dated source published no later than the PYQ year.,,Inventory + analytical metadata complete; primary-source verification pending,BLOCKED_UNTIL_SOURCE_QA
UPSC-2019-GS1-Q059,2019,59,Environment & Ecology,Environment & Ecology,Pollution & Waste Management,moderate,Single-answer,0,False,False,False,18,4,c,True,False,,fa481156bcfd3ea8,UPSC official previous-question-paper archive,2019 source date <= PYQ year,,,,,UNVERIFIED,,,NOT DISCLOSED BY UPSC,No primary-source attribution entered without proposition-level evidence from a dated source published no later than the PYQ year.,,Inventory + analytical metadata complete; primary-source verification pending,BLOCKED_UNTIL_SOURCE_QA
UPSC-2019-GS1-Q060,2019,60,Indian Economy,Economy,"Human Development, Poverty & Employment Schemes",moderate,Multi-statement,2,False,False,False,58,4,c,True,False,,f1ca749d6d1211b7,UPSC official previous-question-paper archive,2019 source date <= PYQ year,,,,,UNVERIFIED,,,NOT DISCLOSED BY UPSC,No primary-source attribution entered without proposition-level evidence from a dated source published no later than the PYQ year.,,Inventory + analytical metadata complete; primary-source verification pending,BLOCKED_UNTIL_SOURCE_QA
UPSC-2019-GS1-Q061,2019,61,Indian Economy,Economy,Banking & Financial Sector,easy,Single-answer,0,False,False,False,10,4,b,True,False,,367e8dd17dde4fe0,UPSC official previous-question-paper archive,2019 source date <= PYQ year,,,,,UNVERIFIED,,,NOT DISCLOSED BY UPSC,No primary-source attribution entered without proposition-level evidence from a dated source published no later than the PYQ year.,,Inventory + analytical metadata complete; primary-source verification pending,BLOCKED_UNTIL_SOURCE_QA
UPSC-2019-GS1-Q062,2019,62,Indian Economy,Economy,Infrastructure & Industry,moderate,Multi-statement,3,False,False,False,86,4,a,True,False,,686586d5078f28c4,UPSC official previous-question-paper archive,2019 source date <= PYQ year,,,,,UNVERIFIED,,,NOT DISCLOSED BY UPSC,No primary-source attribution entered without proposition-level evidence from a dated source published no later than the PYQ year.,,Inventory + analytical metadata complete; primary-source verification pending,BLOCKED_UNTIL_SOURCE_QA
UPSC-2019-GS1-Q063,2019,63,Indian Economy,Economy,External Sector & Balance Of Payments,easy,Multi-statement,2,False,False,False,35,4,d,True,False,,dca46dc66e1dcc96,UPSC official previous-question-paper archive,2019 source date <= PYQ year,,,,,UNVERIFIED,,,NOT DISCLOSED BY UPSC,No primary-source attribution entered without proposition-level evidence from a dated source published no later than the PYQ year.,,Inventory + analytical metadata complete; primary-source verification pending,BLOCKED_UNTIL_SOURCE_QA
UPSC-2019-GS1-Q064,2019,64,Indian Economy,Economy,Banking & Financial Sector,easy,Single-answer,0,True,False,False,16,4,b,True,False,,5783be55daad31cd,UPSC official previous-question-paper archive,2019 source date <= PYQ year,,,,,UNVERIFIED,,,NOT DISCLOSED BY UPSC,No primary-source attribution entered without proposition-level evidence from a dated source published no later than the PYQ year.,,Inventory + analytical metadata complete; primary-source verification pending,BLOCKED_UNTIL_SOURCE_QA
UPSC-2019-GS1-Q065,2019,65,Indian Economy,Economy,External Sector & Balance Of Payments,moderate,Multi-statement,3,False,False,False,48,4,b,True,False,,de97741396e59e64,UPSC official previous-question-paper archive,2019 source date <= PYQ year,,,,,UNVERIFIED,,,NOT DISCLOSED BY UPSC,No primary-source attribution entered without proposition-level evidence from a dated source published no later than the PYQ year.,,Inventory + analytical metadata complete; primary-source verification pending,BLOCKED_UNTIL_SOURCE_QA
UPSC-2019-GS1-Q066,2019,66,Indian Polity,Polity & Governance,Union & State Executive,easy,Single-answer,0,True,False,True,40,4,c,True,False,,9591d474f0e3eae2,UPSC official previous-question-paper archive,2019 source date <= PYQ year,,,,,UNVERIFIED,,,NOT DISCLOSED BY UPSC,No primary-source attribution entered without proposition-level evidence from a dated source published no later than the PYQ year.,,Inventory + analytical metadata complete; primary-source verification pending,BLOCKED_UNTIL_SOURCE_QA
UPSC-2019-GS1-Q067,2019,67,Indian Economy,Economy,Financial Markets & Capital Markets,easy,Single-answer,0,False,False,False,28,4,d,True,False,,88c792b9f7375f81,UPSC official previous-question-paper archive,2019 source date <= PYQ year,,,,,UNVERIFIED,,,NOT DISCLOSED BY UPSC,No primary-source attribution entered without proposition-level evidence from a dated source published no later than the PYQ year.,,Inventory + analytical metadata complete; primary-source verification pending,BLOCKED_UNTIL_SOURCE_QA
UPSC-2019-GS1-Q068,2019,68,Environment & Ecology,Environment & Ecology,Environmental Governance & Legislation,moderate,Multi-statement,2,False,False,False,51,4,a,True,False,,3fbef3d83b2f0106,UPSC official previous-question-paper archive,2019 source date <= PYQ year,,,,,UNVERIFIED,,,NOT DISCLOSED BY UPSC,No primary-source attribution entered without proposition-level evidence from a dated source published no later than the PYQ year.,,Inventory + analytical metadata complete; primary-source verification pending,BLOCKED_UNTIL_SOURCE_QA
UPSC-2019-GS1-Q069,2019,69,Indian Polity,Polity & Governance,Parliament & State Legislatures,moderate,Multi-statement,5,False,False,False,53,4,a,True,False,,371b3a37faa08e8d,UPSC official previous-question-paper archive,2019 source date <= PYQ year,,,,,UNVERIFIED,,,NOT DISCLOSED BY UPSC,No primary-source attribution entered without proposition-level evidence from a dated source published no later than the PYQ year.,,Inventory + analytical metadata complete; primary-source verification pending,BLOCKED_UNTIL_SOURCE_QA
UPSC-2019-GS1-Q070,2019,70,Indian Economy,Economy,Economic Planning & Five-Year Plans,moderate,Multi-statement,3,False,False,False,84,4,a,True,False,,a3c313e79460e4bb,UPSC official previous-question-paper archive,2019 source date <= PYQ year,,,,,UNVERIFIED,,,NOT DISCLOSED BY UPSC,No primary-source attribution entered without proposition-level evidence from a dated source published no later than the PYQ year.,,Inventory + analytical metadata complete; primary-source verification pending,BLOCKED_UNTIL_SOURCE_QA
UPSC-2019-GS1-Q071,2019,71,Indian Economy,Economy,International Institutions & Reports,moderate,Multi-statement,3,True,False,False,47,4,a,True,False,,c7ee15682fbaebae,UPSC official previous-question-paper archive,2019 source date <= PYQ year,,,,,UNVERIFIED,,,NOT DISCLOSED BY UPSC,No primary-source attribution entered without proposition-level evidence from a dated source published no later than the PYQ year.,,Inventory + analytical metadata complete; primary-source verification pending,BLOCKED_UNTIL_SOURCE_QA
UPSC-2019-GS1-Q072,2019,72,Indian Economy,Economy,Banking & Financial Sector,moderate,Single-answer,0,False,False,True,15,4,d,True,False,,81f79d7fd0bf362f,UPSC official previous-question-paper archive,2019 source date <= PYQ year,,,,,UNVERIFIED,,,NOT DISCLOSED BY UPSC,No primary-source attribution entered without proposition-level evidence from a dated source published no later than the PYQ year.,,Inventory + analytical metadata complete; primary-source verification pending,BLOCKED_UNTIL_SOURCE_QA
UPSC-2019-GS1-Q073,2019,73,Indian Economy,Economy,Banking & Financial Sector,easy,Single-answer,0,False,False,False,10,4,a,True,False,,09fc88a542a5ef42,UPSC official previous-question-paper archive,2019 source date <= PYQ year,,,,,UNVERIFIED,,,NOT DISCLOSED BY UPSC,No primary-source attribution entered without proposition-level evidence from a dated source published no later than the PYQ year.,,Inventory + analytical metadata complete; primary-source verification pending,BLOCKED_UNTIL_SOURCE_QA
UPSC-2019-GS1-Q074,2019,74,Indian Economy,Economy,Infrastructure & Industry,moderate,Multi-statement,3,False,False,False,61,4,b,True,False,,bea391212291eb89,UPSC official previous-question-paper archive,2019 source date <= PYQ year,,,,,UNVERIFIED,,,NOT DISCLOSED BY UPSC,No primary-source attribution entered without proposition-level evidence from a dated source published no later than the PYQ year.,,Inventory + analytical metadata complete; primary-source verification pending,BLOCKED_UNTIL_SOURCE_QA
UPSC-2019-GS1-Q075,2019,75,Science & Technology,Science & Technology,Computer & Information Technology,moderate,Single-answer,2,False,False,False,53,4,d,True,False,,d61607116d546aff,UPSC official previous-question-paper archive,2019 source date <= PYQ year,,,,,UNVERIFIED,,,NOT DISCLOSED BY UPSC,No primary-source attribution entered without proposition-level evidence from a dated source published no later than the PYQ year.,,Inventory + analytical metadata complete; primary-source verification pending,BLOCKED_UNTIL_SOURCE_QA
UPSC-2019-GS1-Q076,2019,76,Indian Polity,Polity & Governance,Social Justice & Vulnerable Sections,moderate,Multi-statement,3,False,False,False,59,4,c,True,False,,684554caa31dc8d5,UPSC official previous-question-paper archive,2019 source date <= PYQ year,,,,,UNVERIFIED,,,NOT DISCLOSED BY UPSC,No primary-source attribution entered without proposition-level evidence from a dated source published no later than the PYQ year.,,Inventory + analytical metadata complete; primary-source verification pending,BLOCKED_UNTIL_SOURCE_QA
UPSC-2019-GS1-Q077,2019,77,Indian Economy,Economy,International Institutions & Reports,easy,Single-answer,0,True,False,False,18,4,a,True,False,,7e955c4bd15de688,UPSC official previous-question-paper archive,2019 source date <= PYQ year,,,,,UNVERIFIED,,,NOT DISCLOSED BY UPSC,No primary-source attribution entered without proposition-level evidence from a dated source published no later than the PYQ year.,,Inventory + analytical metadata complete; primary-source verification pending,BLOCKED_UNTIL_SOURCE_QA
UPSC-2019-GS1-Q078,2019,78,Environment & Ecology,Environment & Ecology,Pollution & Waste Management,easy,Single-answer,0,False,False,False,16,4,c,True,False,,5df62d379be58ed5,UPSC official previous-question-paper archive,2019 source date <= PYQ year,,,,,UNVERIFIED,,,NOT DISCLOSED BY UPSC,No primary-source attribution entered without proposition-level evidence from a dated source published no later than the PYQ year.,,Inventory + analytical metadata complete; primary-source verification pending,BLOCKED_UNTIL_SOURCE_QA
UPSC-2019-GS1-Q079,2019,79,Indian Economy,Economy,"Human Development, Poverty & Employment Schemes",moderate,Single-answer,0,False,False,False,25,4,c,True,False,,4ad6849280f573da,UPSC official previous-question-paper archive,2019 source date <= PYQ year,,,,,UNVERIFIED,,,NOT DISCLOSED BY UPSC,No primary-source attribution entered without proposition-level evidence from a dated source published no later than the PYQ year.,,Inventory + analytical metadata complete; primary-source verification pending,BLOCKED_UNTIL_SOURCE_QA
UPSC-2019-GS1-Q080,2019,80,Indian Economy,Economy,"Human Development, Poverty & Employment Schemes",easy,Single-answer,0,False,False,False,20,4,d,True,False,,84806d8e5ec4df59,UPSC official previous-question-paper archive,2019 source date <= PYQ year,,,,,UNVERIFIED,,,NOT DISCLOSED BY UPSC,No primary-source attribution entered without proposition-level evidence from a dated source published no later than the PYQ year.,,Inventory + analytical metadata complete; primary-source verification pending,BLOCKED_UNTIL_SOURCE_QA
UPSC-2019-GS1-Q081,2019,81,Indian Polity,Polity & Governance,Judiciary,moderate,Multi-statement,2,False,False,False,56,4,d,True,False,,ca9bc7702c96bfd8,UPSC official previous-question-paper archive,2019 source date <= PYQ year,,,,,UNVERIFIED,,,NOT DISCLOSED BY UPSC,No primary-source attribution entered without proposition-level evidence from a dated source published no later than the PYQ year.,,Inventory + analytical metadata complete; primary-source verification pending,BLOCKED_UNTIL_SOURCE_QA
UPSC-2019-GS1-Q082,2019,82,Indian Economy,Economy,National Income & Economic Growth,easy,Multi-statement,2,False,False,False,52,4,a,True,False,,dd66565c3dc1961d,UPSC official previous-question-paper archive,2019 source date <= PYQ year,,,,,UNVERIFIED,,,NOT DISCLOSED BY UPSC,No primary-source attribution entered without proposition-level evidence from a dated source published no later than the PYQ year.,,Inventory + analytical metadata complete; primary-source verification pending,BLOCKED_UNTIL_SOURCE_QA
UPSC-2019-GS1-Q083,2019,83,Indian Economy,Economy,Agriculture & Rural Development,difficult,Multi-statement,4,False,False,False,68,4,a,True,False,,4d3ef7301707f5b7,UPSC official previous-question-paper archive,2019 source date <= PYQ year,,,,,UNVERIFIED,,,NOT DISCLOSED BY UPSC,No primary-source attribution entered without proposition-level evidence from a dated source published no later than the PYQ year.,,Inventory + analytical metadata complete; primary-source verification pending,BLOCKED_UNTIL_SOURCE_QA
UPSC-2019-GS1-Q084,2019,84,Indian Economy,Economy,International Trade & WTO,moderate,Single-answer,0,False,False,False,26,4,d,True,False,,e5bade159fa8fbd3,UPSC official previous-question-paper archive,2019 source date <= PYQ year,,,,,UNVERIFIED,,,NOT DISCLOSED BY UPSC,No primary-source attribution entered without proposition-level evidence from a dated source published no later than the PYQ year.,,Inventory + analytical metadata complete; primary-source verification pending,BLOCKED_UNTIL_SOURCE_QA
UPSC-2019-GS1-Q085,2019,85,Indian Polity,Polity & Governance,Political Theory & Concepts,easy,Single-answer,0,False,False,False,20,4,d,True,False,,174c376882dab732,UPSC official previous-question-paper archive,2019 source date <= PYQ year,,,,,UNVERIFIED,,,NOT DISCLOSED BY UPSC,No primary-source attribution entered without proposition-level evidence from a dated source published no later than the PYQ year.,,Inventory + analytical metadata complete; primary-source verification pending,BLOCKED_UNTIL_SOURCE_QA
UPSC-2019-GS1-Q086,2019,86,Indian Economy,Economy,External Sector & Balance Of Payments,moderate,Single-answer,0,True,False,False,21,4,d,True,False,,e2f74d57542ff2d6,UPSC official previous-question-paper archive,2019 source date <= PYQ year,,,,,UNVERIFIED,,,NOT DISCLOSED BY UPSC,No primary-source attribution entered without proposition-level evidence from a dated source published no later than the PYQ year.,,Inventory + analytical metadata complete; primary-source verification pending,BLOCKED_UNTIL_SOURCE_QA
UPSC-2019-GS1-Q087,2019,87,Indian Economy,Economy,Digital Payments & Financial Inclusion,moderate,Multi-statement,3,False,False,False,99,4,a,True,False,,124e91880e56a15e,UPSC official previous-question-paper archive,2019 source date <= PYQ year,,,,,UNVERIFIED,,,NOT DISCLOSED BY UPSC,No primary-source attribution entered without proposition-level evidence from a dated source published no later than the PYQ year.,,Inventory + analytical metadata complete; primary-source verification pending,BLOCKED_UNTIL_SOURCE_QA
UPSC-2019-GS1-Q088,2019,88,Science & Technology,Science & Technology,Computer & Information Technology,easy,Single-answer,0,False,False,False,33,4,c,True,False,,993de38b5cbbc223,UPSC official previous-question-paper archive,2019 source date <= PYQ year,,,,,UNVERIFIED,,,NOT DISCLOSED BY UPSC,No primary-source attribution entered without proposition-level evidence from a dated source published no later than the PYQ year.,,Inventory + analytical metadata complete; primary-source verification pending,BLOCKED_UNTIL_SOURCE_QA
UPSC-2019-GS1-Q089,2019,89,Current Affairs,Current Affairs,International Relations & Treaties,easy,Single-answer,0,False,True,True,26,4,b,True,False,,9cb6597c3fa19827,UPSC official previous-question-paper archive,2019 source date <= PYQ year,,,,,UNVERIFIED,,,NOT DISCLOSED BY UPSC,No primary-source attribution entered without proposition-level evidence from a dated source published no later than the PYQ year.,,Inventory + analytical metadata complete; primary-source verification pending,BLOCKED_UNTIL_SOURCE_QA
UPSC-2019-GS1-Q090,2019,90,Indian Economy,Economy,Monetary Policy & Money Supply,moderate,Single-answer,0,False,False,False,13,4,b,True,False,,067c145ad1813ab9,UPSC official previous-question-paper archive,2019 source date <= PYQ year,,,,,UNVERIFIED,,,NOT DISCLOSED BY UPSC,No primary-source attribution entered without proposition-level evidence from a dated source published no later than the PYQ year.,,Inventory + analytical metadata complete; primary-source verification pending,BLOCKED_UNTIL_SOURCE_QA
UPSC-2019-GS1-Q091,2019,91,Science & Technology,Science & Technology,Computer & Information Technology,moderate,Multi-statement,4,False,False,False,90,4,b,True,False,,168ab45bfe3a0d99,UPSC official previous-question-paper archive,2019 source date <= PYQ year,,,,,UNVERIFIED,,,NOT DISCLOSED BY UPSC,No primary-source attribution entered without proposition-level evidence from a dated source published no later than the PYQ year.,,Inventory + analytical metadata complete; primary-source verification pending,BLOCKED_UNTIL_SOURCE_QA
UPSC-2019-GS1-Q092,2019,92,Science & Technology,Science & Technology,Biology,easy,Single-answer,0,False,False,False,11,4,b,True,False,,3381269fd9d15e17,UPSC official previous-question-paper archive,2019 source date <= PYQ year,,,,,UNVERIFIED,,,NOT DISCLOSED BY UPSC,No primary-source attribution entered without proposition-level evidence from a dated source published no later than the PYQ year.,,Inventory + analytical metadata complete; primary-source verification pending,BLOCKED_UNTIL_SOURCE_QA
UPSC-2019-GS1-Q093,2019,93,Science & Technology,Science & Technology,Biotechnology & Genetics,difficult,Single-answer,0,True,False,False,17,4,a,True,False,,be9e33b860e5f0b2,UPSC official previous-question-paper archive,2019 source date <= PYQ year,,,,,UNVERIFIED,,,NOT DISCLOSED BY UPSC,No primary-source attribution entered without proposition-level evidence from a dated source published no later than the PYQ year.,,Inventory + analytical metadata complete; primary-source verification pending,BLOCKED_UNTIL_SOURCE_QA
UPSC-2019-GS1-Q094,2019,94,Science & Technology,Science & Technology,Computer & Information Technology,moderate,Multi-statement,3,False,False,False,64,4,c,True,False,,18fae9c447a61422,UPSC official previous-question-paper archive,2019 source date <= PYQ year,,,,,UNVERIFIED,,,NOT DISCLOSED BY UPSC,No primary-source attribution entered without proposition-level evidence from a dated source published no later than the PYQ year.,,Inventory + analytical metadata complete; primary-source verification pending,BLOCKED_UNTIL_SOURCE_QA
UPSC-2019-GS1-Q095,2019,95,Science & Technology,Science & Technology,Computer & Information Technology,moderate,Multi-statement,3,False,False,False,43,4,d,True,False,,66773b3904454f59,UPSC official previous-question-paper archive,2019 source date <= PYQ year,,,,,UNVERIFIED,,,NOT DISCLOSED BY UPSC,No primary-source attribution entered without proposition-level evidence from a dated source published no later than the PYQ year.,,Inventory + analytical metadata complete; primary-source verification pending,BLOCKED_UNTIL_SOURCE_QA
UPSC-2019-GS1-Q096,2019,96,Science & Technology,Science & Technology,Biotechnology & Genetics,moderate,Single-answer,4,False,False,False,69,4,a,True,False,,40eb361e59585664,UPSC official previous-question-paper archive,2019 source date <= PYQ year,,,,,UNVERIFIED,,,NOT DISCLOSED BY UPSC,No primary-source attribution entered without proposition-level evidence from a dated source published no later than the PYQ year.,,Inventory + analytical metadata complete; primary-source verification pending,BLOCKED_UNTIL_SOURCE_QA
UPSC-2019-GS1-Q097,2019,97,Science & Technology,Science & Technology,Space Technology & Astronomy,easy,Single-answer,0,False,False,True,22,4,b,True,False,,917669a639007fa3,UPSC official previous-question-paper archive,2019 source date <= PYQ year,,,,,UNVERIFIED,,,NOT DISCLOSED BY UPSC,No primary-source attribution entered without proposition-level evidence from a dated source published no later than the PYQ year.,,Inventory + analytical metadata complete; primary-source verification pending,BLOCKED_UNTIL_SOURCE_QA
UPSC-2019-GS1-Q098,2019,98,Science & Technology,Science & Technology,Health & Diseases,moderate,Multi-statement,4,True,False,False,55,4,b,True,False,,dc314e70eb1cc05d,UPSC official previous-question-paper archive,2019 source date <= PYQ year,,,,,UNVERIFIED,,,NOT DISCLOSED BY UPSC,No primary-source attribution entered without proposition-level evidence from a dated source published no later than the PYQ year.,,Inventory + analytical metadata complete; primary-source verification pending,BLOCKED_UNTIL_SOURCE_QA
UPSC-2019-GS1-Q099,2019,99,Science & Technology,Science & Technology,Biotechnology & Genetics,easy,Single-answer,0,False,False,False,10,4,a,True,False,,bb77b5c11dce05df,UPSC official previous-question-paper archive,2019 source date <= PYQ year,,,,,UNVERIFIED,,,NOT DISCLOSED BY UPSC,No primary-source attribution entered without proposition-level evidence from a dated source published no later than the PYQ year.,,Inventory + analytical metadata complete; primary-source verification pending,BLOCKED_UNTIL_SOURCE_QA
UPSC-2019-GS1-Q100,2019,100,Science & Technology,Science & Technology,Health & Diseases,moderate,Single-answer,0,True,False,False,9,4,b,True,False,,298d45e731ac6b5f,UPSC official previous-question-paper archive,2019 source date <= PYQ year,,,,,UNVERIFIED,,,NOT DISCLOSED BY UPSC,No primary-source attribution entered without proposition-level evidence from a dated source published no later than the PYQ year.,,Inventory + analytical metadata complete; primary-source verification pending,BLOCKED_UNTIL_SOURCE_QA
UPSC-2020-GS1-Q001,2020,1,Indian Polity,Polity & Governance,Constitutional & Statutory Bodies,difficult,Multi-statement,4,False,False,False,63,4,b,True,False,,aa76b9d360bb2072,UPSC official previous-question-paper archive,2020 source date <= PYQ year,,,,,UNVERIFIED,,,NOT DISCLOSED BY UPSC,No primary-source attribution entered without proposition-level evidence from a dated source published no later than the PYQ year.,,Inventory + analytical metadata complete; primary-source verification pending,BLOCKED_UNTIL_SOURCE_QA
UPSC-2020-GS1-Q002,2020,2,Indian Polity,Polity & Governance,Parliament & State Legislatures,easy,Single-answer,0,False,False,False,9,4,b,True,False,,2296d5049accc7b5,UPSC official previous-question-paper archive,2020 source date <= PYQ year,,,,,UNVERIFIED,,,NOT DISCLOSED BY UPSC,No primary-source attribution entered without proposition-level evidence from a dated source published no later than the PYQ year.,,Inventory + analytical metadata complete; primary-source verification pending,BLOCKED_UNTIL_SOURCE_QA
UPSC-2020-GS1-Q003,2020,3,Indian Polity,Polity & Governance,Public Finance & Finance Commission,moderate,Multi-statement,4,True,False,False,97,4,d,True,False,,8c2ebf50d7f739be,UPSC official previous-question-paper archive,2020 source date <= PYQ year,,,,,UNVERIFIED,,,NOT DISCLOSED BY UPSC,No primary-source attribution entered without proposition-level evidence from a dated source published no later than the PYQ year.,,Inventory + analytical metadata complete; primary-source verification pending,BLOCKED_UNTIL_SOURCE_QA
UPSC-2020-GS1-Q004,2020,4,Indian Polity,Polity & Governance,Fundamental Rights,easy,Single-answer,0,False,False,False,19,4,d,True,False,,6d8f17339ddfba71,UPSC official previous-question-paper archive,2020 source date <= PYQ year,,,,,UNVERIFIED,,,NOT DISCLOSED BY UPSC,No primary-source attribution entered without proposition-level evidence from a dated source published no later than the PYQ year.,,Inventory + analytical metadata complete; primary-source verification pending,BLOCKED_UNTIL_SOURCE_QA
UPSC-2020-GS1-Q005,2020,5,Indian Polity,Polity & Governance,Directive Principles Of State Policy,easy,Single-answer,0,False,False,False,11,4,b,True,False,,d8b29589ba35ae4a,UPSC official previous-question-paper archive,2020 source date <= PYQ year,,,,,UNVERIFIED,,,NOT DISCLOSED BY UPSC,No primary-source attribution entered without proposition-level evidence from a dated source published no later than the PYQ year.,,Inventory + analytical metadata complete; primary-source verification pending,BLOCKED_UNTIL_SOURCE_QA
UPSC-2020-GS1-Q006,2020,6,Indian Economy,Economy,Fiscal Policy & Budget,moderate,Single-answer,0,False,False,False,31,4,d,True,False,,7ee40fffafa7b91f,UPSC official previous-question-paper archive,2020 source date <= PYQ year,,,,,UNVERIFIED,,,NOT DISCLOSED BY UPSC,No primary-source attribution entered without proposition-level evidence from a dated source published no later than the PYQ year.,,Inventory + analytical metadata complete; primary-source verification pending,BLOCKED_UNTIL_SOURCE_QA
UPSC-2020-GS1-Q007,2020,7,Indian Polity,Polity & Governance,Constitutional Framework & Development,easy,Single-answer,0,False,False,False,7,4,d,True,False,,c4190270180a664f,UPSC official previous-question-paper archive,2020 source date <= PYQ year,,,,,UNVERIFIED,,,NOT DISCLOSED BY UPSC,No primary-source attribution entered without proposition-level evidence from a dated source published no later than the PYQ year.,,Inventory + analytical metadata complete; primary-source verification pending,BLOCKED_UNTIL_SOURCE_QA
UPSC-2020-GS1-Q008,2020,8,Indian Polity,Polity & Governance,Constitutional Framework & Development,moderate,Multi-statement,3,False,False,False,50,4,d,True,False,,f92efc850abdbf04,UPSC official previous-question-paper archive,2020 source date <= PYQ year,,,,,UNVERIFIED,,,NOT DISCLOSED BY UPSC,No primary-source attribution entered without proposition-level evidence from a dated source published no later than the PYQ year.,,Inventory + analytical metadata complete; primary-source verification pending,BLOCKED_UNTIL_SOURCE_QA
UPSC-2020-GS1-Q009,2020,9,Indian Polity,Polity & Governance,Constitutional & Statutory Bodies,moderate,Multi-statement,4,False,False,False,70,4,a,True,False,,f21f7195274107ed,UPSC official previous-question-paper archive,2020 source date <= PYQ year,,,,,UNVERIFIED,,,NOT DISCLOSED BY UPSC,No primary-source attribution entered without proposition-level evidence from a dated source published no later than the PYQ year.,,Inventory + analytical metadata complete; primary-source verification pending,BLOCKED_UNTIL_SOURCE_QA
UPSC-2020-GS1-Q010,2020,10,Current Affairs,Current Affairs,International Relations & Treaties,moderate,Match/Pair,4,False,True,False,48,4,c,True,False,,5b9169fc7cda33c4,UPSC official previous-question-paper archive,2020 source date <= PYQ year,,,,,UNVERIFIED,,,NOT DISCLOSED BY UPSC,No primary-source attribution entered without proposition-level evidence from a dated source published no later than the PYQ year.,,Inventory + analytical metadata complete; primary-source verification pending,BLOCKED_UNTIL_SOURCE_QA
UPSC-2020-GS1-Q011,2020,11,Indian Polity,Polity & Governance,Parliament & State Legislatures,easy,Single-answer,0,False,False,False,9,4,b,True,False,,6d03d26c30cf143d,UPSC official previous-question-paper archive,2020 source date <= PYQ year,,,,,UNVERIFIED,,,NOT DISCLOSED BY UPSC,No primary-source attribution entered without proposition-level evidence from a dated source published no later than the PYQ year.,,Inventory + analytical metadata complete; primary-source verification pending,BLOCKED_UNTIL_SOURCE_QA
UPSC-2020-GS1-Q012,2020,12,Indian Polity,Polity & Governance,Directive Principles Of State Policy,easy,Single-answer,0,False,False,False,14,4,a,True,False,,f830732a11a04af5,UPSC official previous-question-paper archive,2020 source date <= PYQ year,,,,,UNVERIFIED,,,NOT DISCLOSED BY UPSC,No primary-source attribution entered without proposition-level evidence from a dated source published no later than the PYQ year.,,Inventory + analytical metadata complete; primary-source verification pending,BLOCKED_UNTIL_SOURCE_QA
UPSC-2020-GS1-Q013,2020,13,Indian Polity,Polity & Governance,Constitutional Framework & Development,moderate,Multi-statement,2,False,False,False,57,4,d,True,False,,1187f599f7ef4c58,UPSC official previous-question-paper archive,2020 source date <= PYQ year,,,,,UNVERIFIED,,,NOT DISCLOSED BY UPSC,No primary-source attribution entered without proposition-level evidence from a dated source published no later than the PYQ year.,,Inventory + analytical metadata complete; primary-source verification pending,BLOCKED_UNTIL_SOURCE_QA
UPSC-2020-GS1-Q014,2020,14,Modern History,History,Key Personalities & Ideologies,moderate,Single-answer,0,False,False,False,8,4,a,True,False,,20d4e7c3440ca0f9,UPSC official previous-question-paper archive,2020 source date <= PYQ year,,,,,UNVERIFIED,,,NOT DISCLOSED BY UPSC,No primary-source attribution entered without proposition-level evidence from a dated source published no later than the PYQ year.,,Inventory + analytical metadata complete; primary-source verification pending,BLOCKED_UNTIL_SOURCE_QA
UPSC-2020-GS1-Q015,2020,15,Indian Polity,Polity & Governance,Union & State Executive,easy,Single-answer,0,False,False,False,17,4,d,True,False,,06195637753bed57,UPSC official previous-question-paper archive,2020 source date <= PYQ year,,,,,UNVERIFIED,,,NOT DISCLOSED BY UPSC,No primary-source attribution entered without proposition-level evidence from a dated source published no later than the PYQ year.,,Inventory + analytical metadata complete; primary-source verification pending,BLOCKED_UNTIL_SOURCE_QA
UPSC-2020-GS1-Q016,2020,16,Indian Polity,Polity & Governance,Constitutional Framework & Development,easy,Single-answer,0,False,False,False,8,4,d,True,False,,de4659d102e4c6dc,UPSC official previous-question-paper archive,2020 source date <= PYQ year,,,,,UNVERIFIED,,,NOT DISCLOSED BY UPSC,No primary-source attribution entered without proposition-level evidence from a dated source published no later than the PYQ year.,,Inventory + analytical metadata complete; primary-source verification pending,BLOCKED_UNTIL_SOURCE_QA
UPSC-2020-GS1-Q017,2020,17,Indian Economy,Economy,International Institutions & Reports,easy,Single-answer,0,False,False,False,6,4,d,True,False,,fa5d5dabab7b5d52,UPSC official previous-question-paper archive,2020 source date <= PYQ year,,,,,UNVERIFIED,,,NOT DISCLOSED BY UPSC,No primary-source attribution entered without proposition-level evidence from a dated source published no later than the PYQ year.,,Inventory + analytical metadata complete; primary-source verification pending,BLOCKED_UNTIL_SOURCE_QA
UPSC-2020-GS1-Q018,2020,18,Indian Polity,Polity & Governance,Directive Principles Of State Policy,moderate,Multi-statement,3,True,False,False,66,4,d,True,False,,48f7fe3481d9df8d,UPSC official previous-question-paper archive,2020 source date <= PYQ year,,,,,UNVERIFIED,,,NOT DISCLOSED BY UPSC,No primary-source attribution entered without proposition-level evidence from a dated source published no later than the PYQ year.,,Inventory + analytical metadata complete; primary-source verification pending,BLOCKED_UNTIL_SOURCE_QA
UPSC-2020-GS1-Q019,2020,19,Polity,Polity & Governance,Elections,moderate,Multi-statement,2,True,False,False,88,4,d,True,False,,ad81c8b1e474c605,UPSC official previous-question-paper archive,2020 source date <= PYQ year,,,,,UNVERIFIED,,,NOT DISCLOSED BY UPSC,No primary-source attribution entered without proposition-level evidence from a dated source published no later than the PYQ year.,,Inventory + analytical metadata complete; primary-source verification pending,BLOCKED_UNTIL_SOURCE_QA
UPSC-2020-GS1-Q020,2020,20,Indian Polity,Polity & Governance,Parliament & State Legislatures,moderate,Multi-statement,3,True,False,False,76,4,c,True,False,,cd7d8219e58c0133,UPSC official previous-question-paper archive,2020 source date <= PYQ year,,,,,UNVERIFIED,,,NOT DISCLOSED BY UPSC,No primary-source attribution entered without proposition-level evidence from a dated source published no later than the PYQ year.,,Inventory + analytical metadata complete; primary-source verification pending,BLOCKED_UNTIL_SOURCE_QA
UPSC-2020-GS1-Q021,2020,21,Modern History,History,British Administration & Economic Policies,moderate,Match/Pair,3,False,False,False,50,4,b,True,False,,46c7e9a7c76ed0c7,UPSC official previous-question-paper archive,2020 source date <= PYQ year,,,,,UNVERIFIED,,,NOT DISCLOSED BY UPSC,No primary-source attribution entered without proposition-level evidence from a dated source published no later than the PYQ year.,,Inventory + analytical metadata complete; primary-source verification pending,BLOCKED_UNTIL_SOURCE_QA
UPSC-2020-GS1-Q022,2020,22,Ancient History,History,Buddhism & Jainism,difficult,Multi-statement,3,False,False,False,50,4,b,True,False,,6c991bec9404206b,UPSC official previous-question-paper archive,2020 source date <= PYQ year,,,,,UNVERIFIED,,,NOT DISCLOSED BY UPSC,No primary-source attribution entered without proposition-level evidence from a dated source published no later than the PYQ year.,,Inventory + analytical metadata complete; primary-source verification pending,BLOCKED_UNTIL_SOURCE_QA
UPSC-2020-GS1-Q023,2020,23,Modern History,History,British Administration & Economic Policies,easy,Single-answer,0,False,False,False,23,4,a,True,False,,eca68644f84f84a6,UPSC official previous-question-paper archive,2020 source date <= PYQ year,,,,,UNVERIFIED,,,NOT DISCLOSED BY UPSC,No primary-source attribution entered without proposition-level evidence from a dated source published no later than the PYQ year.,,Inventory + analytical metadata complete; primary-source verification pending,BLOCKED_UNTIL_SOURCE_QA
UPSC-2020-GS1-Q024,2020,24,Ancient History,History,Post-Gupta & Early Medieval Dynasties,moderate,Multi-statement,4,False,False,False,57,4,c,True,False,,808cf197a5b44cb8,UPSC official previous-question-paper archive,2020 source date <= PYQ year,,,,,UNVERIFIED,,,NOT DISCLOSED BY UPSC,No primary-source attribution entered without proposition-level evidence from a dated source published no later than the PYQ year.,,Inventory + analytical metadata complete; primary-source verification pending,BLOCKED_UNTIL_SOURCE_QA
UPSC-2020-GS1-Q025,2020,25,Ancient History,History,Trade & Economy,easy,Single-answer,0,False,False,False,22,4,c,True,False,,c501028591569af8,UPSC official previous-question-paper archive,2020 source date <= PYQ year,,,,,UNVERIFIED,,,NOT DISCLOSED BY UPSC,No primary-source attribution entered without proposition-level evidence from a dated source published no later than the PYQ year.,,Inventory + analytical metadata complete; primary-source verification pending,BLOCKED_UNTIL_SOURCE_QA
UPSC-2020-GS1-Q026,2020,26,Modern History,History,Early Nationalism & Indian National Congress (1885-1915),moderate,Multi-statement,3,False,False,False,71,4,a,True,False,,e9655f2384daad35,UPSC official previous-question-paper archive,2020 source date <= PYQ year,,,,,UNVERIFIED,,,NOT DISCLOSED BY UPSC,No primary-source attribution entered without proposition-level evidence from a dated source published no later than the PYQ year.,,Inventory + analytical metadata complete; primary-source verification pending,BLOCKED_UNTIL_SOURCE_QA
UPSC-2020-GS1-Q027,2020,27,Modern History,History,Gandhian Mass Movements (1915-1942),moderate,Multi-statement,4,True,False,False,64,4,c,True,True,CANCELLED,2428ee6b4edc8740,UPSC official previous-question-paper archive,2020 source date <= PYQ year,,,,,UNVERIFIED,,,NOT DISCLOSED BY UPSC,No primary-source attribution entered without proposition-level evidence from a dated source published no later than the PYQ year.,,Inventory + analytical metadata complete; primary-source verification pending,BLOCKED_UNTIL_SOURCE_QA
UPSC-2020-GS1-Q028,2020,28,Modern History,History,Social & Religious Reform Movements,moderate,Single-answer,0,False,False,False,18,4,a,True,False,,94e7732aa939229d,UPSC official previous-question-paper archive,2020 source date <= PYQ year,,,,,UNVERIFIED,,,NOT DISCLOSED BY UPSC,No primary-source attribution entered without proposition-level evidence from a dated source published no later than the PYQ year.,,Inventory + analytical metadata complete; primary-source verification pending,BLOCKED_UNTIL_SOURCE_QA
UPSC-2020-GS1-Q029,2020,29,Ancient History,History,"Society, Law & Administration",easy,Single-answer,0,False,False,False,13,4,a,True,False,,6aca7b571636f399,UPSC official previous-question-paper archive,2020 source date <= PYQ year,,,,,UNVERIFIED,,,NOT DISCLOSED BY UPSC,No primary-source attribution entered without proposition-level evidence from a dated source published no later than the PYQ year.,,Inventory + analytical metadata complete; primary-source verification pending,BLOCKED_UNTIL_SOURCE_QA
UPSC-2020-GS1-Q030,2020,30,Ancient History,History,Mauryan Empire,moderate,Single-answer,0,False,False,False,45,4,a,True,False,,8526f9debbbdc21a,UPSC official previous-question-paper archive,2020 source date <= PYQ year,,,,,UNVERIFIED,,,NOT DISCLOSED BY UPSC,No primary-source attribution entered without proposition-level evidence from a dated source published no later than the PYQ year.,,Inventory + analytical metadata complete; primary-source verification pending,BLOCKED_UNTIL_SOURCE_QA
UPSC-2020-GS1-Q031,2020,31,Art & Culture,Art & Culture,Philosophy & Religion,moderate,Single-answer,0,False,False,False,22,4,c,True,False,,589f0c17a0dcd6f4,UPSC official previous-question-paper archive,2020 source date <= PYQ year,,,,,UNVERIFIED,,,NOT DISCLOSED BY UPSC,No primary-source attribution entered without proposition-level evidence from a dated source published no later than the PYQ year.,,Inventory + analytical metadata complete; primary-source verification pending,BLOCKED_UNTIL_SOURCE_QA
UPSC-2020-GS1-Q032,2020,32,Modern History,History,Social & Religious Reform Movements,moderate,Single-answer,3,False,False,False,38,4,b,True,False,,38276e18f197f109,UPSC official previous-question-paper archive,2020 source date <= PYQ year,,,,,UNVERIFIED,,,NOT DISCLOSED BY UPSC,No primary-source attribution entered without proposition-level evidence from a dated source published no later than the PYQ year.,,Inventory + analytical metadata complete; primary-source verification pending,BLOCKED_UNTIL_SOURCE_QA
UPSC-2020-GS1-Q033,2020,33,Modern History,History,British Administration & Economic Policies,easy,Single-answer,0,False,False,False,14,4,b,True,False,,bd452759189e510c,UPSC official previous-question-paper archive,2020 source date <= PYQ year,,,,,UNVERIFIED,,,NOT DISCLOSED BY UPSC,No primary-source attribution entered without proposition-level evidence from a dated source published no later than the PYQ year.,,Inventory + analytical metadata complete; primary-source verification pending,BLOCKED_UNTIL_SOURCE_QA
UPSC-2020-GS1-Q034,2020,34,Modern History,History,British Administration & Economic Policies,easy,Single-answer,0,False,False,False,9,4,d,True,False,,69c0ebb060ef69b0,UPSC official previous-question-paper archive,2020 source date <= PYQ year,,,,,UNVERIFIED,,,NOT DISCLOSED BY UPSC,No primary-source attribution entered without proposition-level evidence from a dated source published no later than the PYQ year.,,Inventory + analytical metadata complete; primary-source verification pending,BLOCKED_UNTIL_SOURCE_QA
UPSC-2020-GS1-Q035,2020,35,Modern History,History,"Peasant, Tribal & Labour Movements",moderate,Single-answer,0,False,False,False,22,4,d,True,False,,1e54476b185d4ec1,UPSC official previous-question-paper archive,2020 source date <= PYQ year,,,,,UNVERIFIED,,,NOT DISCLOSED BY UPSC,No primary-source attribution entered without proposition-level evidence from a dated source published no later than the PYQ year.,,Inventory + analytical metadata complete; primary-source verification pending,BLOCKED_UNTIL_SOURCE_QA
UPSC-2020-GS1-Q036,2020,36,Art & Culture,Art & Culture,Literature & Languages,moderate,Multi-statement,4,False,False,False,44,4,c,True,False,,7c639b0c47c4e38a,UPSC official previous-question-paper archive,2020 source date <= PYQ year,,,,,UNVERIFIED,,,NOT DISCLOSED BY UPSC,No primary-source attribution entered without proposition-level evidence from a dated source published no later than the PYQ year.,,Inventory + analytical metadata complete; primary-source verification pending,BLOCKED_UNTIL_SOURCE_QA
UPSC-2020-GS1-Q037,2020,37,Science & Technology,Science & Technology,Biotechnology & Genetics,moderate,Single-answer,0,False,False,False,15,4,d,True,False,,b8c2712cb5daba1f,UPSC official previous-question-paper archive,2020 source date <= PYQ year,,,,,UNVERIFIED,,,NOT DISCLOSED BY UPSC,No primary-source attribution entered without proposition-level evidence from a dated source published no later than the PYQ year.,,Inventory + analytical metadata complete; primary-source verification pending,BLOCKED_UNTIL_SOURCE_QA
UPSC-2020-GS1-Q038,2020,38,Science & Technology,Science & Technology,Computer & Information Technology,moderate,Multi-statement,5,False,False,False,53,4,b,True,False,,3c00cf5c9ff66570,UPSC official previous-question-paper archive,2020 source date <= PYQ year,,,,,UNVERIFIED,,,NOT DISCLOSED BY UPSC,No primary-source attribution entered without proposition-level evidence from a dated source published no later than the PYQ year.,,Inventory + analytical metadata complete; primary-source verification pending,BLOCKED_UNTIL_SOURCE_QA
UPSC-2020-GS1-Q039,2020,39,Science & Technology,Science & Technology,Computer & Information Technology,moderate,Multi-statement,4,False,False,False,62,4,c,True,False,,d124b026b59a6e5b,UPSC official previous-question-paper archive,2020 source date <= PYQ year,,,,,UNVERIFIED,,,NOT DISCLOSED BY UPSC,No primary-source attribution entered without proposition-level evidence from a dated source published no later than the PYQ year.,,Inventory + analytical metadata complete; primary-source verification pending,BLOCKED_UNTIL_SOURCE_QA
UPSC-2020-GS1-Q040,2020,40,Science & Technology,Science & Technology,Computer & Information Technology,moderate,Multi-statement,3,False,False,False,69,4,d,True,False,,39a3935b3b87dc70,UPSC official previous-question-paper archive,2020 source date <= PYQ year,,,,,UNVERIFIED,,,NOT DISCLOSED BY UPSC,No primary-source attribution entered without proposition-level evidence from a dated source published no later than the PYQ year.,,Inventory + analytical metadata complete; primary-source verification pending,BLOCKED_UNTIL_SOURCE_QA
UPSC-2020-GS1-Q041,2020,41,Science & Technology,Science & Technology,Materials & Engineering,difficult,Multi-statement,4,False,False,False,63,4,c,True,False,,fe2b51a9670261ac,UPSC official previous-question-paper archive,2020 source date <= PYQ year,,,,,UNVERIFIED,,,NOT DISCLOSED BY UPSC,No primary-source attribution entered without proposition-level evidence from a dated source published no later than the PYQ year.,,Inventory + analytical metadata complete; primary-source verification pending,BLOCKED_UNTIL_SOURCE_QA
UPSC-2020-GS1-Q042,2020,42,Science & Technology,Science & Technology,Defence Technology,moderate,Multi-statement,3,False,False,False,49,4,d,True,False,,921f5978ade156bc,UPSC official previous-question-paper archive,2020 source date <= PYQ year,,,,,UNVERIFIED,,,NOT DISCLOSED BY UPSC,No primary-source attribution entered without proposition-level evidence from a dated source published no later than the PYQ year.,,Inventory + analytical metadata complete; primary-source verification pending,BLOCKED_UNTIL_SOURCE_QA
UPSC-2020-GS1-Q043,2020,43,Science & Technology,Science & Technology,Space Technology & Astronomy,moderate,Single-answer,0,False,False,False,37,4,d,True,False,,7a3c918970b12d9a,UPSC official previous-question-paper archive,2020 source date <= PYQ year,,,,,UNVERIFIED,,,NOT DISCLOSED BY UPSC,No primary-source attribution entered without proposition-level evidence from a dated source published no later than the PYQ year.,,Inventory + analytical metadata complete; primary-source verification pending,BLOCKED_UNTIL_SOURCE_QA
UPSC-2020-GS1-Q044,2020,44,Science & Technology,Science & Technology,Biotechnology & Genetics,moderate,Multi-statement,3,False,False,False,61,4,d,True,False,,2c7fc9d67e11f49a,UPSC official previous-question-paper archive,2020 source date <= PYQ year,,,,,UNVERIFIED,,,NOT DISCLOSED BY UPSC,No primary-source attribution entered without proposition-level evidence from a dated source published no later than the PYQ year.,,Inventory + analytical metadata complete; primary-source verification pending,BLOCKED_UNTIL_SOURCE_QA
UPSC-2020-GS1-Q045,2020,45,Science & Technology,Science & Technology,Health & Diseases,moderate,Single-answer,3,True,False,False,61,4,b,True,False,,38c628adf3285b11,UPSC official previous-question-paper archive,2020 source date <= PYQ year,,,,,UNVERIFIED,,,NOT DISCLOSED BY UPSC,No primary-source attribution entered without proposition-level evidence from a dated source published no later than the PYQ year.,,Inventory + analytical metadata complete; primary-source verification pending,BLOCKED_UNTIL_SOURCE_QA
UPSC-2020-GS1-Q046,2020,46,Science & Technology,Science & Technology,Computer & Information Technology,easy,Single-answer,0,False,False,False,13,4,a,True,False,,2803c566843f36e1,UPSC official previous-question-paper archive,2020 source date <= PYQ year,,,,,UNVERIFIED,,,NOT DISCLOSED BY UPSC,No primary-source attribution entered without proposition-level evidence from a dated source published no later than the PYQ year.,,Inventory + analytical metadata complete; primary-source verification pending,BLOCKED_UNTIL_SOURCE_QA
UPSC-2020-GS1-Q047,2020,47,Science & Technology,Science & Technology,Biology,easy,Multi-statement,3,True,False,False,67,4,c,True,False,,a80ea3679b83d1f5,UPSC official previous-question-paper archive,2020 source date <= PYQ year,,,,,UNVERIFIED,,,NOT DISCLOSED BY UPSC,No primary-source attribution entered without proposition-level evidence from a dated source published no later than the PYQ year.,,Inventory + analytical metadata complete; primary-source verification pending,BLOCKED_UNTIL_SOURCE_QA
UPSC-2020-GS1-Q048,2020,48,Environment,Environment & Ecology,Pollution,moderate,Multi-statement,5,False,False,False,43,4,a,True,False,,da6030cde9860615,UPSC official previous-question-paper archive,2020 source date <= PYQ year,,,,,UNVERIFIED,,,NOT DISCLOSED BY UPSC,No primary-source attribution entered without proposition-level evidence from a dated source published no later than the PYQ year.,,Inventory + analytical metadata complete; primary-source verification pending,BLOCKED_UNTIL_SOURCE_QA
UPSC-2020-GS1-Q049,2020,49,Indian Economy,Economy,External Sector & Balance Of Payments,moderate,Multi-statement,3,True,False,False,55,4,a,True,False,,b9454a0b3b530d8a,UPSC official previous-question-paper archive,2020 source date <= PYQ year,,,,,UNVERIFIED,,,NOT DISCLOSED BY UPSC,No primary-source attribution entered without proposition-level evidence from a dated source published no later than the PYQ year.,,Inventory + analytical metadata complete; primary-source verification pending,BLOCKED_UNTIL_SOURCE_QA
UPSC-2020-GS1-Q050,2020,50,Indian Economy,Economy,Monetary Policy & Money Supply,easy,Single-answer,0,False,False,False,27,4,d,True,False,,ab30ce934bb2c620,UPSC official previous-question-paper archive,2020 source date <= PYQ year,,,,,UNVERIFIED,,,NOT DISCLOSED BY UPSC,No primary-source attribution entered without proposition-level evidence from a dated source published no later than the PYQ year.,,Inventory + analytical metadata complete; primary-source verification pending,BLOCKED_UNTIL_SOURCE_QA
UPSC-2020-GS1-Q051,2020,51,Indian Economy,Economy,External Sector & Balance Of Payments,easy,Single-answer,0,False,False,False,19,4,b,True,False,,d3055cce35f530e6,UPSC official previous-question-paper archive,2020 source date <= PYQ year,,,,,UNVERIFIED,,,NOT DISCLOSED BY UPSC,No primary-source attribution entered without proposition-level evidence from a dated source published no later than the PYQ year.,,Inventory + analytical metadata complete; primary-source verification pending,BLOCKED_UNTIL_SOURCE_QA
UPSC-2020-GS1-Q052,2020,52,Indian Economy,Economy,External Sector & Balance Of Payments,moderate,Multi-statement,4,False,False,False,75,4,c,True,True,CANCELLED,a5ab40a7b3a8a5af,UPSC official previous-question-paper archive,2020 source date <= PYQ year,,,,,UNVERIFIED,,,NOT DISCLOSED BY UPSC,No primary-source attribution entered without proposition-level evidence from a dated source published no later than the PYQ year.,,Inventory + analytical metadata complete; primary-source verification pending,BLOCKED_UNTIL_SOURCE_QA
UPSC-2020-GS1-Q053,2020,53,Indian Economy,Economy,Financial Markets & Capital Markets,easy,Single-answer,0,False,False,False,14,4,a,True,False,,d8b3f9a39e249c3b,UPSC official previous-question-paper archive,2020 source date <= PYQ year,,,,,UNVERIFIED,,,NOT DISCLOSED BY UPSC,No primary-source attribution entered without proposition-level evidence from a dated source published no later than the PYQ year.,,Inventory + analytical metadata complete; primary-source verification pending,BLOCKED_UNTIL_SOURCE_QA
UPSC-2020-GS1-Q054,2020,54,Indian Economy,Economy,Fiscal Policy & Budget,moderate,Multi-statement,3,False,False,False,40,4,d,True,False,,13264c0348cfd54d,UPSC official previous-question-paper archive,2020 source date <= PYQ year,,,,,UNVERIFIED,,,NOT DISCLOSED BY UPSC,No primary-source attribution entered without proposition-level evidence from a dated source published no later than the PYQ year.,,Inventory + analytical metadata complete; primary-source verification pending,BLOCKED_UNTIL_SOURCE_QA
UPSC-2020-GS1-Q055,2020,55,Science & Technology,Science & Technology,Energy & Environment,moderate,Single-answer,0,True,False,False,16,4,b,True,False,,56ac6eb7273fb200,UPSC official previous-question-paper archive,2020 source date <= PYQ year,,,,,UNVERIFIED,,,NOT DISCLOSED BY UPSC,No primary-source attribution entered without proposition-level evidence from a dated source published no later than the PYQ year.,,Inventory + analytical metadata complete; primary-source verification pending,BLOCKED_UNTIL_SOURCE_QA
UPSC-2020-GS1-Q056,2020,56,Indian Economy,Economy,International Trade & WTO,moderate,Multi-statement,3,True,False,False,60,4,c,True,False,,b397b47048431711,UPSC official previous-question-paper archive,2020 source date <= PYQ year,,,,,UNVERIFIED,,,NOT DISCLOSED BY UPSC,No primary-source attribution entered without proposition-level evidence from a dated source published no later than the PYQ year.,,Inventory + analytical metadata complete; primary-source verification pending,BLOCKED_UNTIL_SOURCE_QA
UPSC-2020-GS1-Q057,2020,57,Indian Economy,Economy,Monetary Policy & Money Supply,moderate,Multi-statement,3,True,False,False,52,4,b,True,False,,cef772b663650cdf,UPSC official previous-question-paper archive,2020 source date <= PYQ year,,,,,UNVERIFIED,,,NOT DISCLOSED BY UPSC,No primary-source attribution entered without proposition-level evidence from a dated source published no later than the PYQ year.,,Inventory + analytical metadata complete; primary-source verification pending,BLOCKED_UNTIL_SOURCE_QA
UPSC-2020-GS1-Q058,2020,58,Indian Economy,Economy,Agriculture & Rural Development,difficult,Multi-statement,4,False,False,False,76,4,b,True,False,,b27bc368a0ab1ab8,UPSC official previous-question-paper archive,2020 source date <= PYQ year,,,,,UNVERIFIED,,,NOT DISCLOSED BY UPSC,No primary-source attribution entered without proposition-level evidence from a dated source published no later than the PYQ year.,,Inventory + analytical metadata complete; primary-source verification pending,BLOCKED_UNTIL_SOURCE_QA
UPSC-2020-GS1-Q059,2020,59,Indian Economy,Economy,Banking & Financial Sector,moderate,Multi-statement,2,False,False,False,62,4,b,True,False,,d8bd8588027ce4b8,UPSC official previous-question-paper archive,2020 source date <= PYQ year,,,,,UNVERIFIED,,,NOT DISCLOSED BY UPSC,No primary-source attribution entered without proposition-level evidence from a dated source published no later than the PYQ year.,,Inventory + analytical metadata complete; primary-source verification pending,BLOCKED_UNTIL_SOURCE_QA
UPSC-2020-GS1-Q060,2020,60,Science & Technology,Science & Technology,Computer & Information Technology,moderate,Multi-statement,4,False,False,False,102,4,b,True,False,,a52b91c00e9038ed,UPSC official previous-question-paper archive,2020 source date <= PYQ year,,,,,UNVERIFIED,,,NOT DISCLOSED BY UPSC,No primary-source attribution entered without proposition-level evidence from a dated source published no later than the PYQ year.,,Inventory + analytical metadata complete; primary-source verification pending,BLOCKED_UNTIL_SOURCE_QA
UPSC-2020-GS1-Q061,2020,61,Indian Economy,Economy,Agriculture & Rural Development,moderate,Multi-statement,5,False,False,False,72,4,c,True,False,,8eab9bad18b7c269,UPSC official previous-question-paper archive,2020 source date <= PYQ year,,,,,UNVERIFIED,,,NOT DISCLOSED BY UPSC,No primary-source attribution entered without proposition-level evidence from a dated source published no later than the PYQ year.,,Inventory + analytical metadata complete; primary-source verification pending,BLOCKED_UNTIL_SOURCE_QA
UPSC-2020-GS1-Q062,2020,62,Indian Economy,Economy,Banking & Financial Sector,easy,Single-answer,3,False,False,False,86,4,a,True,False,,d028d0e1ccc2adf7,UPSC official previous-question-paper archive,2020 source date <= PYQ year,,,,,UNVERIFIED,,,NOT DISCLOSED BY UPSC,No primary-source attribution entered without proposition-level evidence from a dated source published no later than the PYQ year.,,Inventory + analytical metadata complete; primary-source verification pending,BLOCKED_UNTIL_SOURCE_QA
UPSC-2020-GS1-Q063,2020,63,Indian Economy,Economy,Agriculture & Rural Development,easy,Multi-statement,4,False,False,True,41,4,d,True,False,,60e653f28e812963,UPSC official previous-question-paper archive,2020 source date <= PYQ year,,,,,UNVERIFIED,,,NOT DISCLOSED BY UPSC,No primary-source attribution entered without proposition-level evidence from a dated source published no later than the PYQ year.,,Inventory + analytical metadata complete; primary-source verification pending,BLOCKED_UNTIL_SOURCE_QA
UPSC-2020-GS1-Q064,2020,64,Indian Economy,Economy,International Trade & WTO,moderate,Multi-statement,3,False,False,False,61,4,b,True,False,,eaf1c08ef19aaf6a,UPSC official previous-question-paper archive,2020 source date <= PYQ year,,,,,UNVERIFIED,,,NOT DISCLOSED BY UPSC,No primary-source attribution entered without proposition-level evidence from a dated source published no later than the PYQ year.,,Inventory + analytical metadata complete; primary-source verification pending,BLOCKED_UNTIL_SOURCE_QA
UPSC-2020-GS1-Q065,2020,65,Current Affairs,Current Affairs,International Organisations & Groupings,easy,Single-answer,0,False,True,False,16,4,a,True,False,,920e828dd85a955a,UPSC official previous-question-paper archive,2020 source date <= PYQ year,,,,,UNVERIFIED,,,NOT DISCLOSED BY UPSC,No primary-source attribution entered without proposition-level evidence from a dated source published no later than the PYQ year.,,Inventory + analytical metadata complete; primary-source verification pending,BLOCKED_UNTIL_SOURCE_QA
UPSC-2020-GS1-Q066,2020,66,Indian Economy,Economy,Agriculture & Rural Development,moderate,Multi-statement,5,False,False,False,69,4,b,True,False,,ea4651b0f2f1432e,UPSC official previous-question-paper archive,2020 source date <= PYQ year,,,,,UNVERIFIED,,,NOT DISCLOSED BY UPSC,No primary-source attribution entered without proposition-level evidence from a dated source published no later than the PYQ year.,,Inventory + analytical metadata complete; primary-source verification pending,BLOCKED_UNTIL_SOURCE_QA
UPSC-2020-GS1-Q067,2020,67,Indian Economy,Economy,Inflation & Price Indices,easy,Multi-statement,3,True,False,False,72,4,a,True,False,,90ee0d75a06ecd16,UPSC official previous-question-paper archive,2020 source date <= PYQ year,,,,,UNVERIFIED,,,NOT DISCLOSED BY UPSC,No primary-source attribution entered without proposition-level evidence from a dated source published no later than the PYQ year.,,Inventory + analytical metadata complete; primary-source verification pending,BLOCKED_UNTIL_SOURCE_QA
UPSC-2020-GS1-Q068,2020,68,Geography,Geography,World Physical Geography,easy,Match/Pair,4,False,False,False,36,4,c,True,False,,805c38131ec083ad,UPSC official previous-question-paper archive,2020 source date <= PYQ year,,,,,UNVERIFIED,,,NOT DISCLOSED BY UPSC,No primary-source attribution entered without proposition-level evidence from a dated source published no later than the PYQ year.,,Inventory + analytical metadata complete; primary-source verification pending,BLOCKED_UNTIL_SOURCE_QA
UPSC-2020-GS1-Q069,2020,69,Indian Economy,Economy,Agriculture & Rural Development,moderate,Multi-statement,2,False,False,False,64,4,d,True,False,,1ee99a007a287fe3,UPSC official previous-question-paper archive,2020 source date <= PYQ year,,,,,UNVERIFIED,,,NOT DISCLOSED BY UPSC,No primary-source attribution entered without proposition-level evidence from a dated source published no later than the PYQ year.,,Inventory + analytical metadata complete; primary-source verification pending,BLOCKED_UNTIL_SOURCE_QA
UPSC-2020-GS1-Q070,2020,70,Indian Economy,Economy,Financial Markets & Capital Markets,moderate,Multi-statement,4,False,False,False,75,4,c,True,False,,d83173c4d8c4cd2b,UPSC official previous-question-paper archive,2020 source date <= PYQ year,,,,,UNVERIFIED,,,NOT DISCLOSED BY UPSC,No primary-source attribution entered without proposition-level evidence from a dated source published no later than the PYQ year.,,Inventory + analytical metadata complete; primary-source verification pending,BLOCKED_UNTIL_SOURCE_QA
UPSC-2020-GS1-Q071,2020,71,Ancient History,History,Buddhism & Jainism,moderate,Match/Pair,3,False,False,False,44,4,b,True,False,,f8ee5f9f62e53260,UPSC official previous-question-paper archive,2020 source date <= PYQ year,,,,,UNVERIFIED,,,NOT DISCLOSED BY UPSC,No primary-source attribution entered without proposition-level evidence from a dated source published no later than the PYQ year.,,Inventory + analytical metadata complete; primary-source verification pending,BLOCKED_UNTIL_SOURCE_QA
UPSC-2020-GS1-Q072,2020,72,Environment & Ecology,Environment & Ecology,Protected Areas & Wildlife,moderate,Multi-statement,4,False,False,False,66,4,a,True,False,,5f5f711173f3b136,UPSC official previous-question-paper archive,2020 source date <= PYQ year,,,,,UNVERIFIED,,,NOT DISCLOSED BY UPSC,No primary-source attribution entered without proposition-level evidence from a dated source published no later than the PYQ year.,,Inventory + analytical metadata complete; primary-source verification pending,BLOCKED_UNTIL_SOURCE_QA
UPSC-2020-GS1-Q073,2020,73,Environment & Ecology,Environment & Ecology,Protected Areas & Wildlife,moderate,Multi-statement,4,False,False,False,38,4,c,True,False,,a37b5651dbbcd7d0,UPSC official previous-question-paper archive,2020 source date <= PYQ year,,,,,UNVERIFIED,,,NOT DISCLOSED BY UPSC,No primary-source attribution entered without proposition-level evidence from a dated source published no later than the PYQ year.,,Inventory + analytical metadata complete; primary-source verification pending,BLOCKED_UNTIL_SOURCE_QA
UPSC-2020-GS1-Q074,2020,74,Environment & Ecology,Environment & Ecology,Biodiversity & Conservation,easy,Single-answer,0,False,False,False,15,4,a,True,False,,b0edb7fceaa47159,UPSC official previous-question-paper archive,2020 source date <= PYQ year,,,,,UNVERIFIED,,,NOT DISCLOSED BY UPSC,No primary-source attribution entered without proposition-level evidence from a dated source published no later than the PYQ year.,,Inventory + analytical metadata complete; primary-source verification pending,BLOCKED_UNTIL_SOURCE_QA
UPSC-2020-GS1-Q075,2020,75,Environment & Ecology,Environment & Ecology,Protected Areas & Wildlife,moderate,Single-answer,0,False,False,False,32,4,a,True,False,,0e3dd590e4bb42e4,UPSC official previous-question-paper archive,2020 source date <= PYQ year,,,,,UNVERIFIED,,,NOT DISCLOSED BY UPSC,No primary-source attribution entered without proposition-level evidence from a dated source published no later than the PYQ year.,,Inventory + analytical metadata complete; primary-source verification pending,BLOCKED_UNTIL_SOURCE_QA
UPSC-2020-GS1-Q076,2020,76,Environment & Ecology,Environment & Ecology,Renewable Energy & Green Technologies,moderate,Multi-statement,3,False,False,False,36,4,d,True,False,,cddf91c94ee3d5e7,UPSC official previous-question-paper archive,2020 source date <= PYQ year,,,,,UNVERIFIED,,,NOT DISCLOSED BY UPSC,No primary-source attribution entered without proposition-level evidence from a dated source published no later than the PYQ year.,,Inventory + analytical metadata complete; primary-source verification pending,BLOCKED_UNTIL_SOURCE_QA
UPSC-2020-GS1-Q077,2020,77,Environment & Ecology,Environment & Ecology,Protected Areas & Wildlife,moderate,Multi-statement,4,False,False,False,45,4,a,True,False,,bc4a9e8e709ef934,UPSC official previous-question-paper archive,2020 source date <= PYQ year,,,,,UNVERIFIED,,,NOT DISCLOSED BY UPSC,No primary-source attribution entered without proposition-level evidence from a dated source published no later than the PYQ year.,,Inventory + analytical metadata complete; primary-source verification pending,BLOCKED_UNTIL_SOURCE_QA
UPSC-2020-GS1-Q078,2020,78,Environment & Ecology,Environment & Ecology,Renewable Energy & Green Technologies,moderate,Multi-statement,5,False,False,False,51,4,a,True,False,,6f86d59da5e5c340,UPSC official previous-question-paper archive,2020 source date <= PYQ year,,,,,UNVERIFIED,,,NOT DISCLOSED BY UPSC,No primary-source attribution entered without proposition-level evidence from a dated source published no later than the PYQ year.,,Inventory + analytical metadata complete; primary-source verification pending,BLOCKED_UNTIL_SOURCE_QA
UPSC-2020-GS1-Q079,2020,79,Environment & Ecology,Environment & Ecology,Pollution & Waste Management,easy,Multi-statement,3,False,False,False,45,4,d,True,False,,7c5b5b5ed09264f7,UPSC official previous-question-paper archive,2020 source date <= PYQ year,,,,,UNVERIFIED,,,NOT DISCLOSED BY UPSC,No primary-source attribution entered without proposition-level evidence from a dated source published no later than the PYQ year.,,Inventory + analytical metadata complete; primary-source verification pending,BLOCKED_UNTIL_SOURCE_QA
UPSC-2020-GS1-Q080,2020,80,Environment & Ecology,Environment & Ecology,Sustainable Agriculture & Forestry,moderate,Multi-statement,3,False,False,False,71,4,d,True,False,,9ae9e40caaf2649d,UPSC official previous-question-paper archive,2020 source date <= PYQ year,,,,,UNVERIFIED,,,NOT DISCLOSED BY UPSC,No primary-source attribution entered without proposition-level evidence from a dated source published no later than the PYQ year.,,Inventory + analytical metadata complete; primary-source verification pending,BLOCKED_UNTIL_SOURCE_QA
UPSC-2020-GS1-Q081,2020,81,Environment & Ecology,Environment & Ecology,Environmental Governance & Legislation,easy,Single-answer,0,False,False,False,21,4,a,True,False,,f4841dd223cf7863,UPSC official previous-question-paper archive,2020 source date <= PYQ year,,,,,UNVERIFIED,,,NOT DISCLOSED BY UPSC,No primary-source attribution entered without proposition-level evidence from a dated source published no later than the PYQ year.,,Inventory + analytical metadata complete; primary-source verification pending,BLOCKED_UNTIL_SOURCE_QA
UPSC-2020-GS1-Q082,2020,82,Ancient History,History,Gupta Empire,moderate,Single-answer,0,False,False,False,21,4,a,True,False,,e4e734373324971a,UPSC official previous-question-paper archive,2020 source date <= PYQ year,,,,,UNVERIFIED,,,NOT DISCLOSED BY UPSC,No primary-source attribution entered without proposition-level evidence from a dated source published no later than the PYQ year.,,Inventory + analytical metadata complete; primary-source verification pending,BLOCKED_UNTIL_SOURCE_QA
UPSC-2020-GS1-Q083,2020,83,Environment & Ecology,Environment & Ecology,Sustainable Agriculture & Forestry,moderate,Single-answer,3,False,False,False,61,4,d,True,False,,d150814129f4fbd4,UPSC official previous-question-paper archive,2020 source date <= PYQ year,,,,,UNVERIFIED,,,NOT DISCLOSED BY UPSC,No primary-source attribution entered without proposition-level evidence from a dated source published no later than the PYQ year.,,Inventory + analytical metadata complete; primary-source verification pending,BLOCKED_UNTIL_SOURCE_QA
UPSC-2020-GS1-Q084,2020,84,Environment & Ecology,Environment & Ecology,Renewable Energy & Green Technologies,difficult,Multi-statement,5,False,False,False,51,4,a,True,False,,abbd8b9c2633d608,UPSC official previous-question-paper archive,2020 source date <= PYQ year,,,,,UNVERIFIED,,,NOT DISCLOSED BY UPSC,No primary-source attribution entered without proposition-level evidence from a dated source published no later than the PYQ year.,,Inventory + analytical metadata complete; primary-source verification pending,BLOCKED_UNTIL_SOURCE_QA
UPSC-2020-GS1-Q085,2020,85,Environment & Ecology,Environment & Ecology,Climate Change & Greenhouse Gases,moderate,Single-answer,0,False,False,False,24,4,a,True,False,,73701ae19ddb0b74,UPSC official previous-question-paper archive,2020 source date <= PYQ year,,,,,UNVERIFIED,,,NOT DISCLOSED BY UPSC,No primary-source attribution entered without proposition-level evidence from a dated source published no later than the PYQ year.,,Inventory + analytical metadata complete; primary-source verification pending,BLOCKED_UNTIL_SOURCE_QA
UPSC-2020-GS1-Q086,2020,86,Geography,Geography,Indian Agriculture & Land Use,moderate,Multi-statement,3,False,False,False,64,4,a,True,False,,cc2350b5e8fab82c,UPSC official previous-question-paper archive,2020 source date <= PYQ year,,,,,UNVERIFIED,,,NOT DISCLOSED BY UPSC,No primary-source attribution entered without proposition-level evidence from a dated source published no later than the PYQ year.,,Inventory + analytical metadata complete; primary-source verification pending,BLOCKED_UNTIL_SOURCE_QA
UPSC-2020-GS1-Q087,2020,87,Geography,Geography,Indian Agriculture & Land Use,moderate,Single-answer,0,True,False,False,56,4,a,True,False,,c7e53bfccd44bb5e,UPSC official previous-question-paper archive,2020 source date <= PYQ year,,,,,UNVERIFIED,,,NOT DISCLOSED BY UPSC,No primary-source attribution entered without proposition-level evidence from a dated source published no later than the PYQ year.,,Inventory + analytical metadata complete; primary-source verification pending,BLOCKED_UNTIL_SOURCE_QA
UPSC-2020-GS1-Q088,2020,88,Science & Technology,Science & Technology,Energy & Environment,moderate,Multi-statement,2,True,False,False,51,4,d,True,False,,ad22dfea68b183d4,UPSC official previous-question-paper archive,2020 source date <= PYQ year,,,,,UNVERIFIED,,,NOT DISCLOSED BY UPSC,No primary-source attribution entered without proposition-level evidence from a dated source published no later than the PYQ year.,,Inventory + analytical metadata complete; primary-source verification pending,BLOCKED_UNTIL_SOURCE_QA
UPSC-2020-GS1-Q089,2020,89,Geography,Geography,Indian Agriculture & Land Use,difficult,Multi-statement,4,False,False,False,106,4,c,True,False,,b8e530a804ebd9f3,UPSC official previous-question-paper archive,2020 source date <= PYQ year,,,,,UNVERIFIED,,,NOT DISCLOSED BY UPSC,No primary-source attribution entered without proposition-level evidence from a dated source published no later than the PYQ year.,,Inventory + analytical metadata complete; primary-source verification pending,BLOCKED_UNTIL_SOURCE_QA
UPSC-2020-GS1-Q090,2020,90,Environment & Ecology,Environment & Ecology,Sustainable Agriculture & Forestry,moderate,Multi-statement,4,False,False,False,40,4,a,True,False,,25dad919ff256b68,UPSC official previous-question-paper archive,2020 source date <= PYQ year,,,,,UNVERIFIED,,,NOT DISCLOSED BY UPSC,No primary-source attribution entered without proposition-level evidence from a dated source published no later than the PYQ year.,,Inventory + analytical metadata complete; primary-source verification pending,BLOCKED_UNTIL_SOURCE_QA
UPSC-2020-GS1-Q091,2020,91,Environment & Ecology,Environment & Ecology,Sustainable Agriculture & Forestry,moderate,Single-answer,4,False,False,False,60,4,c,True,False,,43d2202fbe9ef471,UPSC official previous-question-paper archive,2020 source date <= PYQ year,,,,,UNVERIFIED,,,NOT DISCLOSED BY UPSC,No primary-source attribution entered without proposition-level evidence from a dated source published no later than the PYQ year.,,Inventory + analytical metadata complete; primary-source verification pending,BLOCKED_UNTIL_SOURCE_QA
UPSC-2020-GS1-Q092,2020,92,Geography,Geography,Economic & Mineral Geography,difficult,Multi-statement,4,False,False,False,26,4,d,True,False,,c450c01cce0cfc67,UPSC official previous-question-paper archive,2020 source date <= PYQ year,,,,,UNVERIFIED,,,NOT DISCLOSED BY UPSC,No primary-source attribution entered without proposition-level evidence from a dated source published no later than the PYQ year.,,Inventory + analytical metadata complete; primary-source verification pending,BLOCKED_UNTIL_SOURCE_QA
UPSC-2020-GS1-Q093,2020,93,Geography,Geography,Oceanography,difficult,Multi-statement,2,False,False,False,78,4,b,True,False,,8320f41a0941a2fa,UPSC official previous-question-paper archive,2020 source date <= PYQ year,,,,,UNVERIFIED,,,NOT DISCLOSED BY UPSC,No primary-source attribution entered without proposition-level evidence from a dated source published no later than the PYQ year.,,Inventory + analytical metadata complete; primary-source verification pending,BLOCKED_UNTIL_SOURCE_QA
UPSC-2020-GS1-Q094,2020,94,Indian Economy,Economy,Agriculture & Rural Development,moderate,Multi-statement,3,True,False,False,68,4,b,True,False,,be3de98b5c512b77,UPSC official previous-question-paper archive,2020 source date <= PYQ year,,,,,UNVERIFIED,,,NOT DISCLOSED BY UPSC,No primary-source attribution entered without proposition-level evidence from a dated source published no later than the PYQ year.,,Inventory + analytical metadata complete; primary-source verification pending,BLOCKED_UNTIL_SOURCE_QA
UPSC-2020-GS1-Q095,2020,95,Environment & Ecology,Environment & Ecology,Protected Areas & Wildlife,moderate,Multi-statement,3,False,False,False,53,4,c,True,False,,07caabacceb0bec6,UPSC official previous-question-paper archive,2020 source date <= PYQ year,,,,,UNVERIFIED,,,NOT DISCLOSED BY UPSC,No primary-source attribution entered without proposition-level evidence from a dated source published no later than the PYQ year.,,Inventory + analytical metadata complete; primary-source verification pending,BLOCKED_UNTIL_SOURCE_QA
UPSC-2020-GS1-Q096,2020,96,Geography,Geography,Indian Physical Geography,easy,Single-answer,0,False,False,False,6,4,d,True,False,,2ca54519ca336fc7,UPSC official previous-question-paper archive,2020 source date <= PYQ year,,,,,UNVERIFIED,,,NOT DISCLOSED BY UPSC,No primary-source attribution entered without proposition-level evidence from a dated source published no later than the PYQ year.,,Inventory + analytical metadata complete; primary-source verification pending,BLOCKED_UNTIL_SOURCE_QA
UPSC-2020-GS1-Q097,2020,97,Medieval History,History,Medieval Culture & Historiography,moderate,Match/Pair,4,False,False,False,45,4,a,True,False,,5dc9f3d850f0d686,UPSC official previous-question-paper archive,2020 source date <= PYQ year,,,,,UNVERIFIED,,,NOT DISCLOSED BY UPSC,No primary-source attribution entered without proposition-level evidence from a dated source published no later than the PYQ year.,,Inventory + analytical metadata complete; primary-source verification pending,BLOCKED_UNTIL_SOURCE_QA
UPSC-2020-GS1-Q098,2020,98,Environment & Ecology,Environment & Ecology,Water & Wetland Conservation,moderate,Multi-statement,3,False,False,False,53,4,b,True,False,,1b5afb41266dbfb3,UPSC official previous-question-paper archive,2020 source date <= PYQ year,,,,,UNVERIFIED,,,NOT DISCLOSED BY UPSC,No primary-source attribution entered without proposition-level evidence from a dated source published no later than the PYQ year.,,Inventory + analytical metadata complete; primary-source verification pending,BLOCKED_UNTIL_SOURCE_QA
UPSC-2020-GS1-Q099,2020,99,Geography,Geography,Atmosphere & Climatology,easy,Multi-statement,3,False,False,False,48,4,c,True,False,,701a91e64a8fceff,UPSC official previous-question-paper archive,2020 source date <= PYQ year,,,,,UNVERIFIED,,,NOT DISCLOSED BY UPSC,No primary-source attribution entered without proposition-level evidence from a dated source published no later than the PYQ year.,,Inventory + analytical metadata complete; primary-source verification pending,BLOCKED_UNTIL_SOURCE_QA
UPSC-2020-GS1-Q100,2020,100,Environment & Ecology,Environment & Ecology,Protected Areas & Wildlife,moderate,Single-answer,0,False,False,False,16,4,c,True,False,,d4c5adea37e7f03e,UPSC official previous-question-paper archive,2020 source date <= PYQ year,,,,,UNVERIFIED,,,NOT DISCLOSED BY UPSC,No primary-source attribution entered without proposition-level evidence from a dated source published no later than the PYQ year.,,Inventory + analytical metadata complete; primary-source verification pending,BLOCKED_UNTIL_SOURCE_QA
UPSC-2021-GS1-Q001,2021,1,Indian Economy,Economy,Banking & Financial Sector,moderate,Multi-statement,3,False,False,False,64,4,c,True,False,,06edc4fb87951f8d,UPSC official previous-question-paper archive,2021 source date <= PYQ year,,,,,UNVERIFIED,,,NOT DISCLOSED BY UPSC,No primary-source attribution entered without proposition-level evidence from a dated source published no later than the PYQ year.,,Inventory + analytical metadata complete; primary-source verification pending,BLOCKED_UNTIL_SOURCE_QA
UPSC-2021-GS1-Q002,2021,2,Indian Economy,Economy,"Human Development, Poverty & Employment Schemes",moderate,Multi-statement,3,False,False,False,65,4,b,True,False,,88b5c0cb9c69508d,UPSC official previous-question-paper archive,2021 source date <= PYQ year,,,,,UNVERIFIED,,,NOT DISCLOSED BY UPSC,No primary-source attribution entered without proposition-level evidence from a dated source published no later than the PYQ year.,,Inventory + analytical metadata complete; primary-source verification pending,BLOCKED_UNTIL_SOURCE_QA
UPSC-2021-GS1-Q003,2021,3,Indian Economy,Economy,Fiscal Policy & Budget,easy,Single-answer,0,False,False,False,18,4,b,True,False,,e6b49b034a1b9cb9,UPSC official previous-question-paper archive,2021 source date <= PYQ year,,,,,UNVERIFIED,,,NOT DISCLOSED BY UPSC,No primary-source attribution entered without proposition-level evidence from a dated source published no later than the PYQ year.,,Inventory + analytical metadata complete; primary-source verification pending,BLOCKED_UNTIL_SOURCE_QA
UPSC-2021-GS1-Q004,2021,4,Indian Economy,Economy,National Income & Economic Growth,moderate,Multi-statement,4,False,False,False,53,4,a,True,False,,d15aaf5d06443946,UPSC official previous-question-paper archive,2021 source date <= PYQ year,,,,,UNVERIFIED,,,NOT DISCLOSED BY UPSC,No primary-source attribution entered without proposition-level evidence from a dated source published no later than the PYQ year.,,Inventory + analytical metadata complete; primary-source verification pending,BLOCKED_UNTIL_SOURCE_QA
UPSC-2021-GS1-Q005,2021,5,Indian Economy,Economy,Banking & Financial Sector,moderate,Multi-statement,3,False,False,False,63,4,b,True,False,,719d08e53a89566a,UPSC official previous-question-paper archive,2021 source date <= PYQ year,,,,,UNVERIFIED,,,NOT DISCLOSED BY UPSC,No primary-source attribution entered without proposition-level evidence from a dated source published no later than the PYQ year.,,Inventory + analytical metadata complete; primary-source verification pending,BLOCKED_UNTIL_SOURCE_QA
UPSC-2021-GS1-Q006,2021,6,Indian Economy,Economy,Financial Markets & Capital Markets,moderate,Multi-statement,3,False,False,False,42,4,d,True,False,,a91ebb383fbc46e6,UPSC official previous-question-paper archive,2021 source date <= PYQ year,,,,,UNVERIFIED,,,NOT DISCLOSED BY UPSC,No primary-source attribution entered without proposition-level evidence from a dated source published no later than the PYQ year.,,Inventory + analytical metadata complete; primary-source verification pending,BLOCKED_UNTIL_SOURCE_QA
UPSC-2021-GS1-Q007,2021,7,Indian Economy,Economy,External Sector & Balance Of Payments,difficult,Multi-statement,4,False,False,False,35,4,a,True,False,,2445a3927b76bc62,UPSC official previous-question-paper archive,2021 source date <= PYQ year,,,,,UNVERIFIED,,,NOT DISCLOSED BY UPSC,No primary-source attribution entered without proposition-level evidence from a dated source published no later than the PYQ year.,,Inventory + analytical metadata complete; primary-source verification pending,BLOCKED_UNTIL_SOURCE_QA
UPSC-2021-GS1-Q008,2021,8,Indian Economy,Economy,External Sector & Balance Of Payments,easy,Multi-statement,3,False,False,False,48,4,a,True,False,,388e90bdbb54437f,UPSC official previous-question-paper archive,2021 source date <= PYQ year,,,,,UNVERIFIED,,,NOT DISCLOSED BY UPSC,No primary-source attribution entered without proposition-level evidence from a dated source published no later than the PYQ year.,,Inventory + analytical metadata complete; primary-source verification pending,BLOCKED_UNTIL_SOURCE_QA
UPSC-2021-GS1-Q009,2021,9,Indian Economy,Economy,Banking & Financial Sector,moderate,Single-answer,0,False,False,False,25,4,d,True,False,,ff7aaa43dfddf33d,UPSC official previous-question-paper archive,2021 source date <= PYQ year,,,,,UNVERIFIED,,,NOT DISCLOSED BY UPSC,No primary-source attribution entered without proposition-level evidence from a dated source published no later than the PYQ year.,,Inventory + analytical metadata complete; primary-source verification pending,BLOCKED_UNTIL_SOURCE_QA
UPSC-2021-GS1-Q010,2021,10,Indian Economy,Economy,"Human Development, Poverty & Employment Schemes",moderate,Single-answer,0,False,False,False,15,4,d,True,False,,7dd212b22733d869,UPSC official previous-question-paper archive,2021 source date <= PYQ year,,,,,UNVERIFIED,,,NOT DISCLOSED BY UPSC,No primary-source attribution entered without proposition-level evidence from a dated source published no later than the PYQ year.,,Inventory + analytical metadata complete; primary-source verification pending,BLOCKED_UNTIL_SOURCE_QA
UPSC-2021-GS1-Q011,2021,11,Indian Economy,Economy,Fiscal Policy & Budget,easy,Single-answer,0,False,False,False,13,4,c,True,False,,067c145ad1813ab9,UPSC official previous-question-paper archive,2021 source date <= PYQ year,,,,,UNVERIFIED,,,NOT DISCLOSED BY UPSC,No primary-source attribution entered without proposition-level evidence from a dated source published no later than the PYQ year.,,Inventory + analytical metadata complete; primary-source verification pending,BLOCKED_UNTIL_SOURCE_QA
UPSC-2021-GS1-Q012,2021,12,Indian Economy,Economy,National Income & Economic Growth,moderate,Multi-statement,5,False,False,False,41,4,a,True,False,,ea86cd3813aab4d6,UPSC official previous-question-paper archive,2021 source date <= PYQ year,,,,,UNVERIFIED,,,NOT DISCLOSED BY UPSC,No primary-source attribution entered without proposition-level evidence from a dated source published no later than the PYQ year.,,Inventory + analytical metadata complete; primary-source verification pending,BLOCKED_UNTIL_SOURCE_QA
UPSC-2021-GS1-Q013,2021,13,Indian Economy,Economy,Financial Markets & Capital Markets,moderate,Multi-statement,3,False,False,False,75,4,b,True,False,,3e86d291b74be2c1,UPSC official previous-question-paper archive,2021 source date <= PYQ year,,,,,UNVERIFIED,,,NOT DISCLOSED BY UPSC,No primary-source attribution entered without proposition-level evidence from a dated source published no later than the PYQ year.,,Inventory + analytical metadata complete; primary-source verification pending,BLOCKED_UNTIL_SOURCE_QA
UPSC-2021-GS1-Q014,2021,14,Indian Economy,Economy,Digital Payments & Financial Inclusion,moderate,Multi-statement,3,False,False,False,66,4,c,True,False,,6b516a84e08a1330,UPSC official previous-question-paper archive,2021 source date <= PYQ year,,,,,UNVERIFIED,,,NOT DISCLOSED BY UPSC,No primary-source attribution entered without proposition-level evidence from a dated source published no later than the PYQ year.,,Inventory + analytical metadata complete; primary-source verification pending,BLOCKED_UNTIL_SOURCE_QA
UPSC-2021-GS1-Q015,2021,15,Indian Economy,Economy,Monetary Policy & Money Supply,moderate,Multi-statement,3,False,False,False,61,4,b,True,False,,3cb9feb9fcadc274,UPSC official previous-question-paper archive,2021 source date <= PYQ year,,,,,UNVERIFIED,,,NOT DISCLOSED BY UPSC,No primary-source attribution entered without proposition-level evidence from a dated source published no later than the PYQ year.,,Inventory + analytical metadata complete; primary-source verification pending,BLOCKED_UNTIL_SOURCE_QA
UPSC-2021-GS1-Q016,2021,16,Environment & Ecology,Environment & Ecology,Pollution & Waste Management,moderate,Single-answer,0,False,False,False,13,4,a,True,False,,4d8a41a817bb5b20,UPSC official previous-question-paper archive,2021 source date <= PYQ year,,,,,UNVERIFIED,,,NOT DISCLOSED BY UPSC,No primary-source attribution entered without proposition-level evidence from a dated source published no later than the PYQ year.,,Inventory + analytical metadata complete; primary-source verification pending,BLOCKED_UNTIL_SOURCE_QA
UPSC-2021-GS1-Q017,2021,17,Environment & Ecology,Environment & Ecology,Pollution & Waste Management,moderate,Single-answer,3,False,False,False,52,4,b,True,False,,9ea836e75bb1892c,UPSC official previous-question-paper archive,2021 source date <= PYQ year,,,,,UNVERIFIED,,,NOT DISCLOSED BY UPSC,No primary-source attribution entered without proposition-level evidence from a dated source published no later than the PYQ year.,,Inventory + analytical metadata complete; primary-source verification pending,BLOCKED_UNTIL_SOURCE_QA
UPSC-2021-GS1-Q018,2021,18,Environment & Ecology,Environment & Ecology,Pollution & Waste Management,easy,Multi-statement,3,False,False,False,42,4,d,True,False,,437d21812f8f904d,UPSC official previous-question-paper archive,2021 source date <= PYQ year,,,,,UNVERIFIED,,,NOT DISCLOSED BY UPSC,No primary-source attribution entered without proposition-level evidence from a dated source published no later than the PYQ year.,,Inventory + analytical metadata complete; primary-source verification pending,BLOCKED_UNTIL_SOURCE_QA
UPSC-2021-GS1-Q019,2021,19,Environment & Ecology,Environment & Ecology,Climate Change & Greenhouse Gases,easy,Single-answer,0,False,False,False,4,4,a,True,False,,a1bbda57ef177637,UPSC official previous-question-paper archive,2021 source date <= PYQ year,,,,,UNVERIFIED,,,NOT DISCLOSED BY UPSC,No primary-source attribution entered without proposition-level evidence from a dated source published no later than the PYQ year.,,Inventory + analytical metadata complete; primary-source verification pending,BLOCKED_UNTIL_SOURCE_QA
UPSC-2021-GS1-Q020,2021,20,Environment & Ecology,Environment & Ecology,Ecosystems & Ecology Concepts,moderate,Multi-statement,4,False,False,False,36,4,c,True,False,,9ffd501f71368235,UPSC official previous-question-paper archive,2021 source date <= PYQ year,,,,,UNVERIFIED,,,NOT DISCLOSED BY UPSC,No primary-source attribution entered without proposition-level evidence from a dated source published no later than the PYQ year.,,Inventory + analytical metadata complete; primary-source verification pending,BLOCKED_UNTIL_SOURCE_QA
UPSC-2021-GS1-Q021,2021,21,Environment & Ecology,Environment & Ecology,Sustainable Agriculture & Forestry,easy,Single-answer,0,False,False,False,13,4,c,True,False,,ac3bf8224b5cde2c,UPSC official previous-question-paper archive,2021 source date <= PYQ year,,,,,UNVERIFIED,,,NOT DISCLOSED BY UPSC,No primary-source attribution entered without proposition-level evidence from a dated source published no later than the PYQ year.,,Inventory + analytical metadata complete; primary-source verification pending,BLOCKED_UNTIL_SOURCE_QA
UPSC-2021-GS1-Q022,2021,22,Environment & Ecology,Environment & Ecology,Ecosystems & Ecology Concepts,moderate,Multi-statement,4,False,False,False,28,4,b,True,False,,64dd0251a8ea2f66,UPSC official previous-question-paper archive,2021 source date <= PYQ year,,,,,UNVERIFIED,,,NOT DISCLOSED BY UPSC,No primary-source attribution entered without proposition-level evidence from a dated source published no later than the PYQ year.,,Inventory + analytical metadata complete; primary-source verification pending,BLOCKED_UNTIL_SOURCE_QA
UPSC-2021-GS1-Q023,2021,23,Environment & Ecology,Environment & Ecology,Ecosystems & Ecology Concepts,moderate,Multi-statement,3,False,False,False,33,4,d,True,False,,d8ed46be61a9a76f,UPSC official previous-question-paper archive,2021 source date <= PYQ year,,,,,UNVERIFIED,,,NOT DISCLOSED BY UPSC,No primary-source attribution entered without proposition-level evidence from a dated source published no later than the PYQ year.,,Inventory + analytical metadata complete; primary-source verification pending,BLOCKED_UNTIL_SOURCE_QA
UPSC-2021-GS1-Q024,2021,24,Environment & Ecology,Environment & Ecology,Environmental Governance & Legislation,difficult,Multi-statement,5,False,False,False,79,4,a,True,False,,bcabd8e0bd1be1aa,UPSC official previous-question-paper archive,2021 source date <= PYQ year,,,,,UNVERIFIED,,,NOT DISCLOSED BY UPSC,No primary-source attribution entered without proposition-level evidence from a dated source published no later than the PYQ year.,,Inventory + analytical metadata complete; primary-source verification pending,BLOCKED_UNTIL_SOURCE_QA
UPSC-2021-GS1-Q025,2021,25,Environment & Ecology,Environment & Ecology,Pollution & Waste Management,moderate,Multi-statement,5,False,False,False,47,4,b,True,False,,14970a77129baf94,UPSC official previous-question-paper archive,2021 source date <= PYQ year,,,,,UNVERIFIED,,,NOT DISCLOSED BY UPSC,No primary-source attribution entered without proposition-level evidence from a dated source published no later than the PYQ year.,,Inventory + analytical metadata complete; primary-source verification pending,BLOCKED_UNTIL_SOURCE_QA
UPSC-2021-GS1-Q026,2021,26,Environment & Ecology,Environment & Ecology,Ecosystems & Ecology Concepts,easy,Single-answer,0,False,False,False,9,4,c,True,False,,3940c104ca5fd011,UPSC official previous-question-paper archive,2021 source date <= PYQ year,,,,,UNVERIFIED,,,NOT DISCLOSED BY UPSC,No primary-source attribution entered without proposition-level evidence from a dated source published no later than the PYQ year.,,Inventory + analytical metadata complete; primary-source verification pending,BLOCKED_UNTIL_SOURCE_QA
UPSC-2021-GS1-Q027,2021,27,Environment & Ecology,Environment & Ecology,Biogeochemical Cycles & Earth Systems,easy,Single-answer,0,False,False,False,26,4,c,True,False,,ce0a20f2338ae077,UPSC official previous-question-paper archive,2021 source date <= PYQ year,,,,,UNVERIFIED,,,NOT DISCLOSED BY UPSC,No primary-source attribution entered without proposition-level evidence from a dated source published no later than the PYQ year.,,Inventory + analytical metadata complete; primary-source verification pending,BLOCKED_UNTIL_SOURCE_QA
UPSC-2021-GS1-Q028,2021,28,Environment & Ecology,Environment & Ecology,Ecosystems & Ecology Concepts,moderate,Multi-statement,5,False,False,False,25,4,c,True,False,,4081afe8f8a2286a,UPSC official previous-question-paper archive,2021 source date <= PYQ year,,,,,UNVERIFIED,,,NOT DISCLOSED BY UPSC,No primary-source attribution entered without proposition-level evidence from a dated source published no later than the PYQ year.,,Inventory + analytical metadata complete; primary-source verification pending,BLOCKED_UNTIL_SOURCE_QA
UPSC-2021-GS1-Q029,2021,29,Environment & Ecology,Environment & Ecology,Climate Change & Greenhouse Gases,moderate,Single-answer,0,False,False,False,11,4,a,True,False,,702d0c843c0fc61e,UPSC official previous-question-paper archive,2021 source date <= PYQ year,,,,,UNVERIFIED,,,NOT DISCLOSED BY UPSC,No primary-source attribution entered without proposition-level evidence from a dated source published no later than the PYQ year.,,Inventory + analytical metadata complete; primary-source verification pending,BLOCKED_UNTIL_SOURCE_QA
UPSC-2021-GS1-Q030,2021,30,Science & Technology,Science & Technology,Biology,moderate,Multi-statement,3,False,False,False,29,4,d,True,False,,c6c6ba8881e6fab6,UPSC official previous-question-paper archive,2021 source date <= PYQ year,,,,,UNVERIFIED,,,NOT DISCLOSED BY UPSC,No primary-source attribution entered without proposition-level evidence from a dated source published no later than the PYQ year.,,Inventory + analytical metadata complete; primary-source verification pending,BLOCKED_UNTIL_SOURCE_QA
UPSC-2021-GS1-Q031,2021,31,Art & Culture,Art & Culture,Architecture & World Heritage,moderate,Multi-statement,4,False,False,False,77,4,c,True,False,,6175f77dd6784658,UPSC official previous-question-paper archive,2021 source date <= PYQ year,,,,,UNVERIFIED,,,NOT DISCLOSED BY UPSC,No primary-source attribution entered without proposition-level evidence from a dated source published no later than the PYQ year.,,Inventory + analytical metadata complete; primary-source verification pending,BLOCKED_UNTIL_SOURCE_QA
UPSC-2021-GS1-Q032,2021,32,Ancient History,History,Indus Valley Civilization,easy,Single-answer,0,False,False,False,30,4,a,True,False,,31ac8d1c1e676198,UPSC official previous-question-paper archive,2021 source date <= PYQ year,,,,,UNVERIFIED,,,NOT DISCLOSED BY UPSC,No primary-source attribution entered without proposition-level evidence from a dated source published no later than the PYQ year.,,Inventory + analytical metadata complete; primary-source verification pending,BLOCKED_UNTIL_SOURCE_QA
UPSC-2021-GS1-Q033,2021,33,Modern History,History,Advent Of Europeans & British Expansion,moderate,Multi-statement,3,False,False,False,37,4,a,True,False,,b7c4fffd1f23d261,UPSC official previous-question-paper archive,2021 source date <= PYQ year,,,,,UNVERIFIED,,,NOT DISCLOSED BY UPSC,No primary-source attribution entered without proposition-level evidence from a dated source published no later than the PYQ year.,,Inventory + analytical metadata complete; primary-source verification pending,BLOCKED_UNTIL_SOURCE_QA
UPSC-2021-GS1-Q034,2021,34,Ancient History,History,Post-Gupta & Early Medieval Dynasties,difficult,Multi-statement,5,False,False,False,65,4,b,True,False,,9f72281b4555e197,UPSC official previous-question-paper archive,2021 source date <= PYQ year,,,,,UNVERIFIED,,,NOT DISCLOSED BY UPSC,No primary-source attribution entered without proposition-level evidence from a dated source published no later than the PYQ year.,,Inventory + analytical metadata complete; primary-source verification pending,BLOCKED_UNTIL_SOURCE_QA
UPSC-2021-GS1-Q035,2021,35,Medieval History,History,Vijayanagara Empire,moderate,Multi-statement,4,False,False,False,35,4,d,True,False,,168c11bac1cad926,UPSC official previous-question-paper archive,2021 source date <= PYQ year,,,,,UNVERIFIED,,,NOT DISCLOSED BY UPSC,No primary-source attribution entered without proposition-level evidence from a dated source published no later than the PYQ year.,,Inventory + analytical metadata complete; primary-source verification pending,BLOCKED_UNTIL_SOURCE_QA
UPSC-2021-GS1-Q036,2021,36,Modern History,History,Key Personalities & Ideologies,easy,Single-answer,0,False,False,False,15,4,c,True,False,,a126e04e62101631,UPSC official previous-question-paper archive,2021 source date <= PYQ year,,,,,UNVERIFIED,,,NOT DISCLOSED BY UPSC,No primary-source attribution entered without proposition-level evidence from a dated source published no later than the PYQ year.,,Inventory + analytical metadata complete; primary-source verification pending,BLOCKED_UNTIL_SOURCE_QA
UPSC-2021-GS1-Q037,2021,37,Ancient History,History,Archaeology & Epigraphy,moderate,Match/Pair,3,False,False,False,37,4,d,True,False,,52a025ae0ffe3d2f,UPSC official previous-question-paper archive,2021 source date <= PYQ year,,,,,UNVERIFIED,,,NOT DISCLOSED BY UPSC,No primary-source attribution entered without proposition-level evidence from a dated source published no later than the PYQ year.,,Inventory + analytical metadata complete; primary-source verification pending,BLOCKED_UNTIL_SOURCE_QA
UPSC-2021-GS1-Q038,2021,38,Medieval History,History,Delhi Sultanate,difficult,Multi-statement,3,False,False,False,74,4,a,True,False,,7b33e07116b02a9b,UPSC official previous-question-paper archive,2021 source date <= PYQ year,,,,,UNVERIFIED,,,NOT DISCLOSED BY UPSC,No primary-source attribution entered without proposition-level evidence from a dated source published no later than the PYQ year.,,Inventory + analytical metadata complete; primary-source verification pending,BLOCKED_UNTIL_SOURCE_QA
UPSC-2021-GS1-Q039,2021,39,Art & Culture,Art & Culture,Philosophy & Religion,moderate,Multi-statement,3,False,False,False,55,4,c,True,False,,3ac7e2e271a138e7,UPSC official previous-question-paper archive,2021 source date <= PYQ year,,,,,UNVERIFIED,,,NOT DISCLOSED BY UPSC,No primary-source attribution entered without proposition-level evidence from a dated source published no later than the PYQ year.,,Inventory + analytical metadata complete; primary-source verification pending,BLOCKED_UNTIL_SOURCE_QA
UPSC-2021-GS1-Q040,2021,40,Ancient History,History,"Society, Law & Administration",difficult,Multi-statement,3,False,False,False,126,4,b,True,False,,645d0dc5e066c739,UPSC official previous-question-paper archive,2021 source date <= PYQ year,,,,,UNVERIFIED,,,NOT DISCLOSED BY UPSC,No primary-source attribution entered without proposition-level evidence from a dated source published no later than the PYQ year.,,Inventory + analytical metadata complete; primary-source verification pending,BLOCKED_UNTIL_SOURCE_QA
UPSC-2021-GS1-Q041,2021,41,Art & Culture,Art & Culture,Literature & Languages,easy,Single-answer,0,False,False,False,14,4,b,True,False,,e0694ca9bbf839b6,UPSC official previous-question-paper archive,2021 source date <= PYQ year,,,,,UNVERIFIED,,,NOT DISCLOSED BY UPSC,No primary-source attribution entered without proposition-level evidence from a dated source published no later than the PYQ year.,,Inventory + analytical metadata complete; primary-source verification pending,BLOCKED_UNTIL_SOURCE_QA
UPSC-2021-GS1-Q042,2021,42,Modern History,History,Constitutional Developments & British Plans (1909-1947),moderate,Multi-statement,2,False,False,False,46,4,b,True,False,,e4ff9ef16ca2fad5,UPSC official previous-question-paper archive,2021 source date <= PYQ year,,,,,UNVERIFIED,,,NOT DISCLOSED BY UPSC,No primary-source attribution entered without proposition-level evidence from a dated source published no later than the PYQ year.,,Inventory + analytical metadata complete; primary-source verification pending,BLOCKED_UNTIL_SOURCE_QA
UPSC-2021-GS1-Q043,2021,43,Modern History,History,Gandhian Mass Movements (1915-1942),easy,Single-answer,0,False,False,False,17,4,a,True,False,,a92ba4b47bd34009,UPSC official previous-question-paper archive,2021 source date <= PYQ year,,,,,UNVERIFIED,,,NOT DISCLOSED BY UPSC,No primary-source attribution entered without proposition-level evidence from a dated source published no later than the PYQ year.,,Inventory + analytical metadata complete; primary-source verification pending,BLOCKED_UNTIL_SOURCE_QA
UPSC-2021-GS1-Q044,2021,44,Modern History,History,Key Personalities & Ideologies,easy,Single-answer,0,False,False,False,19,4,c,True,False,,c948c7ad16104c23,UPSC official previous-question-paper archive,2021 source date <= PYQ year,,,,,UNVERIFIED,,,NOT DISCLOSED BY UPSC,No primary-source attribution entered without proposition-level evidence from a dated source published no later than the PYQ year.,,Inventory + analytical metadata complete; primary-source verification pending,BLOCKED_UNTIL_SOURCE_QA
UPSC-2021-GS1-Q045,2021,45,Medieval History,History,Mughal Empire,easy,Single-answer,0,False,False,False,21,4,a,True,False,,dade959ea3a07ec9,UPSC official previous-question-paper archive,2021 source date <= PYQ year,,,,,UNVERIFIED,,,NOT DISCLOSED BY UPSC,No primary-source attribution entered without proposition-level evidence from a dated source published no later than the PYQ year.,,Inventory + analytical metadata complete; primary-source verification pending,BLOCKED_UNTIL_SOURCE_QA
UPSC-2021-GS1-Q046,2021,46,Modern History,History,Social & Religious Reform Movements,easy,Single-answer,0,False,False,False,22,4,c,True,False,,69bd0e2205feb6e3,UPSC official previous-question-paper archive,2021 source date <= PYQ year,,,,,UNVERIFIED,,,NOT DISCLOSED BY UPSC,No primary-source attribution entered without proposition-level evidence from a dated source published no later than the PYQ year.,,Inventory + analytical metadata complete; primary-source verification pending,BLOCKED_UNTIL_SOURCE_QA
UPSC-2021-GS1-Q047,2021,47,Modern History,History,Revolutionary & Communist Movements,easy,Single-answer,0,False,False,False,19,4,d,True,False,,3586e9176340bacb,UPSC official previous-question-paper archive,2021 source date <= PYQ year,,,,,UNVERIFIED,,,NOT DISCLOSED BY UPSC,No primary-source attribution entered without proposition-level evidence from a dated source published no later than the PYQ year.,,Inventory + analytical metadata complete; primary-source verification pending,BLOCKED_UNTIL_SOURCE_QA
UPSC-2021-GS1-Q048,2021,48,Modern History,History,Advent Of Europeans & British Expansion,moderate,Multi-statement,3,False,False,False,54,4,b,True,False,,e7df948836a31a13,UPSC official previous-question-paper archive,2021 source date <= PYQ year,,,,,UNVERIFIED,,,NOT DISCLOSED BY UPSC,No primary-source attribution entered without proposition-level evidence from a dated source published no later than the PYQ year.,,Inventory + analytical metadata complete; primary-source verification pending,BLOCKED_UNTIL_SOURCE_QA
UPSC-2021-GS1-Q049,2021,49,Art & Culture,Art & Culture,Architecture & World Heritage,easy,Single-answer,0,False,False,False,8,4,a,True,False,,ee30d1957466e829,UPSC official previous-question-paper archive,2021 source date <= PYQ year,,,,,UNVERIFIED,,,NOT DISCLOSED BY UPSC,No primary-source attribution entered without proposition-level evidence from a dated source published no later than the PYQ year.,,Inventory + analytical metadata complete; primary-source verification pending,BLOCKED_UNTIL_SOURCE_QA
UPSC-2021-GS1-Q050,2021,50,Current Affairs,Current Affairs,International Organisations & Groupings,moderate,Multi-statement,2,False,True,False,47,4,b,True,False,,ffcd4371bd51da94,UPSC official previous-question-paper archive,2021 source date <= PYQ year,,,,,UNVERIFIED,,,NOT DISCLOSED BY UPSC,No primary-source attribution entered without proposition-level evidence from a dated source published no later than the PYQ year.,,Inventory + analytical metadata complete; primary-source verification pending,BLOCKED_UNTIL_SOURCE_QA
UPSC-2021-GS1-Q051,2021,51,Environment & Ecology,Environment & Ecology,Sustainable Agriculture & Forestry,difficult,Single-answer,4,True,False,False,94,4,b,True,False,,d10f4596734fd1a8,UPSC official previous-question-paper archive,2021 source date <= PYQ year,,,,,UNVERIFIED,,,NOT DISCLOSED BY UPSC,No primary-source attribution entered without proposition-level evidence from a dated source published no later than the PYQ year.,,Inventory + analytical metadata complete; primary-source verification pending,BLOCKED_UNTIL_SOURCE_QA
UPSC-2021-GS1-Q052,2021,52,Environment & Ecology,Environment & Ecology,Sustainable Agriculture & Forestry,easy,Multi-statement,3,False,False,False,53,4,b,True,False,,0fa558fc8641dff3,UPSC official previous-question-paper archive,2021 source date <= PYQ year,,,,,UNVERIFIED,,,NOT DISCLOSED BY UPSC,No primary-source attribution entered without proposition-level evidence from a dated source published no later than the PYQ year.,,Inventory + analytical metadata complete; primary-source verification pending,BLOCKED_UNTIL_SOURCE_QA
UPSC-2021-GS1-Q053,2021,53,Geography,Geography,Indian Rivers & Water Resources,moderate,Single-answer,0,False,False,False,38,4,d,True,False,,c191580ed3044d6c,UPSC official previous-question-paper archive,2021 source date <= PYQ year,,,,,UNVERIFIED,,,NOT DISCLOSED BY UPSC,No primary-source attribution entered without proposition-level evidence from a dated source published no later than the PYQ year.,,Inventory + analytical metadata complete; primary-source verification pending,BLOCKED_UNTIL_SOURCE_QA
UPSC-2021-GS1-Q054,2021,54,Geography,Geography,Indian Physical Geography,easy,Single-answer,0,False,False,False,13,4,d,True,False,,4ca80d83d353bd12,UPSC official previous-question-paper archive,2021 source date <= PYQ year,,,,,UNVERIFIED,,,NOT DISCLOSED BY UPSC,No primary-source attribution entered without proposition-level evidence from a dated source published no later than the PYQ year.,,Inventory + analytical metadata complete; primary-source verification pending,BLOCKED_UNTIL_SOURCE_QA
UPSC-2021-GS1-Q055,2021,55,Geography,Geography,Indian Rivers & Water Resources,moderate,Multi-statement,4,False,False,False,22,4,b,True,False,,5571290fb39aed3f,UPSC official previous-question-paper archive,2021 source date <= PYQ year,,,,,UNVERIFIED,,,NOT DISCLOSED BY UPSC,No primary-source attribution entered without proposition-level evidence from a dated source published no later than the PYQ year.,,Inventory + analytical metadata complete; primary-source verification pending,BLOCKED_UNTIL_SOURCE_QA
UPSC-2021-GS1-Q056,2021,56,Environment & Ecology,Environment & Ecology,International Environmental Treaties & Summits,moderate,Multi-statement,3,False,False,False,51,4,b,True,False,,86ce4a0bf15e4b19,UPSC official previous-question-paper archive,2021 source date <= PYQ year,,,,,UNVERIFIED,,,NOT DISCLOSED BY UPSC,No primary-source attribution entered without proposition-level evidence from a dated source published no later than the PYQ year.,,Inventory + analytical metadata complete; primary-source verification pending,BLOCKED_UNTIL_SOURCE_QA
UPSC-2021-GS1-Q057,2021,57,Geography,Geography,Indian Agriculture & Land Use,easy,Single-answer,0,True,False,False,10,4,a,True,False,,112c4371a42538ce,UPSC official previous-question-paper archive,2021 source date <= PYQ year,,,,,UNVERIFIED,,,NOT DISCLOSED BY UPSC,No primary-source attribution entered without proposition-level evidence from a dated source published no later than the PYQ year.,,Inventory + analytical metadata complete; primary-source verification pending,BLOCKED_UNTIL_SOURCE_QA
UPSC-2021-GS1-Q058,2021,58,Geography,Geography,Atmosphere & Climatology,moderate,Multi-statement,2,False,False,False,54,4,c,True,False,,10ca7e0ac6eb3ba6,UPSC official previous-question-paper archive,2021 source date <= PYQ year,,,,,UNVERIFIED,,,NOT DISCLOSED BY UPSC,No primary-source attribution entered without proposition-level evidence from a dated source published no later than the PYQ year.,,Inventory + analytical metadata complete; primary-source verification pending,BLOCKED_UNTIL_SOURCE_QA
UPSC-2021-GS1-Q059,2021,59,Environment & Ecology,Environment & Ecology,Sustainable Agriculture & Forestry,moderate,Multi-statement,3,False,False,False,88,4,d,True,False,,a487f8f53f361ac2,UPSC official previous-question-paper archive,2021 source date <= PYQ year,,,,,UNVERIFIED,,,NOT DISCLOSED BY UPSC,No primary-source attribution entered without proposition-level evidence from a dated source published no later than the PYQ year.,,Inventory + analytical metadata complete; primary-source verification pending,BLOCKED_UNTIL_SOURCE_QA
UPSC-2021-GS1-Q060,2021,60,Environment & Ecology,Environment & Ecology,Ecosystems & Ecology Concepts,easy,Single-answer,0,False,False,False,60,4,d,True,False,,3474dbcf3ccb0c63,UPSC official previous-question-paper archive,2021 source date <= PYQ year,,,,,UNVERIFIED,,,NOT DISCLOSED BY UPSC,No primary-source attribution entered without proposition-level evidence from a dated source published no later than the PYQ year.,,Inventory + analytical metadata complete; primary-source verification pending,BLOCKED_UNTIL_SOURCE_QA
UPSC-2021-GS1-Q061,2021,61,Environment & Ecology,Environment & Ecology,Ecosystems & Ecology Concepts,moderate,Multi-statement,5,False,False,False,70,4,c,True,False,,03fc2f458ab0fb14,UPSC official previous-question-paper archive,2021 source date <= PYQ year,,,,,UNVERIFIED,,,NOT DISCLOSED BY UPSC,No primary-source attribution entered without proposition-level evidence from a dated source published no later than the PYQ year.,,Inventory + analytical metadata complete; primary-source verification pending,BLOCKED_UNTIL_SOURCE_QA
UPSC-2021-GS1-Q062,2021,62,Geography,Geography,Hydrology / Water distribution,easy,Multi-statement,2,False,False,False,57,4,b,True,False,,59b5a228ab7b0894,UPSC official previous-question-paper archive,2021 source date <= PYQ year,,,,,UNVERIFIED,,,NOT DISCLOSED BY UPSC,No primary-source attribution entered without proposition-level evidence from a dated source published no later than the PYQ year.,,Inventory + analytical metadata complete; primary-source verification pending,BLOCKED_UNTIL_SOURCE_QA
UPSC-2021-GS1-Q063,2021,63,Environment & Ecology,Environment & Ecology,Sustainable Agriculture & Forestry,moderate,Multi-statement,5,False,False,False,65,4,b,True,False,,0f864f157ae36d6d,UPSC official previous-question-paper archive,2021 source date <= PYQ year,,,,,UNVERIFIED,,,NOT DISCLOSED BY UPSC,No primary-source attribution entered without proposition-level evidence from a dated source published no later than the PYQ year.,,Inventory + analytical metadata complete; primary-source verification pending,BLOCKED_UNTIL_SOURCE_QA
UPSC-2021-GS1-Q064,2021,64,Geography,Geography,Indian Agriculture & Land Use,easy,Single-answer,0,False,False,False,14,4,b,True,False,,7492ea6bb9e61c8f,UPSC official previous-question-paper archive,2021 source date <= PYQ year,,,,,UNVERIFIED,,,NOT DISCLOSED BY UPSC,No primary-source attribution entered without proposition-level evidence from a dated source published no later than the PYQ year.,,Inventory + analytical metadata complete; primary-source verification pending,BLOCKED_UNTIL_SOURCE_QA
UPSC-2021-GS1-Q065,2021,65,Science & Technology,Science & Technology,Biotechnology & Genetics,moderate,Multi-statement,2,False,False,False,41,4,c,True,False,,b0b92f57ac8f5758,UPSC official previous-question-paper archive,2021 source date <= PYQ year,,,,,UNVERIFIED,,,NOT DISCLOSED BY UPSC,No primary-source attribution entered without proposition-level evidence from a dated source published no later than the PYQ year.,,Inventory + analytical metadata complete; primary-source verification pending,BLOCKED_UNTIL_SOURCE_QA
UPSC-2021-GS1-Q066,2021,66,Science & Technology,Science & Technology,Biotechnology & Genetics,moderate,Multi-statement,2,True,False,False,57,4,c,True,False,,f3ce8801cb59bbdb,UPSC official previous-question-paper archive,2021 source date <= PYQ year,,,,,UNVERIFIED,,,NOT DISCLOSED BY UPSC,No primary-source attribution entered without proposition-level evidence from a dated source published no later than the PYQ year.,,Inventory + analytical metadata complete; primary-source verification pending,BLOCKED_UNTIL_SOURCE_QA
UPSC-2021-GS1-Q067,2021,67,Science & Technology,Science & Technology,Biotechnology & Genetics,easy,Single-answer,0,False,False,False,12,4,b,True,False,,18127345e8a27a61,UPSC official previous-question-paper archive,2021 source date <= PYQ year,,,,,UNVERIFIED,,,NOT DISCLOSED BY UPSC,No primary-source attribution entered without proposition-level evidence from a dated source published no later than the PYQ year.,,Inventory + analytical metadata complete; primary-source verification pending,BLOCKED_UNTIL_SOURCE_QA
UPSC-2021-GS1-Q068,2021,68,Science & Technology,Science & Technology,Physics,moderate,Multi-statement,3,False,False,False,46,4,c,True,False,,4a475339825ca8cf,UPSC official previous-question-paper archive,2021 source date <= PYQ year,,,,,UNVERIFIED,,,NOT DISCLOSED BY UPSC,No primary-source attribution entered without proposition-level evidence from a dated source published no later than the PYQ year.,,Inventory + analytical metadata complete; primary-source verification pending,BLOCKED_UNTIL_SOURCE_QA
UPSC-2021-GS1-Q069,2021,69,Science & Technology,Science & Technology,Health & Diseases,easy,Multi-statement,3,False,False,False,20,4,a,True,False,,7925f8f19d25631c,UPSC official previous-question-paper archive,2021 source date <= PYQ year,,,,,UNVERIFIED,,,NOT DISCLOSED BY UPSC,No primary-source attribution entered without proposition-level evidence from a dated source published no later than the PYQ year.,,Inventory + analytical metadata complete; primary-source verification pending,BLOCKED_UNTIL_SOURCE_QA
UPSC-2021-GS1-Q070,2021,70,Science & Technology,Science & Technology,Health & Diseases,moderate,Multi-statement,2,False,False,False,41,4,b,True,False,,f4285fcb3a5ac9aa,UPSC official previous-question-paper archive,2021 source date <= PYQ year,,,,,UNVERIFIED,,,NOT DISCLOSED BY UPSC,No primary-source attribution entered without proposition-level evidence from a dated source published no later than the PYQ year.,,Inventory + analytical metadata complete; primary-source verification pending,BLOCKED_UNTIL_SOURCE_QA
UPSC-2021-GS1-Q071,2021,71,Science & Technology,Science & Technology,Chemistry,easy,Single-answer,0,False,False,False,10,4,a,True,False,,6345b81c099e66a3,UPSC official previous-question-paper archive,2021 source date <= PYQ year,,,,,UNVERIFIED,,,NOT DISCLOSED BY UPSC,No primary-source attribution entered without proposition-level evidence from a dated source published no later than the PYQ year.,,Inventory + analytical metadata complete; primary-source verification pending,BLOCKED_UNTIL_SOURCE_QA
UPSC-2021-GS1-Q072,2021,72,Science & Technology,Science & Technology,Energy & Environment,moderate,Single-answer,3,True,False,False,73,4,c,True,False,,3a722afdefa9b61c,UPSC official previous-question-paper archive,2021 source date <= PYQ year,,,,,UNVERIFIED,,,NOT DISCLOSED BY UPSC,No primary-source attribution entered without proposition-level evidence from a dated source published no later than the PYQ year.,,Inventory + analytical metadata complete; primary-source verification pending,BLOCKED_UNTIL_SOURCE_QA
UPSC-2021-GS1-Q073,2021,73,Science & Technology,Science & Technology,Health & Diseases,easy,Single-answer,0,False,False,False,10,4,d,True,False,,110cd74758674a0f,UPSC official previous-question-paper archive,2021 source date <= PYQ year,,,,,UNVERIFIED,,,NOT DISCLOSED BY UPSC,No primary-source attribution entered without proposition-level evidence from a dated source published no later than the PYQ year.,,Inventory + analytical metadata complete; primary-source verification pending,BLOCKED_UNTIL_SOURCE_QA
UPSC-2021-GS1-Q074,2021,74,Environment & Ecology,Environment & Ecology,Pollution & Waste Management,easy,Single-answer,0,False,False,False,22,4,b,True,False,,ee89f206088dac74,UPSC official previous-question-paper archive,2021 source date <= PYQ year,,,,,UNVERIFIED,,,NOT DISCLOSED BY UPSC,No primary-source attribution entered without proposition-level evidence from a dated source published no later than the PYQ year.,,Inventory + analytical metadata complete; primary-source verification pending,BLOCKED_UNTIL_SOURCE_QA
UPSC-2021-GS1-Q075,2021,75,Science & Technology,Science & Technology,Health & Diseases,easy,Single-answer,0,False,False,False,21,4,d,True,False,,f612ffb8689fe6d9,UPSC official previous-question-paper archive,2021 source date <= PYQ year,,,,,UNVERIFIED,,,NOT DISCLOSED BY UPSC,No primary-source attribution entered without proposition-level evidence from a dated source published no later than the PYQ year.,,Inventory + analytical metadata complete; primary-source verification pending,BLOCKED_UNTIL_SOURCE_QA
UPSC-2021-GS1-Q076,2021,76,Science & Technology,Science & Technology,Space Technology & Astronomy,easy,Single-answer,0,False,False,False,15,4,d,True,False,,24a9aa09653dc50d,UPSC official previous-question-paper archive,2021 source date <= PYQ year,,,,,UNVERIFIED,,,NOT DISCLOSED BY UPSC,No primary-source attribution entered without proposition-level evidence from a dated source published no later than the PYQ year.,,Inventory + analytical metadata complete; primary-source verification pending,BLOCKED_UNTIL_SOURCE_QA
UPSC-2021-GS1-Q077,2021,77,Indian Polity,Polity & Governance,Parliament & State Legislatures,moderate,Single-answer,2,False,False,False,77,4,c,True,False,,d5f0b540f8f53e75,UPSC official previous-question-paper archive,2021 source date <= PYQ year,,,,,UNVERIFIED,,,NOT DISCLOSED BY UPSC,No primary-source attribution entered without proposition-level evidence from a dated source published no later than the PYQ year.,,Inventory + analytical metadata complete; primary-source verification pending,BLOCKED_UNTIL_SOURCE_QA
UPSC-2021-GS1-Q078,2021,78,Indian Polity,Polity & Governance,Constitutional & Statutory Bodies,moderate,Multi-statement,2,False,False,False,71,4,b,True,False,,fce3ce15812fadf1,UPSC official previous-question-paper archive,2021 source date <= PYQ year,,,,,UNVERIFIED,,,NOT DISCLOSED BY UPSC,No primary-source attribution entered without proposition-level evidence from a dated source published no later than the PYQ year.,,Inventory + analytical metadata complete; primary-source verification pending,BLOCKED_UNTIL_SOURCE_QA
UPSC-2021-GS1-Q079,2021,79,Indian Polity,Polity & Governance,Fundamental Rights,easy,Single-answer,0,False,False,False,13,4,c,True,False,,b1b73ddd4f266798,UPSC official previous-question-paper archive,2021 source date <= PYQ year,,,,,UNVERIFIED,,,NOT DISCLOSED BY UPSC,No primary-source attribution entered without proposition-level evidence from a dated source published no later than the PYQ year.,,Inventory + analytical metadata complete; primary-source verification pending,BLOCKED_UNTIL_SOURCE_QA
UPSC-2021-GS1-Q080,2021,80,Indian Polity,Polity & Governance,Elections & Electoral Reforms,moderate,Multi-statement,3,False,False,False,90,4,c,True,True,CANCELLED,745200c8c099caa6,UPSC official previous-question-paper archive,2021 source date <= PYQ year,,,,,UNVERIFIED,,,NOT DISCLOSED BY UPSC,No primary-source attribution entered without proposition-level evidence from a dated source published no later than the PYQ year.,,Inventory + analytical metadata complete; primary-source verification pending,BLOCKED_UNTIL_SOURCE_QA
UPSC-2021-GS1-Q081,2021,81,Current Affairs,Current Affairs,International Organisations & Groupings,difficult,Multi-statement,3,False,True,False,82,4,d,True,False,,b47baa790fedf400,UPSC official previous-question-paper archive,2021 source date <= PYQ year,,,,,UNVERIFIED,,,NOT DISCLOSED BY UPSC,No primary-source attribution entered without proposition-level evidence from a dated source published no later than the PYQ year.,,Inventory + analytical metadata complete; primary-source verification pending,BLOCKED_UNTIL_SOURCE_QA
UPSC-2021-GS1-Q082,2021,82,Indian Polity,Polity & Governance,Judiciary,moderate,Multi-statement,2,True,False,False,68,4,b,True,False,,2e277529dbfd209e,UPSC official previous-question-paper archive,2021 source date <= PYQ year,,,,,UNVERIFIED,,,NOT DISCLOSED BY UPSC,No primary-source attribution entered without proposition-level evidence from a dated source published no later than the PYQ year.,,Inventory + analytical metadata complete; primary-source verification pending,BLOCKED_UNTIL_SOURCE_QA
UPSC-2021-GS1-Q083,2021,83,Indian Polity,Polity & Governance,Judiciary,moderate,Multi-statement,2,False,False,False,52,4,b,True,False,,1bb9e466c06a00a2,UPSC official previous-question-paper archive,2021 source date <= PYQ year,,,,,UNVERIFIED,,,NOT DISCLOSED BY UPSC,No primary-source attribution entered without proposition-level evidence from a dated source published no later than the PYQ year.,,Inventory + analytical metadata complete; primary-source verification pending,BLOCKED_UNTIL_SOURCE_QA
UPSC-2021-GS1-Q084,2021,84,Environment & Ecology,Environment & Ecology,Environmental Governance & Legislation,easy,Single-answer,0,False,False,False,29,4,d,True,False,,b0a4f85e55b7e059,UPSC official previous-question-paper archive,2021 source date <= PYQ year,,,,,UNVERIFIED,,,NOT DISCLOSED BY UPSC,No primary-source attribution entered without proposition-level evidence from a dated source published no later than the PYQ year.,,Inventory + analytical metadata complete; primary-source verification pending,BLOCKED_UNTIL_SOURCE_QA
UPSC-2021-GS1-Q085,2021,85,Polity,Polity & Governance,Constitutional Articles,moderate,Single-answer,0,False,False,False,35,4,a,True,False,,08b3f94e01283ade,UPSC official previous-question-paper archive,2021 source date <= PYQ year,,,,,UNVERIFIED,,,NOT DISCLOSED BY UPSC,No primary-source attribution entered without proposition-level evidence from a dated source published no later than the PYQ year.,,Inventory + analytical metadata complete; primary-source verification pending,BLOCKED_UNTIL_SOURCE_QA
UPSC-2021-GS1-Q086,2021,86,Indian Polity,Polity & Governance,Federalism & Centre–State Relations,moderate,Single-answer,0,False,False,False,20,4,a,True,False,,0b45f5057518f39d,UPSC official previous-question-paper archive,2021 source date <= PYQ year,,,,,UNVERIFIED,,,NOT DISCLOSED BY UPSC,No primary-source attribution entered without proposition-level evidence from a dated source published no later than the PYQ year.,,Inventory + analytical metadata complete; primary-source verification pending,BLOCKED_UNTIL_SOURCE_QA
UPSC-2021-GS1-Q087,2021,87,Indian Polity,Polity & Governance,Political Theory & Concepts,easy,Single-answer,0,False,False,False,10,4,a,True,False,,f4de95eb99e95289,UPSC official previous-question-paper archive,2021 source date <= PYQ year,,,,,UNVERIFIED,,,NOT DISCLOSED BY UPSC,No primary-source attribution entered without proposition-level evidence from a dated source published no later than the PYQ year.,,Inventory + analytical metadata complete; primary-source verification pending,BLOCKED_UNTIL_SOURCE_QA
UPSC-2021-GS1-Q088,2021,88,Indian Polity,Polity & Governance,Judiciary,difficult,Multi-statement,2,False,False,False,74,4,a,True,False,,0163bbdc53ea7c60,UPSC official previous-question-paper archive,2021 source date <= PYQ year,,,,,UNVERIFIED,,,NOT DISCLOSED BY UPSC,No primary-source attribution entered without proposition-level evidence from a dated source published no later than the PYQ year.,,Inventory + analytical metadata complete; primary-source verification pending,BLOCKED_UNTIL_SOURCE_QA
UPSC-2021-GS1-Q089,2021,89,Indian Polity,Polity & Governance,Constitutional Framework & Development,moderate,Multi-statement,3,False,False,False,53,4,a,True,False,,a969d14e5cd0e119,UPSC official previous-question-paper archive,2021 source date <= PYQ year,,,,,UNVERIFIED,,,NOT DISCLOSED BY UPSC,No primary-source attribution entered without proposition-level evidence from a dated source published no later than the PYQ year.,,Inventory + analytical metadata complete; primary-source verification pending,BLOCKED_UNTIL_SOURCE_QA
UPSC-2021-GS1-Q090,2021,90,Indian Polity,Polity & Governance,Constitutional Framework & Development,easy,Single-answer,0,False,False,False,16,4,d,True,False,,72805b77c755c62e,UPSC official previous-question-paper archive,2021 source date <= PYQ year,,,,,UNVERIFIED,,,NOT DISCLOSED BY UPSC,No primary-source attribution entered without proposition-level evidence from a dated source published no later than the PYQ year.,,Inventory + analytical metadata complete; primary-source verification pending,BLOCKED_UNTIL_SOURCE_QA
UPSC-2021-GS1-Q091,2021,91,Indian Polity,Polity & Governance,Directive Principles Of State Policy,moderate,Single-answer,0,False,False,False,8,4,b,True,False,,630b07f264bfb676,UPSC official previous-question-paper archive,2021 source date <= PYQ year,,,,,UNVERIFIED,,,NOT DISCLOSED BY UPSC,No primary-source attribution entered without proposition-level evidence from a dated source published no later than the PYQ year.,,Inventory + analytical metadata complete; primary-source verification pending,BLOCKED_UNTIL_SOURCE_QA
UPSC-2021-GS1-Q092,2021,92,Polity,Polity & Governance,Fundamental Rights,easy,Single-answer,0,False,False,False,11,4,b,True,False,,86c391130cd36aab,UPSC official previous-question-paper archive,2021 source date <= PYQ year,,,,,UNVERIFIED,,,NOT DISCLOSED BY UPSC,No primary-source attribution entered without proposition-level evidence from a dated source published no later than the PYQ year.,,Inventory + analytical metadata complete; primary-source verification pending,BLOCKED_UNTIL_SOURCE_QA
UPSC-2021-GS1-Q093,2021,93,Indian Polity,Polity & Governance,Constitutional Framework & Development,easy,Single-answer,0,False,False,False,12,4,b,True,False,,e3ba9dbdc3ad7a85,UPSC official previous-question-paper archive,2021 source date <= PYQ year,,,,,UNVERIFIED,,,NOT DISCLOSED BY UPSC,No primary-source attribution entered without proposition-level evidence from a dated source published no later than the PYQ year.,,Inventory + analytical metadata complete; primary-source verification pending,BLOCKED_UNTIL_SOURCE_QA
UPSC-2021-GS1-Q094,2021,94,Indian Polity,Polity & Governance,Constitutional Framework & Development,easy,Single-answer,0,False,False,False,3,4,d,True,False,,6e6435b1c13ac343,UPSC official previous-question-paper archive,2021 source date <= PYQ year,,,,,UNVERIFIED,,,NOT DISCLOSED BY UPSC,No primary-source attribution entered without proposition-level evidence from a dated source published no later than the PYQ year.,,Inventory + analytical metadata complete; primary-source verification pending,BLOCKED_UNTIL_SOURCE_QA
UPSC-2021-GS1-Q095,2021,95,Art & Culture,Art & Culture,Music,moderate,Single-answer,0,False,False,False,12,4,d,True,False,,8ff3f76f088020e4,UPSC official previous-question-paper archive,2021 source date <= PYQ year,,,,,UNVERIFIED,,,NOT DISCLOSED BY UPSC,No primary-source attribution entered without proposition-level evidence from a dated source published no later than the PYQ year.,,Inventory + analytical metadata complete; primary-source verification pending,BLOCKED_UNTIL_SOURCE_QA
UPSC-2021-GS1-Q096,2021,96,Indian Polity,Polity & Governance,Constitutional Framework & Development,difficult,Multi-statement,3,True,False,False,70,4,d,True,False,,1bc5c7a44765fe32,UPSC official previous-question-paper archive,2021 source date <= PYQ year,,,,,UNVERIFIED,,,NOT DISCLOSED BY UPSC,No primary-source attribution entered without proposition-level evidence from a dated source published no later than the PYQ year.,,Inventory + analytical metadata complete; primary-source verification pending,BLOCKED_UNTIL_SOURCE_QA
UPSC-2021-GS1-Q097,2021,97,Environment & Ecology,Environment & Ecology,Sustainable Agriculture & Forestry,easy,Single-answer,0,False,False,True,66,4,d,True,False,,9c402fec653bff88,UPSC official previous-question-paper archive,2021 source date <= PYQ year,,,,,UNVERIFIED,,,NOT DISCLOSED BY UPSC,No primary-source attribution entered without proposition-level evidence from a dated source published no later than the PYQ year.,,Inventory + analytical metadata complete; primary-source verification pending,BLOCKED_UNTIL_SOURCE_QA
UPSC-2021-GS1-Q098,2021,98,Current Affairs,Current Affairs,Awards & Honours,moderate,Multi-statement,3,False,True,False,64,4,c,True,False,,fa331aa4fc58361d,UPSC official previous-question-paper archive,2021 source date <= PYQ year,,,,,UNVERIFIED,,,NOT DISCLOSED BY UPSC,No primary-source attribution entered without proposition-level evidence from a dated source published no later than the PYQ year.,,Inventory + analytical metadata complete; primary-source verification pending,BLOCKED_UNTIL_SOURCE_QA
UPSC-2021-GS1-Q099,2021,99,Current Affairs,Current Affairs,Other Sports & Personalities,easy,Multi-statement,2,False,True,False,43,4,b,True,False,,327cadfbba0e1832,UPSC official previous-question-paper archive,2021 source date <= PYQ year,,,,,UNVERIFIED,,,NOT DISCLOSED BY UPSC,No primary-source attribution entered without proposition-level evidence from a dated source published no later than the PYQ year.,,Inventory + analytical metadata complete; primary-source verification pending,BLOCKED_UNTIL_SOURCE_QA
UPSC-2021-GS1-Q100,2021,100,Current Affairs,Current Affairs,Cricket,easy,Multi-statement,2,False,True,False,47,4,d,True,False,,505572d83bfca2b2,UPSC official previous-question-paper archive,2021 source date <= PYQ year,,,,,UNVERIFIED,,,NOT DISCLOSED BY UPSC,No primary-source attribution entered without proposition-level evidence from a dated source published no later than the PYQ year.,,Inventory + analytical metadata complete; primary-source verification pending,BLOCKED_UNTIL_SOURCE_QA
UPSC-2022-GS1-Q001,2022,1,Indian Economy,Economy,International Institutions & Reports,easy,Single-answer,0,False,False,False,21,4,b,True,False,,6d1abb571b020403,UPSC official previous-question-paper archive,2022 source date <= PYQ year,,,,,UNVERIFIED,,,NOT DISCLOSED BY UPSC,No primary-source attribution entered without proposition-level evidence from a dated source published no later than the PYQ year.,,Inventory + analytical metadata complete; primary-source verification pending,BLOCKED_UNTIL_SOURCE_QA
UPSC-2022-GS1-Q002,2022,2,Indian Economy,Economy,External Sector & Balance Of Payments,moderate,Multi-statement,3,False,False,False,73,4,c,True,False,,0c5c301130aee8dc,UPSC official previous-question-paper archive,2022 source date <= PYQ year,,,,,UNVERIFIED,,,NOT DISCLOSED BY UPSC,No primary-source attribution entered without proposition-level evidence from a dated source published no later than the PYQ year.,,Inventory + analytical metadata complete; primary-source verification pending,BLOCKED_UNTIL_SOURCE_QA
UPSC-2022-GS1-Q003,2022,3,Indian Economy,Economy,Monetary Policy & Money Supply,moderate,Multi-statement,3,False,False,False,76,4,b,True,False,,1901a9896297da57,UPSC official previous-question-paper archive,2022 source date <= PYQ year,,,,,UNVERIFIED,,,NOT DISCLOSED BY UPSC,No primary-source attribution entered without proposition-level evidence from a dated source published no later than the PYQ year.,,Inventory + analytical metadata complete; primary-source verification pending,BLOCKED_UNTIL_SOURCE_QA
UPSC-2022-GS1-Q004,2022,4,Current Affairs,Current Affairs,International Organisations & Groupings,moderate,Multi-statement,2,False,True,False,48,4,c,True,False,,905bedb9de62a64f,UPSC official previous-question-paper archive,2022 source date <= PYQ year,,,,,UNVERIFIED,,,NOT DISCLOSED BY UPSC,No primary-source attribution entered without proposition-level evidence from a dated source published no later than the PYQ year.,,Inventory + analytical metadata complete; primary-source verification pending,BLOCKED_UNTIL_SOURCE_QA
UPSC-2022-GS1-Q005,2022,5,Indian Economy,Economy,Financial Markets & Capital Markets,moderate,Multi-statement,3,True,False,False,63,4,a,True,False,,c6e05a6e46e80c88,UPSC official previous-question-paper archive,2022 source date <= PYQ year,,,,,UNVERIFIED,,,NOT DISCLOSED BY UPSC,No primary-source attribution entered without proposition-level evidence from a dated source published no later than the PYQ year.,,Inventory + analytical metadata complete; primary-source verification pending,BLOCKED_UNTIL_SOURCE_QA
UPSC-2022-GS1-Q006,2022,6,Indian Economy,Economy,External Sector & Balance Of Payments,moderate,Multi-statement,2,False,False,False,57,4,d,True,False,,fc4b372b0f4572e8,UPSC official previous-question-paper archive,2022 source date <= PYQ year,,,,,UNVERIFIED,,,NOT DISCLOSED BY UPSC,No primary-source attribution entered without proposition-level evidence from a dated source published no later than the PYQ year.,,Inventory + analytical metadata complete; primary-source verification pending,BLOCKED_UNTIL_SOURCE_QA
UPSC-2022-GS1-Q007,2022,7,Indian Economy,Economy,National Income & Economic Growth,easy,Multi-statement,4,False,False,False,54,4,a,True,False,,09688bc26f56d45c,UPSC official previous-question-paper archive,2022 source date <= PYQ year,,,,,UNVERIFIED,,,NOT DISCLOSED BY UPSC,No primary-source attribution entered without proposition-level evidence from a dated source published no later than the PYQ year.,,Inventory + analytical metadata complete; primary-source verification pending,BLOCKED_UNTIL_SOURCE_QA
UPSC-2022-GS1-Q008,2022,8,Indian Economy,Economy,Taxation,moderate,Single-answer,0,False,False,True,21,4,d,True,False,,5cdaa79f4df981a8,UPSC official previous-question-paper archive,2022 source date <= PYQ year,,,,,UNVERIFIED,,,NOT DISCLOSED BY UPSC,No primary-source attribution entered without proposition-level evidence from a dated source published no later than the PYQ year.,,Inventory + analytical metadata complete; primary-source verification pending,BLOCKED_UNTIL_SOURCE_QA
UPSC-2022-GS1-Q009,2022,9,Indian Economy,Economy,Fiscal Policy & Budget,easy,Multi-statement,2,False,False,False,51,4,a,True,False,,09ca937c2ee3c277,UPSC official previous-question-paper archive,2022 source date <= PYQ year,,,,,UNVERIFIED,,,NOT DISCLOSED BY UPSC,No primary-source attribution entered without proposition-level evidence from a dated source published no later than the PYQ year.,,Inventory + analytical metadata complete; primary-source verification pending,BLOCKED_UNTIL_SOURCE_QA
UPSC-2022-GS1-Q010,2022,10,Indian Economy,Economy,Fiscal Policy & Budget,moderate,Multi-statement,2,False,False,False,47,4,c,True,False,,15a778404b7aa1b7,UPSC official previous-question-paper archive,2022 source date <= PYQ year,,,,,UNVERIFIED,,,NOT DISCLOSED BY UPSC,No primary-source attribution entered without proposition-level evidence from a dated source published no later than the PYQ year.,,Inventory + analytical metadata complete; primary-source verification pending,BLOCKED_UNTIL_SOURCE_QA
UPSC-2022-GS1-Q011,2022,11,Indian Polity,Polity & Governance,Judiciary,moderate,Multi-statement,4,False,False,False,78,4,b,True,False,,9c0756b3cc66c4da,UPSC official previous-question-paper archive,2022 source date <= PYQ year,,,,,UNVERIFIED,,,NOT DISCLOSED BY UPSC,No primary-source attribution entered without proposition-level evidence from a dated source published no later than the PYQ year.,,Inventory + analytical metadata complete; primary-source verification pending,BLOCKED_UNTIL_SOURCE_QA
UPSC-2022-GS1-Q012,2022,12,Indian Polity,Polity & Governance,Judiciary,moderate,Multi-statement,2,False,False,False,61,4,b,True,False,,09396b4eb458ae57,UPSC official previous-question-paper archive,2022 source date <= PYQ year,,,,,UNVERIFIED,,,NOT DISCLOSED BY UPSC,No primary-source attribution entered without proposition-level evidence from a dated source published no later than the PYQ year.,,Inventory + analytical metadata complete; primary-source verification pending,BLOCKED_UNTIL_SOURCE_QA
UPSC-2022-GS1-Q013,2022,13,Polity,Polity & Governance,Constitutional Amendments,moderate,Multi-statement,3,False,False,False,83,4,b,True,False,,77969ffe92c57d85,UPSC official previous-question-paper archive,2022 source date <= PYQ year,,,,,UNVERIFIED,,,NOT DISCLOSED BY UPSC,No primary-source attribution entered without proposition-level evidence from a dated source published no later than the PYQ year.,,Inventory + analytical metadata complete; primary-source verification pending,BLOCKED_UNTIL_SOURCE_QA
UPSC-2022-GS1-Q014,2022,14,Polity,Polity & Governance,Council of Ministers,easy,Multi-statement,2,True,False,False,69,4,b,True,False,,6eedbe86f5182237,UPSC official previous-question-paper archive,2022 source date <= PYQ year,,,,,UNVERIFIED,,,NOT DISCLOSED BY UPSC,No primary-source attribution entered without proposition-level evidence from a dated source published no later than the PYQ year.,,Inventory + analytical metadata complete; primary-source verification pending,BLOCKED_UNTIL_SOURCE_QA
UPSC-2022-GS1-Q015,2022,15,Polity,Polity & Governance,Parliament,moderate,Multi-statement,3,False,False,False,48,4,b,True,False,,693df47589d772de,UPSC official previous-question-paper archive,2022 source date <= PYQ year,,,,,UNVERIFIED,,,NOT DISCLOSED BY UPSC,No primary-source attribution entered without proposition-level evidence from a dated source published no later than the PYQ year.,,Inventory + analytical metadata complete; primary-source verification pending,BLOCKED_UNTIL_SOURCE_QA
UPSC-2022-GS1-Q016,2022,16,Polity,Polity & Governance,Anti-Defection Law,moderate,Multi-statement,2,True,False,False,62,4,b,True,False,,1184a97ca96f938a,UPSC official previous-question-paper archive,2022 source date <= PYQ year,,,,,UNVERIFIED,,,NOT DISCLOSED BY UPSC,No primary-source attribution entered without proposition-level evidence from a dated source published no later than the PYQ year.,,Inventory + analytical metadata complete; primary-source verification pending,BLOCKED_UNTIL_SOURCE_QA
UPSC-2022-GS1-Q017,2022,17,Indian Polity,Polity & Governance,Union & State Executive,easy,Multi-statement,2,False,False,False,66,4,d,True,False,,043179e1c0d3eca0,UPSC official previous-question-paper archive,2022 source date <= PYQ year,,,,,UNVERIFIED,,,NOT DISCLOSED BY UPSC,No primary-source attribution entered without proposition-level evidence from a dated source published no later than the PYQ year.,,Inventory + analytical metadata complete; primary-source verification pending,BLOCKED_UNTIL_SOURCE_QA
UPSC-2022-GS1-Q018,2022,18,Indian Polity,Polity & Governance,Judiciary,difficult,Multi-statement,3,True,False,False,78,4,d,True,False,,bb23bd985830e013,UPSC official previous-question-paper archive,2022 source date <= PYQ year,,,,,UNVERIFIED,,,NOT DISCLOSED BY UPSC,No primary-source attribution entered without proposition-level evidence from a dated source published no later than the PYQ year.,,Inventory + analytical metadata complete; primary-source verification pending,BLOCKED_UNTIL_SOURCE_QA
UPSC-2022-GS1-Q019,2022,19,Current Affairs,Current Affairs,Indian Government Schemes & Initiatives,moderate,Multi-statement,3,False,True,False,56,4,b,True,False,,652cb8e17211baab,UPSC official previous-question-paper archive,2022 source date <= PYQ year,,,,,UNVERIFIED,,,NOT DISCLOSED BY UPSC,No primary-source attribution entered without proposition-level evidence from a dated source published no later than the PYQ year.,,Inventory + analytical metadata complete; primary-source verification pending,BLOCKED_UNTIL_SOURCE_QA
UPSC-2022-GS1-Q020,2022,20,Indian Polity,Polity & Governance,Parliament & State Legislatures,moderate,Multi-statement,4,False,False,False,137,4,a,True,False,,a2a1777ec6f47afa,UPSC official previous-question-paper archive,2022 source date <= PYQ year,,,,,UNVERIFIED,,,NOT DISCLOSED BY UPSC,No primary-source attribution entered without proposition-level evidence from a dated source published no later than the PYQ year.,,Inventory + analytical metadata complete; primary-source verification pending,BLOCKED_UNTIL_SOURCE_QA
UPSC-2022-GS1-Q021,2022,21,Environment & Ecology,Environment & Ecology,Climate Change & Greenhouse Gases,easy,Single-answer,0,False,False,False,19,4,b,True,False,,d1029874884bab0a,UPSC official previous-question-paper archive,2022 source date <= PYQ year,,,,,UNVERIFIED,,,NOT DISCLOSED BY UPSC,No primary-source attribution entered without proposition-level evidence from a dated source published no later than the PYQ year.,,Inventory + analytical metadata complete; primary-source verification pending,BLOCKED_UNTIL_SOURCE_QA
UPSC-2022-GS1-Q022,2022,22,Environment & Ecology,Environment & Ecology,Sustainable Agriculture & Forestry,moderate,Single-answer,3,False,False,False,42,4,d,True,False,,c721ae6835ae5c97,UPSC official previous-question-paper archive,2022 source date <= PYQ year,,,,,UNVERIFIED,,,NOT DISCLOSED BY UPSC,No primary-source attribution entered without proposition-level evidence from a dated source published no later than the PYQ year.,,Inventory + analytical metadata complete; primary-source verification pending,BLOCKED_UNTIL_SOURCE_QA
UPSC-2022-GS1-Q023,2022,23,Geography,Geography,World Physical Geography,moderate,Single-answer,0,False,False,False,18,4,b,True,False,,b18eeafcbc7efc18,UPSC official previous-question-paper archive,2022 source date <= PYQ year,,,,,UNVERIFIED,,,NOT DISCLOSED BY UPSC,No primary-source attribution entered without proposition-level evidence from a dated source published no later than the PYQ year.,,Inventory + analytical metadata complete; primary-source verification pending,BLOCKED_UNTIL_SOURCE_QA
UPSC-2022-GS1-Q024,2022,24,Geography,Geography,Indian Physical Geography,easy,Single-answer,0,False,False,False,15,4,c,True,False,,5ad1037822ab1757,UPSC official previous-question-paper archive,2022 source date <= PYQ year,,,,,UNVERIFIED,,,NOT DISCLOSED BY UPSC,No primary-source attribution entered without proposition-level evidence from a dated source published no later than the PYQ year.,,Inventory + analytical metadata complete; primary-source verification pending,BLOCKED_UNTIL_SOURCE_QA
UPSC-2022-GS1-Q025,2022,25,Geography,Geography,Indian Physical Geography,moderate,Match/Pair,3,False,False,False,35,4,b,True,False,,1974dab22cc0d4b1,UPSC official previous-question-paper archive,2022 source date <= PYQ year,,,,,UNVERIFIED,,,NOT DISCLOSED BY UPSC,No primary-source attribution entered without proposition-level evidence from a dated source published no later than the PYQ year.,,Inventory + analytical metadata complete; primary-source verification pending,BLOCKED_UNTIL_SOURCE_QA
UPSC-2022-GS1-Q026,2022,26,Geography,Geography,World Geography,easy,Single-answer,0,False,False,True,17,4,a,True,False,,d9ceb259ac9cc426,UPSC official previous-question-paper archive,2022 source date <= PYQ year,,,,,UNVERIFIED,,,NOT DISCLOSED BY UPSC,No primary-source attribution entered without proposition-level evidence from a dated source published no later than the PYQ year.,,Inventory + analytical metadata complete; primary-source verification pending,BLOCKED_UNTIL_SOURCE_QA
UPSC-2022-GS1-Q027,2022,27,Geography,Geography,World Political Geography & Borders,easy,Multi-statement,5,False,False,False,24,4,c,True,False,,2ee6860fbfb4fd89,UPSC official previous-question-paper archive,2022 source date <= PYQ year,,,,,UNVERIFIED,,,NOT DISCLOSED BY UPSC,No primary-source attribution entered without proposition-level evidence from a dated source published no later than the PYQ year.,,Inventory + analytical metadata complete; primary-source verification pending,BLOCKED_UNTIL_SOURCE_QA
UPSC-2022-GS1-Q028,2022,28,Science & Technology,Science & Technology,Materials & Engineering,moderate,Multi-statement,4,False,False,False,53,4,b,True,False,,e1acf435622f5cbf,UPSC official previous-question-paper archive,2022 source date <= PYQ year,,,,,UNVERIFIED,,,NOT DISCLOSED BY UPSC,No primary-source attribution entered without proposition-level evidence from a dated source published no later than the PYQ year.,,Inventory + analytical metadata complete; primary-source verification pending,BLOCKED_UNTIL_SOURCE_QA
UPSC-2022-GS1-Q029,2022,29,Geography,Geography,Astronomy & Earth–Sun System,easy,Single-answer,0,False,False,False,15,4,b,True,False,,25b0f3963508c85b,UPSC official previous-question-paper archive,2022 source date <= PYQ year,,,,,UNVERIFIED,,,NOT DISCLOSED BY UPSC,No primary-source attribution entered without proposition-level evidence from a dated source published no later than the PYQ year.,,Inventory + analytical metadata complete; primary-source verification pending,BLOCKED_UNTIL_SOURCE_QA
UPSC-2022-GS1-Q030,2022,30,Geography,Geography,Indian Physical Geography,moderate,How-many/Count,4,False,False,False,39,4,b,True,False,,e665ea136d2bf4c8,UPSC official previous-question-paper archive,2022 source date <= PYQ year,,,,,UNVERIFIED,,,NOT DISCLOSED BY UPSC,No primary-source attribution entered without proposition-level evidence from a dated source published no later than the PYQ year.,,Inventory + analytical metadata complete; primary-source verification pending,BLOCKED_UNTIL_SOURCE_QA
UPSC-2022-GS1-Q031,2022,31,Science & Technology,Science & Technology,Computer & Information Technology,moderate,Multi-statement,4,False,False,False,26,4,d,True,False,,720b1ba901716744,UPSC official previous-question-paper archive,2022 source date <= PYQ year,,,,,UNVERIFIED,,,NOT DISCLOSED BY UPSC,No primary-source attribution entered without proposition-level evidence from a dated source published no later than the PYQ year.,,Inventory + analytical metadata complete; primary-source verification pending,BLOCKED_UNTIL_SOURCE_QA
UPSC-2022-GS1-Q032,2022,32,Science & Technology,Science & Technology,Computer & Information Technology,moderate,Multi-statement,3,False,False,False,54,4,d,True,False,,e4614990c5d96836,UPSC official previous-question-paper archive,2022 source date <= PYQ year,,,,,UNVERIFIED,,,NOT DISCLOSED BY UPSC,No primary-source attribution entered without proposition-level evidence from a dated source published no later than the PYQ year.,,Inventory + analytical metadata complete; primary-source verification pending,BLOCKED_UNTIL_SOURCE_QA
UPSC-2022-GS1-Q033,2022,33,Science and Technology,Science & Technology,Information Technology,moderate,Multi-statement,3,False,False,False,56,4,d,True,False,,09abf80d88f9cfdb,UPSC official previous-question-paper archive,2022 source date <= PYQ year,,,,,UNVERIFIED,,,NOT DISCLOSED BY UPSC,No primary-source attribution entered without proposition-level evidence from a dated source published no later than the PYQ year.,,Inventory + analytical metadata complete; primary-source verification pending,BLOCKED_UNTIL_SOURCE_QA
UPSC-2022-GS1-Q034,2022,34,Science and Technology,Science & Technology,Defence Technology,moderate,Single-answer,0,False,False,False,22,4,c,True,False,,9b3c4d9a010fcc63,UPSC official previous-question-paper archive,2022 source date <= PYQ year,,,,,UNVERIFIED,,,NOT DISCLOSED BY UPSC,No primary-source attribution entered without proposition-level evidence from a dated source published no later than the PYQ year.,,Inventory + analytical metadata complete; primary-source verification pending,BLOCKED_UNTIL_SOURCE_QA
UPSC-2022-GS1-Q035,2022,35,Science & Technology,Science & Technology,Computer & Information Technology,easy,Single-answer,0,False,False,False,16,4,b,True,False,,4e8996c027b5d14d,UPSC official previous-question-paper archive,2022 source date <= PYQ year,,,,,UNVERIFIED,,,NOT DISCLOSED BY UPSC,No primary-source attribution entered without proposition-level evidence from a dated source published no later than the PYQ year.,,Inventory + analytical metadata complete; primary-source verification pending,BLOCKED_UNTIL_SOURCE_QA
UPSC-2022-GS1-Q036,2022,36,Science & Technology,Science & Technology,Computer & Information Technology,moderate,Multi-statement,3,False,False,False,27,4,d,True,False,,67aff2dbb8fe6010,UPSC official previous-question-paper archive,2022 source date <= PYQ year,,,,,UNVERIFIED,,,NOT DISCLOSED BY UPSC,No primary-source attribution entered without proposition-level evidence from a dated source published no later than the PYQ year.,,Inventory + analytical metadata complete; primary-source verification pending,BLOCKED_UNTIL_SOURCE_QA
UPSC-2022-GS1-Q037,2022,37,Science & Technology,Science & Technology,Health & Diseases,moderate,Multi-statement,3,False,False,False,40,4,d,True,False,,0c5ff80c61cd0058,UPSC official previous-question-paper archive,2022 source date <= PYQ year,,,,,UNVERIFIED,,,NOT DISCLOSED BY UPSC,No primary-source attribution entered without proposition-level evidence from a dated source published no later than the PYQ year.,,Inventory + analytical metadata complete; primary-source verification pending,BLOCKED_UNTIL_SOURCE_QA
UPSC-2022-GS1-Q038,2022,38,Science & Technology,Science & Technology,Health & Diseases,moderate,Multi-statement,3,True,False,False,56,4,c,True,False,,b343da7af3574e7d,UPSC official previous-question-paper archive,2022 source date <= PYQ year,,,,,UNVERIFIED,,,NOT DISCLOSED BY UPSC,No primary-source attribution entered without proposition-level evidence from a dated source published no later than the PYQ year.,,Inventory + analytical metadata complete; primary-source verification pending,BLOCKED_UNTIL_SOURCE_QA
UPSC-2022-GS1-Q039,2022,39,Science & Technology,Science & Technology,Health & Diseases,moderate,Multi-statement,3,False,False,False,56,4,b,True,False,,e9d52786e8917582,UPSC official previous-question-paper archive,2022 source date <= PYQ year,,,,,UNVERIFIED,,,NOT DISCLOSED BY UPSC,No primary-source attribution entered without proposition-level evidence from a dated source published no later than the PYQ year.,,Inventory + analytical metadata complete; primary-source verification pending,BLOCKED_UNTIL_SOURCE_QA
UPSC-2022-GS1-Q040,2022,40,Science & Technology,Science & Technology,Space Technology & Astronomy,moderate,Multi-statement,5,False,False,False,95,4,c,True,False,,5beeb6c62734d4f0,UPSC official previous-question-paper archive,2022 source date <= PYQ year,,,,,UNVERIFIED,,,NOT DISCLOSED BY UPSC,No primary-source attribution entered without proposition-level evidence from a dated source published no later than the PYQ year.,,Inventory + analytical metadata complete; primary-source verification pending,BLOCKED_UNTIL_SOURCE_QA
UPSC-2022-GS1-Q041,2022,41,Environment,Environment & Ecology,Climate Change,easy,Single-answer,0,False,False,False,15,4,a,True,False,,9ad43fc1fcc46b9b,UPSC official previous-question-paper archive,2022 source date <= PYQ year,,,,,UNVERIFIED,,,NOT DISCLOSED BY UPSC,No primary-source attribution entered without proposition-level evidence from a dated source published no later than the PYQ year.,,Inventory + analytical metadata complete; primary-source verification pending,BLOCKED_UNTIL_SOURCE_QA
UPSC-2022-GS1-Q042,2022,42,Environment & Ecology,Environment & Ecology,International Environmental Treaties & Summits,moderate,Multi-statement,5,False,False,False,92,4,b,True,False,,c80de77fe0bd8695,UPSC official previous-question-paper archive,2022 source date <= PYQ year,,,,,UNVERIFIED,,,NOT DISCLOSED BY UPSC,No primary-source attribution entered without proposition-level evidence from a dated source published no later than the PYQ year.,,Inventory + analytical metadata complete; primary-source verification pending,BLOCKED_UNTIL_SOURCE_QA
UPSC-2022-GS1-Q043,2022,43,Environment & Ecology,Environment & Ecology,Water & Wetland Conservation,easy,Single-answer,0,False,False,False,32,4,d,True,False,,49aac6024fe7883c,UPSC official previous-question-paper archive,2022 source date <= PYQ year,,,,,UNVERIFIED,,,NOT DISCLOSED BY UPSC,No primary-source attribution entered without proposition-level evidence from a dated source published no later than the PYQ year.,,Inventory + analytical metadata complete; primary-source verification pending,BLOCKED_UNTIL_SOURCE_QA
UPSC-2022-GS1-Q044,2022,44,Environment & Ecology,Environment & Ecology,Pollution & Waste Management,moderate,Multi-statement,4,True,False,False,80,4,b,True,False,,8478d1fee25e472b,UPSC official previous-question-paper archive,2022 source date <= PYQ year,,,,,UNVERIFIED,,,NOT DISCLOSED BY UPSC,No primary-source attribution entered without proposition-level evidence from a dated source published no later than the PYQ year.,,Inventory + analytical metadata complete; primary-source verification pending,BLOCKED_UNTIL_SOURCE_QA
UPSC-2022-GS1-Q045,2022,45,Environment & Ecology,Environment & Ecology,Biodiversity & Conservation,moderate,Multi-statement,3,False,False,True,48,4,c,True,False,,a5e964c245cc9a67,UPSC official previous-question-paper archive,2022 source date <= PYQ year,,,,,UNVERIFIED,,,NOT DISCLOSED BY UPSC,No primary-source attribution entered without proposition-level evidence from a dated source published no later than the PYQ year.,,Inventory + analytical metadata complete; primary-source verification pending,BLOCKED_UNTIL_SOURCE_QA
UPSC-2022-GS1-Q046,2022,46,Science & Technology,Science & Technology,Materials & Engineering,moderate,Multi-statement,4,False,False,False,86,4,a,True,False,,58f7ec0e1860ada4,UPSC official previous-question-paper archive,2022 source date <= PYQ year,,,,,UNVERIFIED,,,NOT DISCLOSED BY UPSC,No primary-source attribution entered without proposition-level evidence from a dated source published no later than the PYQ year.,,Inventory + analytical metadata complete; primary-source verification pending,BLOCKED_UNTIL_SOURCE_QA
UPSC-2022-GS1-Q047,2022,47,Environment & Ecology,Environment & Ecology,Biodiversity & Conservation,easy,Single-answer,0,True,False,False,9,4,a,True,False,,6e65bf29dbe5fd46,UPSC official previous-question-paper archive,2022 source date <= PYQ year,,,,,UNVERIFIED,,,NOT DISCLOSED BY UPSC,No primary-source attribution entered without proposition-level evidence from a dated source published no later than the PYQ year.,,Inventory + analytical metadata complete; primary-source verification pending,BLOCKED_UNTIL_SOURCE_QA
UPSC-2022-GS1-Q048,2022,48,Environment & Ecology,Environment & Ecology,Sustainable Agriculture & Forestry,moderate,Multi-statement,5,False,False,False,31,4,a,True,False,,9d707c3dbfe8564c,UPSC official previous-question-paper archive,2022 source date <= PYQ year,,,,,UNVERIFIED,,,NOT DISCLOSED BY UPSC,No primary-source attribution entered without proposition-level evidence from a dated source published no later than the PYQ year.,,Inventory + analytical metadata complete; primary-source verification pending,BLOCKED_UNTIL_SOURCE_QA
UPSC-2022-GS1-Q049,2022,49,Environment & Ecology,Environment & Ecology,Ecosystems & Ecology Concepts,easy,Single-answer,0,False,False,False,13,4,a,True,False,,53b0612b98ca69eb,UPSC official previous-question-paper archive,2022 source date <= PYQ year,,,,,UNVERIFIED,,,NOT DISCLOSED BY UPSC,No primary-source attribution entered without proposition-level evidence from a dated source published no later than the PYQ year.,,Inventory + analytical metadata complete; primary-source verification pending,BLOCKED_UNTIL_SOURCE_QA
UPSC-2022-GS1-Q050,2022,50,Environment & Ecology,Environment & Ecology,Sustainable Agriculture & Forestry,easy,Single-answer,0,False,False,False,9,4,c,True,False,,7aace85399efccf8,UPSC official previous-question-paper archive,2022 source date <= PYQ year,,,,,UNVERIFIED,,,NOT DISCLOSED BY UPSC,No primary-source attribution entered without proposition-level evidence from a dated source published no later than the PYQ year.,,Inventory + analytical metadata complete; primary-source verification pending,BLOCKED_UNTIL_SOURCE_QA
UPSC-2022-GS1-Q051,2022,51,Modern History,History,Constitutional Developments & British Plans (1909-1947),moderate,Multi-statement,4,False,False,False,51,4,c,True,False,,1972f0009d7f21c0,UPSC official previous-question-paper archive,2022 source date <= PYQ year,,,,,UNVERIFIED,,,NOT DISCLOSED BY UPSC,No primary-source attribution entered without proposition-level evidence from a dated source published no later than the PYQ year.,,Inventory + analytical metadata complete; primary-source verification pending,BLOCKED_UNTIL_SOURCE_QA
UPSC-2022-GS1-Q052,2022,52,Medieval History,History,Medieval India,moderate,Single-answer,0,False,False,False,9,4,b,True,False,,d6d4f8fde7c20093,UPSC official previous-question-paper archive,2022 source date <= PYQ year,,,,,UNVERIFIED,,,NOT DISCLOSED BY UPSC,No primary-source attribution entered without proposition-level evidence from a dated source published no later than the PYQ year.,,Inventory + analytical metadata complete; primary-source verification pending,BLOCKED_UNTIL_SOURCE_QA
UPSC-2022-GS1-Q053,2022,53,Modern History,History,Revolutionary & Communist Movements,easy,Multi-statement,3,False,False,False,30,4,d,True,False,,2bf06b83f65b8043,UPSC official previous-question-paper archive,2022 source date <= PYQ year,,,,,UNVERIFIED,,,NOT DISCLOSED BY UPSC,No primary-source attribution entered without proposition-level evidence from a dated source published no later than the PYQ year.,,Inventory + analytical metadata complete; primary-source verification pending,BLOCKED_UNTIL_SOURCE_QA
UPSC-2022-GS1-Q054,2022,54,Modern History,History,Constitutional Developments & British Plans (1909-1947),moderate,Multi-statement,2,True,False,False,67,4,b,True,False,,7fbd021b56c2df67,UPSC official previous-question-paper archive,2022 source date <= PYQ year,,,,,UNVERIFIED,,,NOT DISCLOSED BY UPSC,No primary-source attribution entered without proposition-level evidence from a dated source published no later than the PYQ year.,,Inventory + analytical metadata complete; primary-source verification pending,BLOCKED_UNTIL_SOURCE_QA
UPSC-2022-GS1-Q055,2022,55,Art & Culture,Art & Culture,Philosophy & Religion,moderate,Multi-statement,4,False,False,False,27,4,b,True,False,,22778e1b62b0a627,UPSC official previous-question-paper archive,2022 source date <= PYQ year,,,,,UNVERIFIED,,,NOT DISCLOSED BY UPSC,No primary-source attribution entered without proposition-level evidence from a dated source published no later than the PYQ year.,,Inventory + analytical metadata complete; primary-source verification pending,BLOCKED_UNTIL_SOURCE_QA
UPSC-2022-GS1-Q056,2022,56,Art & Culture,Art & Culture,Philosophy & Religion,moderate,How-many/Count,3,False,False,False,36,4,c,True,False,,4a9e4ae03ae02e74,UPSC official previous-question-paper archive,2022 source date <= PYQ year,,,,,UNVERIFIED,,,NOT DISCLOSED BY UPSC,No primary-source attribution entered without proposition-level evidence from a dated source published no later than the PYQ year.,,Inventory + analytical metadata complete; primary-source verification pending,BLOCKED_UNTIL_SOURCE_QA
UPSC-2022-GS1-Q057,2022,57,Medieval History,History,Delhi Sultanate,moderate,Multi-statement,3,False,False,False,63,4,b,True,False,,4e2152fb69c91759,UPSC official previous-question-paper archive,2022 source date <= PYQ year,,,,,UNVERIFIED,,,NOT DISCLOSED BY UPSC,No primary-source attribution entered without proposition-level evidence from a dated source published no later than the PYQ year.,,Inventory + analytical metadata complete; primary-source verification pending,BLOCKED_UNTIL_SOURCE_QA
UPSC-2022-GS1-Q058,2022,58,Medieval History,History,Delhi Sultanate,easy,Single-answer,0,False,False,False,14,4,d,True,False,,81ebd95c5892790e,UPSC official previous-question-paper archive,2022 source date <= PYQ year,,,,,UNVERIFIED,,,NOT DISCLOSED BY UPSC,No primary-source attribution entered without proposition-level evidence from a dated source published no later than the PYQ year.,,Inventory + analytical metadata complete; primary-source verification pending,BLOCKED_UNTIL_SOURCE_QA
UPSC-2022-GS1-Q059,2022,59,Modern History,History,Advent Of Europeans & British Expansion,moderate,Multi-statement,3,False,False,False,71,4,b,True,False,,235e16409b1e79c1,UPSC official previous-question-paper archive,2022 source date <= PYQ year,,,,,UNVERIFIED,,,NOT DISCLOSED BY UPSC,No primary-source attribution entered without proposition-level evidence from a dated source published no later than the PYQ year.,,Inventory + analytical metadata complete; primary-source verification pending,BLOCKED_UNTIL_SOURCE_QA
UPSC-2022-GS1-Q060,2022,60,Ancient History,History,"Society, Law & Administration",difficult,Multi-statement,3,False,False,False,74,4,b,True,False,,722b3e5adeea7f45,UPSC official previous-question-paper archive,2022 source date <= PYQ year,,,,,UNVERIFIED,,,NOT DISCLOSED BY UPSC,No primary-source attribution entered without proposition-level evidence from a dated source published no later than the PYQ year.,,Inventory + analytical metadata complete; primary-source verification pending,BLOCKED_UNTIL_SOURCE_QA
UPSC-2022-GS1-Q061,2022,61,Indian Economy,Economy,External Sector & Balance Of Payments,moderate,Multi-statement,3,False,False,False,55,4,c,True,True,CANCELLED,8d8e76265203c3f2,UPSC official previous-question-paper archive,2022 source date <= PYQ year,,,,,UNVERIFIED,,,NOT DISCLOSED BY UPSC,No primary-source attribution entered without proposition-level evidence from a dated source published no later than the PYQ year.,,Inventory + analytical metadata complete; primary-source verification pending,BLOCKED_UNTIL_SOURCE_QA
UPSC-2022-GS1-Q062,2022,62,Geography,Geography,Indian Agriculture & Land Use,easy,How-many/Count,4,False,False,False,27,4,d,True,False,,f6b6f809dbc1fb34,UPSC official previous-question-paper archive,2022 source date <= PYQ year,,,,,UNVERIFIED,,,NOT DISCLOSED BY UPSC,No primary-source attribution entered without proposition-level evidence from a dated source published no later than the PYQ year.,,Inventory + analytical metadata complete; primary-source verification pending,BLOCKED_UNTIL_SOURCE_QA
UPSC-2022-GS1-Q063,2022,63,Indian Economy,Economy,Financial Markets & Capital Markets,moderate,Multi-statement,3,False,False,False,49,4,b,True,False,,3e356dc0ec88154a,UPSC official previous-question-paper archive,2022 source date <= PYQ year,,,,,UNVERIFIED,,,NOT DISCLOSED BY UPSC,No primary-source attribution entered without proposition-level evidence from a dated source published no later than the PYQ year.,,Inventory + analytical metadata complete; primary-source verification pending,BLOCKED_UNTIL_SOURCE_QA
UPSC-2022-GS1-Q064,2022,64,Economy,Economy,Banking,moderate,Multi-statement,3,False,False,False,62,4,b,True,False,,7d67378c56820b60,UPSC official previous-question-paper archive,2022 source date <= PYQ year,,,,,UNVERIFIED,,,NOT DISCLOSED BY UPSC,No primary-source attribution entered without proposition-level evidence from a dated source published no later than the PYQ year.,,Inventory + analytical metadata complete; primary-source verification pending,BLOCKED_UNTIL_SOURCE_QA
UPSC-2022-GS1-Q065,2022,65,Indian Economy,Economy,Financial Markets & Capital Markets,moderate,Multi-statement,2,False,False,False,57,4,c,True,False,,ca762519e9c2e4db,UPSC official previous-question-paper archive,2022 source date <= PYQ year,,,,,UNVERIFIED,,,NOT DISCLOSED BY UPSC,No primary-source attribution entered without proposition-level evidence from a dated source published no later than the PYQ year.,,Inventory + analytical metadata complete; primary-source verification pending,BLOCKED_UNTIL_SOURCE_QA
UPSC-2022-GS1-Q066,2022,66,Current Affairs,Current Affairs,International Organisations & Groupings,easy,Multi-statement,3,False,True,False,28,4,d,True,False,,f9a77c6a9e44c3cf,UPSC official previous-question-paper archive,2022 source date <= PYQ year,,,,,UNVERIFIED,,,NOT DISCLOSED BY UPSC,No primary-source attribution entered without proposition-level evidence from a dated source published no later than the PYQ year.,,Inventory + analytical metadata complete; primary-source verification pending,BLOCKED_UNTIL_SOURCE_QA
UPSC-2022-GS1-Q067,2022,67,Current Affairs,Current Affairs,Business & Economy,moderate,Multi-statement,5,False,True,False,86,4,c,True,False,,a1b96ff6a17cec87,UPSC official previous-question-paper archive,2022 source date <= PYQ year,,,,,UNVERIFIED,,,NOT DISCLOSED BY UPSC,No primary-source attribution entered without proposition-level evidence from a dated source published no later than the PYQ year.,,Inventory + analytical metadata complete; primary-source verification pending,BLOCKED_UNTIL_SOURCE_QA
UPSC-2022-GS1-Q068,2022,68,Indian Economy,Economy,Monetary Policy & Money Supply,easy,Single-answer,0,False,False,False,17,4,d,True,False,,862ce72d1b04a593,UPSC official previous-question-paper archive,2022 source date <= PYQ year,,,,,UNVERIFIED,,,NOT DISCLOSED BY UPSC,No primary-source attribution entered without proposition-level evidence from a dated source published no later than the PYQ year.,,Inventory + analytical metadata complete; primary-source verification pending,BLOCKED_UNTIL_SOURCE_QA
UPSC-2022-GS1-Q069,2022,69,Science & Technology,Science & Technology,Computer & Information Technology,moderate,Multi-statement,3,False,False,False,60,4,a,True,False,,5481b3baf6571e90,UPSC official previous-question-paper archive,2022 source date <= PYQ year,,,,,UNVERIFIED,,,NOT DISCLOSED BY UPSC,No primary-source attribution entered without proposition-level evidence from a dated source published no later than the PYQ year.,,Inventory + analytical metadata complete; primary-source verification pending,BLOCKED_UNTIL_SOURCE_QA
UPSC-2022-GS1-Q070,2022,70,Geography,Geography,Indian Rivers & Water Resources,moderate,How-many/Count,4,True,False,False,36,4,c,True,False,,13329c848f0c03ca,UPSC official previous-question-paper archive,2022 source date <= PYQ year,,,,,UNVERIFIED,,,NOT DISCLOSED BY UPSC,No primary-source attribution entered without proposition-level evidence from a dated source published no later than the PYQ year.,,Inventory + analytical metadata complete; primary-source verification pending,BLOCKED_UNTIL_SOURCE_QA
UPSC-2022-GS1-Q071,2022,71,Economy,Economy,Government Organizations,easy,Single-answer,0,False,False,False,21,4,c,True,False,,922677c52a8e2469,UPSC official previous-question-paper archive,2022 source date <= PYQ year,,,,,UNVERIFIED,,,NOT DISCLOSED BY UPSC,No primary-source attribution entered without proposition-level evidence from a dated source published no later than the PYQ year.,,Inventory + analytical metadata complete; primary-source verification pending,BLOCKED_UNTIL_SOURCE_QA
UPSC-2022-GS1-Q072,2022,72,Economy,Economy,Government Organizations,moderate,Single-answer,4,False,False,False,78,4,a,True,False,,f064a01ff56e17ac,UPSC official previous-question-paper archive,2022 source date <= PYQ year,,,,,UNVERIFIED,,,NOT DISCLOSED BY UPSC,No primary-source attribution entered without proposition-level evidence from a dated source published no later than the PYQ year.,,Inventory + analytical metadata complete; primary-source verification pending,BLOCKED_UNTIL_SOURCE_QA
UPSC-2022-GS1-Q073,2022,73,Indian Polity,Polity & Governance,Federalism & Centre–State Relations,easy,Single-answer,0,False,False,False,28,4,a,True,False,,db938c0fe6832440,UPSC official previous-question-paper archive,2022 source date <= PYQ year,,,,,UNVERIFIED,,,NOT DISCLOSED BY UPSC,No primary-source attribution entered without proposition-level evidence from a dated source published no later than the PYQ year.,,Inventory + analytical metadata complete; primary-source verification pending,BLOCKED_UNTIL_SOURCE_QA
UPSC-2022-GS1-Q074,2022,74,Governance,Polity & Governance,Government Organizations,moderate,Multi-statement,2,False,False,False,73,4,d,True,False,,426a96b3539cacd9,UPSC official previous-question-paper archive,2022 source date <= PYQ year,,,,,UNVERIFIED,,,NOT DISCLOSED BY UPSC,No primary-source attribution entered without proposition-level evidence from a dated source published no later than the PYQ year.,,Inventory + analytical metadata complete; primary-source verification pending,BLOCKED_UNTIL_SOURCE_QA
UPSC-2022-GS1-Q075,2022,75,Environment & Ecology,Environment & Ecology,Environmental Governance & Legislation,moderate,Single-answer,0,False,False,False,15,4,c,True,False,,7736132228243a5d,UPSC official previous-question-paper archive,2022 source date <= PYQ year,,,,,UNVERIFIED,,,NOT DISCLOSED BY UPSC,No primary-source attribution entered without proposition-level evidence from a dated source published no later than the PYQ year.,,Inventory + analytical metadata complete; primary-source verification pending,BLOCKED_UNTIL_SOURCE_QA
UPSC-2022-GS1-Q076,2022,76,Current Affairs,Current Affairs,International Organisations & Groupings,moderate,Multi-statement,3,False,True,False,69,4,a,True,False,,23486adfd3e1f528,UPSC official previous-question-paper archive,2022 source date <= PYQ year,,,,,UNVERIFIED,,,NOT DISCLOSED BY UPSC,No primary-source attribution entered without proposition-level evidence from a dated source published no later than the PYQ year.,,Inventory + analytical metadata complete; primary-source verification pending,BLOCKED_UNTIL_SOURCE_QA
UPSC-2022-GS1-Q077,2022,77,Science & Technology,Science & Technology,Defence Technology,easy,Single-answer,0,False,False,False,12,4,a,True,False,,cb25c88e681ca17a,UPSC official previous-question-paper archive,2022 source date <= PYQ year,,,,,UNVERIFIED,,,NOT DISCLOSED BY UPSC,No primary-source attribution entered without proposition-level evidence from a dated source published no later than the PYQ year.,,Inventory + analytical metadata complete; primary-source verification pending,BLOCKED_UNTIL_SOURCE_QA
UPSC-2022-GS1-Q078,2022,78,Current Affairs,Current Affairs,International Organisations & Groupings,moderate,Multi-statement,3,False,True,False,62,4,d,True,False,,9f894084ac3bf197,UPSC official previous-question-paper archive,2022 source date <= PYQ year,,,,,UNVERIFIED,,,NOT DISCLOSED BY UPSC,No primary-source attribution entered without proposition-level evidence from a dated source published no later than the PYQ year.,,Inventory + analytical metadata complete; primary-source verification pending,BLOCKED_UNTIL_SOURCE_QA
UPSC-2022-GS1-Q079,2022,79,Indian Economy,Economy,Agriculture & Rural Development,moderate,Multi-statement,4,False,False,False,65,4,d,True,False,,a8184ca0128a4797,UPSC official previous-question-paper archive,2022 source date <= PYQ year,,,,,UNVERIFIED,,,NOT DISCLOSED BY UPSC,No primary-source attribution entered without proposition-level evidence from a dated source published no later than the PYQ year.,,Inventory + analytical metadata complete; primary-source verification pending,BLOCKED_UNTIL_SOURCE_QA
UPSC-2022-GS1-Q080,2022,80,Environment & Ecology,Environment & Ecology,Environmental Governance & Legislation,easy,Single-answer,0,False,False,False,11,4,a,True,False,,b9ab9b28391dcac1,UPSC official previous-question-paper archive,2022 source date <= PYQ year,,,,,UNVERIFIED,,,NOT DISCLOSED BY UPSC,No primary-source attribution entered without proposition-level evidence from a dated source published no later than the PYQ year.,,Inventory + analytical metadata complete; primary-source verification pending,BLOCKED_UNTIL_SOURCE_QA
UPSC-2022-GS1-Q081,2022,81,Geography,Geography,Atmosphere & Climatology,moderate,Multi-statement,2,False,False,False,48,4,d,True,False,,1999a44c1b1f918e,UPSC official previous-question-paper archive,2022 source date <= PYQ year,,,,,UNVERIFIED,,,NOT DISCLOSED BY UPSC,No primary-source attribution entered without proposition-level evidence from a dated source published no later than the PYQ year.,,Inventory + analytical metadata complete; primary-source verification pending,BLOCKED_UNTIL_SOURCE_QA
UPSC-2022-GS1-Q082,2022,82,Current Affairs,Current Affairs,Disasters & Humanitarian Issues,moderate,Multi-statement,3,False,True,False,54,4,c,True,False,,b414ea85ec82a8f9,UPSC official previous-question-paper archive,2022 source date <= PYQ year,,,,,UNVERIFIED,,,NOT DISCLOSED BY UPSC,No primary-source attribution entered without proposition-level evidence from a dated source published no later than the PYQ year.,,Inventory + analytical metadata complete; primary-source verification pending,BLOCKED_UNTIL_SOURCE_QA
UPSC-2022-GS1-Q083,2022,83,Current Affairs,Current Affairs,International Organisations & Groupings,moderate,Multi-statement,5,False,True,False,28,4,c,True,False,,7e17a3f7cdfa9797,UPSC official previous-question-paper archive,2022 source date <= PYQ year,,,,,UNVERIFIED,,,NOT DISCLOSED BY UPSC,No primary-source attribution entered without proposition-level evidence from a dated source published no later than the PYQ year.,,Inventory + analytical metadata complete; primary-source verification pending,BLOCKED_UNTIL_SOURCE_QA
UPSC-2022-GS1-Q084,2022,84,Environment & Ecology,Environment & Ecology,Renewable Energy & Green Technologies,moderate,Multi-statement,3,False,False,False,43,4,b,True,False,,4abef569922115a0,UPSC official previous-question-paper archive,2022 source date <= PYQ year,,,,,UNVERIFIED,,,NOT DISCLOSED BY UPSC,No primary-source attribution entered without proposition-level evidence from a dated source published no later than the PYQ year.,,Inventory + analytical metadata complete; primary-source verification pending,BLOCKED_UNTIL_SOURCE_QA
UPSC-2022-GS1-Q085,2022,85,Geography,Geography,Oceanography,moderate,Multi-statement,3,True,False,False,103,4,d,True,False,,9c1488278bd33b23,UPSC official previous-question-paper archive,2022 source date <= PYQ year,,,,,UNVERIFIED,,,NOT DISCLOSED BY UPSC,No primary-source attribution entered without proposition-level evidence from a dated source published no later than the PYQ year.,,Inventory + analytical metadata complete; primary-source verification pending,BLOCKED_UNTIL_SOURCE_QA
UPSC-2022-GS1-Q086,2022,86,Current Affairs,Current Affairs,International Conflicts & Security,easy,Single-answer,0,False,True,True,19,4,b,True,False,,0d4829c01183c441,UPSC official previous-question-paper archive,2022 source date <= PYQ year,,,,,UNVERIFIED,,,NOT DISCLOSED BY UPSC,No primary-source attribution entered without proposition-level evidence from a dated source published no later than the PYQ year.,,Inventory + analytical metadata complete; primary-source verification pending,BLOCKED_UNTIL_SOURCE_QA
UPSC-2022-GS1-Q087,2022,87,Current Affairs,Current Affairs,International Conflicts & Security,moderate,How-many/Count,4,False,True,True,61,4,c,True,False,,3578208045c7223b,UPSC official previous-question-paper archive,2022 source date <= PYQ year,,,,,UNVERIFIED,,,NOT DISCLOSED BY UPSC,No primary-source attribution entered without proposition-level evidence from a dated source published no later than the PYQ year.,,Inventory + analytical metadata complete; primary-source verification pending,BLOCKED_UNTIL_SOURCE_QA
UPSC-2022-GS1-Q088,2022,88,Geography,Geography,World Political Geography & Borders,moderate,How-many/Count,4,False,False,True,39,4,b,True,False,,b186d778edad85ff,UPSC official previous-question-paper archive,2022 source date <= PYQ year,,,,,UNVERIFIED,,,NOT DISCLOSED BY UPSC,No primary-source attribution entered without proposition-level evidence from a dated source published no later than the PYQ year.,,Inventory + analytical metadata complete; primary-source verification pending,BLOCKED_UNTIL_SOURCE_QA
UPSC-2022-GS1-Q089,2022,89,Environment & Ecology,Environment & Ecology,Environmental Governance & Legislation,difficult,Multi-statement,3,False,False,False,77,4,b,True,False,,766d40c5af62f342,UPSC official previous-question-paper archive,2022 source date <= PYQ year,,,,,UNVERIFIED,,,NOT DISCLOSED BY UPSC,No primary-source attribution entered without proposition-level evidence from a dated source published no later than the PYQ year.,,Inventory + analytical metadata complete; primary-source verification pending,BLOCKED_UNTIL_SOURCE_QA
UPSC-2022-GS1-Q090,2022,90,Environment & Ecology,Environment & Ecology,Ecosystems & Ecology Concepts,easy,Single-answer,0,False,False,False,17,4,a,True,False,,3b9cc523702f7660,UPSC official previous-question-paper archive,2022 source date <= PYQ year,,,,,UNVERIFIED,,,NOT DISCLOSED BY UPSC,No primary-source attribution entered without proposition-level evidence from a dated source published no later than the PYQ year.,,Inventory + analytical metadata complete; primary-source verification pending,BLOCKED_UNTIL_SOURCE_QA
UPSC-2022-GS1-Q091,2022,91,Ancient History,History,Ancient India,moderate,How-many/Count,4,False,False,False,44,4,b,True,False,,b3f7ecb4c4e7d3f2,UPSC official previous-question-paper archive,2022 source date <= PYQ year,,,,,UNVERIFIED,,,NOT DISCLOSED BY UPSC,No primary-source attribution entered without proposition-level evidence from a dated source published no later than the PYQ year.,,Inventory + analytical metadata complete; primary-source verification pending,BLOCKED_UNTIL_SOURCE_QA
UPSC-2022-GS1-Q092,2022,92,Medieval History,History,Medieval Regional Kingdoms / Central & North-Indian Dynasties,moderate,How-many/Count,4,False,False,False,34,4,b,True,False,,1cb982b02ae11eef,UPSC official previous-question-paper archive,2022 source date <= PYQ year,,,,,UNVERIFIED,,,NOT DISCLOSED BY UPSC,No primary-source attribution entered without proposition-level evidence from a dated source published no later than the PYQ year.,,Inventory + analytical metadata complete; primary-source verification pending,BLOCKED_UNTIL_SOURCE_QA
UPSC-2022-GS1-Q093,2022,93,Art & Culture,Art & Culture,Literature & Languages,moderate,Single-answer,0,False,False,False,16,4,b,True,False,,1b031aed8c8321e0,UPSC official previous-question-paper archive,2022 source date <= PYQ year,,,,,UNVERIFIED,,,NOT DISCLOSED BY UPSC,No primary-source attribution entered without proposition-level evidence from a dated source published no later than the PYQ year.,,Inventory + analytical metadata complete; primary-source verification pending,BLOCKED_UNTIL_SOURCE_QA
UPSC-2022-GS1-Q094,2022,94,Medieval History,History,Medieval Culture & Historiography,easy,Single-answer,0,False,False,False,13,4,a,True,False,,b5fd2ec6a904cee3,UPSC official previous-question-paper archive,2022 source date <= PYQ year,,,,,UNVERIFIED,,,NOT DISCLOSED BY UPSC,No primary-source attribution entered without proposition-level evidence from a dated source published no later than the PYQ year.,,Inventory + analytical metadata complete; primary-source verification pending,BLOCKED_UNTIL_SOURCE_QA
UPSC-2022-GS1-Q095,2022,95,Medieval History,History,Bhakti Movement,easy,Single-answer,0,False,False,True,34,4,a,True,False,,e1c1437a259e59be,UPSC official previous-question-paper archive,2022 source date <= PYQ year,,,,,UNVERIFIED,,,NOT DISCLOSED BY UPSC,No primary-source attribution entered without proposition-level evidence from a dated source published no later than the PYQ year.,,Inventory + analytical metadata complete; primary-source verification pending,BLOCKED_UNTIL_SOURCE_QA
UPSC-2022-GS1-Q096,2022,96,Art & Culture,Art & Culture,Architecture & World Heritage,moderate,Multi-statement,3,False,False,True,72,4,a,True,False,,0f37623726fefa28,UPSC official previous-question-paper archive,2022 source date <= PYQ year,,,,,UNVERIFIED,,,NOT DISCLOSED BY UPSC,No primary-source attribution entered without proposition-level evidence from a dated source published no later than the PYQ year.,,Inventory + analytical metadata complete; primary-source verification pending,BLOCKED_UNTIL_SOURCE_QA
UPSC-2022-GS1-Q097,2022,97,Science & Technology,Science & Technology,Biology,easy,Single-answer,0,False,False,False,21,4,d,True,False,,e89e7af5bc50879a,UPSC official previous-question-paper archive,2022 source date <= PYQ year,,,,,UNVERIFIED,,,NOT DISCLOSED BY UPSC,No primary-source attribution entered without proposition-level evidence from a dated source published no later than the PYQ year.,,Inventory + analytical metadata complete; primary-source verification pending,BLOCKED_UNTIL_SOURCE_QA
UPSC-2022-GS1-Q098,2022,98,Science & Technology,Science & Technology,Materials & Engineering,moderate,Multi-statement,3,True,False,False,55,4,d,True,False,,aeee7d0e3632b6d8,UPSC official previous-question-paper archive,2022 source date <= PYQ year,,,,,UNVERIFIED,,,NOT DISCLOSED BY UPSC,No primary-source attribution entered without proposition-level evidence from a dated source published no later than the PYQ year.,,Inventory + analytical metadata complete; primary-source verification pending,BLOCKED_UNTIL_SOURCE_QA
UPSC-2022-GS1-Q099,2022,99,Science & Technology,Science & Technology,Biotechnology & Genetics,moderate,Multi-statement,3,False,False,False,48,4,d,True,False,,c01d1e84db53fcdf,UPSC official previous-question-paper archive,2022 source date <= PYQ year,,,,,UNVERIFIED,,,NOT DISCLOSED BY UPSC,No primary-source attribution entered without proposition-level evidence from a dated source published no later than the PYQ year.,,Inventory + analytical metadata complete; primary-source verification pending,BLOCKED_UNTIL_SOURCE_QA
UPSC-2022-GS1-Q100,2022,100,Environment & Ecology,Environment & Ecology,Pollution & Waste Management,easy,Multi-statement,4,False,False,False,30,4,b,True,False,,0e224652832397ae,UPSC official previous-question-paper archive,2022 source date <= PYQ year,,,,,UNVERIFIED,,,NOT DISCLOSED BY UPSC,No primary-source attribution entered without proposition-level evidence from a dated source published no later than the PYQ year.,,Inventory + analytical metadata complete; primary-source verification pending,BLOCKED_UNTIL_SOURCE_QA
UPSC-2023-GS1-Q001,2023,1,Geography,Geography,Indian Rivers & Water Resources,moderate,How-many/Count,3,False,False,False,36,4,a,True,False,,3d4077981ec99dbc,UPSC official previous-question-paper archive,2023 source date <= PYQ year,,,,,UNVERIFIED,,,NOT DISCLOSED BY UPSC,No primary-source attribution entered without proposition-level evidence from a dated source published no later than the PYQ year.,,Inventory + analytical metadata complete; primary-source verification pending,BLOCKED_UNTIL_SOURCE_QA
UPSC-2023-GS1-Q002,2023,2,Geography,Geography,Transport & Infrastructure Geography,moderate,How-many/Count,3,False,False,False,47,4,b,True,False,,3685b39031f05a48,UPSC official previous-question-paper archive,2023 source date <= PYQ year,,,,,UNVERIFIED,,,NOT DISCLOSED BY UPSC,No primary-source attribution entered without proposition-level evidence from a dated source published no later than the PYQ year.,,Inventory + analytical metadata complete; primary-source verification pending,BLOCKED_UNTIL_SOURCE_QA
UPSC-2023-GS1-Q003,2023,3,Environment,Environment & Ecology,Botany,easy,How-many/Count,3,False,False,False,25,4,b,True,False,,351c594a45dc6f5d,UPSC official previous-question-paper archive,2023 source date <= PYQ year,,,,,UNVERIFIED,,,NOT DISCLOSED BY UPSC,No primary-source attribution entered without proposition-level evidence from a dated source published no later than the PYQ year.,,Inventory + analytical metadata complete; primary-source verification pending,BLOCKED_UNTIL_SOURCE_QA
UPSC-2023-GS1-Q004,2023,4,Geography,Geography,Agriculture,moderate,How-many/Count,3,False,False,False,50,4,a,True,False,,732f361486ad63b8,UPSC official previous-question-paper archive,2023 source date <= PYQ year,,,,,UNVERIFIED,,,NOT DISCLOSED BY UPSC,No primary-source attribution entered without proposition-level evidence from a dated source published no later than the PYQ year.,,Inventory + analytical metadata complete; primary-source verification pending,BLOCKED_UNTIL_SOURCE_QA
UPSC-2023-GS1-Q005,2023,5,Geography,Geography,Physical Geography & Geomorphology,moderate,Single-answer,0,False,False,False,21,4,d,True,False,,45392d799bf38f10,UPSC official previous-question-paper archive,2023 source date <= PYQ year,,,,,UNVERIFIED,,,NOT DISCLOSED BY UPSC,No primary-source attribution entered without proposition-level evidence from a dated source published no later than the PYQ year.,,Inventory + analytical metadata complete; primary-source verification pending,BLOCKED_UNTIL_SOURCE_QA
UPSC-2023-GS1-Q006,2023,6,Geography,Geography,Economic & Mineral Geography,easy,Single-answer,0,False,False,False,20,4,d,True,False,,d8f25436569d536f,UPSC official previous-question-paper archive,2023 source date <= PYQ year,,,,,UNVERIFIED,,,NOT DISCLOSED BY UPSC,No primary-source attribution entered without proposition-level evidence from a dated source published no later than the PYQ year.,,Inventory + analytical metadata complete; primary-source verification pending,BLOCKED_UNTIL_SOURCE_QA
UPSC-2023-GS1-Q007,2023,7,Geography,Geography,World Geography,easy,Single-answer,0,False,False,False,20,4,c,True,False,,407effae9348423f,UPSC official previous-question-paper archive,2023 source date <= PYQ year,,,,,UNVERIFIED,,,NOT DISCLOSED BY UPSC,No primary-source attribution entered without proposition-level evidence from a dated source published no later than the PYQ year.,,Inventory + analytical metadata complete; primary-source verification pending,BLOCKED_UNTIL_SOURCE_QA
UPSC-2023-GS1-Q008,2023,8,Geography,Geography,Indian Rivers & Water Resources,moderate,Single-answer,0,False,False,False,12,4,a,True,False,,c867e1a46110f6b6,UPSC official previous-question-paper archive,2023 source date <= PYQ year,,,,,UNVERIFIED,,,NOT DISCLOSED BY UPSC,No primary-source attribution entered without proposition-level evidence from a dated source published no later than the PYQ year.,,Inventory + analytical metadata complete; primary-source verification pending,BLOCKED_UNTIL_SOURCE_QA
UPSC-2023-GS1-Q009,2023,9,Geography,Geography,Transport & Infrastructure Geography,moderate,How-many/Count,3,False,False,False,46,4,d,True,False,,80feb8905b8b5a5f,UPSC official previous-question-paper archive,2023 source date <= PYQ year,,,,,UNVERIFIED,,,NOT DISCLOSED BY UPSC,No primary-source attribution entered without proposition-level evidence from a dated source published no later than the PYQ year.,,Inventory + analytical metadata complete; primary-source verification pending,BLOCKED_UNTIL_SOURCE_QA
UPSC-2023-GS1-Q010,2023,10,Environment & Ecology,Environment & Ecology,Ecosystems & Ecology Concepts,easy,How-many/Count,3,False,False,False,58,4,d,True,False,,2b3424595917d218,UPSC official previous-question-paper archive,2023 source date <= PYQ year,,,,,UNVERIFIED,,,NOT DISCLOSED BY UPSC,No primary-source attribution entered without proposition-level evidence from a dated source published no later than the PYQ year.,,Inventory + analytical metadata complete; primary-source verification pending,BLOCKED_UNTIL_SOURCE_QA
UPSC-2023-GS1-Q011,2023,11,Geography,Geography,Indian Agriculture & Land Use,moderate,Assertion/Relationship,0,True,False,False,52,4,c,True,False,,83ddd5c9f9e8e3a1,UPSC official previous-question-paper archive,2023 source date <= PYQ year,,,,,UNVERIFIED,,,NOT DISCLOSED BY UPSC,No primary-source attribution entered without proposition-level evidence from a dated source published no later than the PYQ year.,,Inventory + analytical metadata complete; primary-source verification pending,BLOCKED_UNTIL_SOURCE_QA
UPSC-2023-GS1-Q012,2023,12,Environment,Environment & Ecology,Biodiversity,moderate,Assertion/Relationship,0,True,False,False,39,4,c,True,False,,c44952e59a79fc18,UPSC official previous-question-paper archive,2023 source date <= PYQ year,,,,,UNVERIFIED,,,NOT DISCLOSED BY UPSC,No primary-source attribution entered without proposition-level evidence from a dated source published no later than the PYQ year.,,Inventory + analytical metadata complete; primary-source verification pending,BLOCKED_UNTIL_SOURCE_QA
UPSC-2023-GS1-Q013,2023,13,Geography,Geography,Economic & Mineral Geography,easy,Single-answer,0,False,False,False,18,4,a,True,False,,73aa36d0b494950b,UPSC official previous-question-paper archive,2023 source date <= PYQ year,,,,,UNVERIFIED,,,NOT DISCLOSED BY UPSC,No primary-source attribution entered without proposition-level evidence from a dated source published no later than the PYQ year.,,Inventory + analytical metadata complete; primary-source verification pending,BLOCKED_UNTIL_SOURCE_QA
UPSC-2023-GS1-Q014,2023,14,Environment,Environment & Ecology,Biodiversity,easy,How-many/Count,3,False,False,False,27,4,a,True,False,,2760e18efed12f39,UPSC official previous-question-paper archive,2023 source date <= PYQ year,,,,,UNVERIFIED,,,NOT DISCLOSED BY UPSC,No primary-source attribution entered without proposition-level evidence from a dated source published no later than the PYQ year.,,Inventory + analytical metadata complete; primary-source verification pending,BLOCKED_UNTIL_SOURCE_QA
UPSC-2023-GS1-Q015,2023,15,Geography,Geography,World Political Geography & Borders,easy,Single-answer,0,False,False,False,26,4,c,True,False,,9b40fe02406dc9c0,UPSC official previous-question-paper archive,2023 source date <= PYQ year,,,,,UNVERIFIED,,,NOT DISCLOSED BY UPSC,No primary-source attribution entered without proposition-level evidence from a dated source published no later than the PYQ year.,,Inventory + analytical metadata complete; primary-source verification pending,BLOCKED_UNTIL_SOURCE_QA
UPSC-2023-GS1-Q016,2023,16,Geography,Geography,Indian Physical Geography,moderate,How-many/Count,4,False,False,False,37,4,d,True,False,,a4ad9b3f082c6353,UPSC official previous-question-paper archive,2023 source date <= PYQ year,,,,,UNVERIFIED,,,NOT DISCLOSED BY UPSC,No primary-source attribution entered without proposition-level evidence from a dated source published no later than the PYQ year.,,Inventory + analytical metadata complete; primary-source verification pending,BLOCKED_UNTIL_SOURCE_QA
UPSC-2023-GS1-Q017,2023,17,Geography,Geography,Transport & Infrastructure Geography,moderate,How-many/Count,3,False,False,False,44,4,b,True,False,,38a592668da8b144,UPSC official previous-question-paper archive,2023 source date <= PYQ year,,,,,UNVERIFIED,,,NOT DISCLOSED BY UPSC,No primary-source attribution entered without proposition-level evidence from a dated source published no later than the PYQ year.,,Inventory + analytical metadata complete; primary-source verification pending,BLOCKED_UNTIL_SOURCE_QA
UPSC-2023-GS1-Q018,2023,18,Environment & Ecology,Environment & Ecology,Climate Change & Greenhouse Gases,moderate,How-many/Count,4,False,False,False,57,4,c,True,False,,29363b366cee24ec,UPSC official previous-question-paper archive,2023 source date <= PYQ year,,,,,UNVERIFIED,,,NOT DISCLOSED BY UPSC,No primary-source attribution entered without proposition-level evidence from a dated source published no later than the PYQ year.,,Inventory + analytical metadata complete; primary-source verification pending,BLOCKED_UNTIL_SOURCE_QA
UPSC-2023-GS1-Q019,2023,19,Environment & Ecology,Environment & Ecology,Biodiversity & Conservation,moderate,Single-answer,0,False,False,False,25,4,b,True,False,,212a8c34998e646c,UPSC official previous-question-paper archive,2023 source date <= PYQ year,,,,,UNVERIFIED,,,NOT DISCLOSED BY UPSC,No primary-source attribution entered without proposition-level evidence from a dated source published no later than the PYQ year.,,Inventory + analytical metadata complete; primary-source verification pending,BLOCKED_UNTIL_SOURCE_QA
UPSC-2023-GS1-Q020,2023,20,Environment & Ecology,Environment & Ecology,Climate Change & Greenhouse Gases,moderate,How-many/Count,4,False,False,False,26,4,c,True,False,,21cc9e15644b5bb4,UPSC official previous-question-paper archive,2023 source date <= PYQ year,,,,,UNVERIFIED,,,NOT DISCLOSED BY UPSC,No primary-source attribution entered without proposition-level evidence from a dated source published no later than the PYQ year.,,Inventory + analytical metadata complete; primary-source verification pending,BLOCKED_UNTIL_SOURCE_QA
UPSC-2023-GS1-Q021,2023,21,Indian Economy,Economy,Financial Markets & Capital Markets,difficult,Assertion/Relationship,0,False,False,False,65,4,d,True,False,,476f91ea629f1fff,UPSC official previous-question-paper archive,2023 source date <= PYQ year,,,,,UNVERIFIED,,,NOT DISCLOSED BY UPSC,No primary-source attribution entered without proposition-level evidence from a dated source published no later than the PYQ year.,,Inventory + analytical metadata complete; primary-source verification pending,BLOCKED_UNTIL_SOURCE_QA
UPSC-2023-GS1-Q022,2023,22,Indian Economy,Economy,Monetary Policy & Money Supply,easy,Assertion/Relationship,0,False,False,True,56,4,a,True,False,,876b24d7664f07de,UPSC official previous-question-paper archive,2023 source date <= PYQ year,,,,,UNVERIFIED,,,NOT DISCLOSED BY UPSC,No primary-source attribution entered without proposition-level evidence from a dated source published no later than the PYQ year.,,Inventory + analytical metadata complete; primary-source verification pending,BLOCKED_UNTIL_SOURCE_QA
UPSC-2023-GS1-Q023,2023,23,Environment & Ecology,Environment & Ecology,Climate Change & Greenhouse Gases,moderate,Assertion/Relationship,0,False,False,False,51,4,b,True,False,,cbdc2cbc8eaa5a80,UPSC official previous-question-paper archive,2023 source date <= PYQ year,,,,,UNVERIFIED,,,NOT DISCLOSED BY UPSC,No primary-source attribution entered without proposition-level evidence from a dated source published no later than the PYQ year.,,Inventory + analytical metadata complete; primary-source verification pending,BLOCKED_UNTIL_SOURCE_QA
UPSC-2023-GS1-Q024,2023,24,Indian Economy,Economy,Monetary Policy & Money Supply,easy,Single-answer,0,False,False,False,19,4,a,True,False,,4a561c6863699a9c,UPSC official previous-question-paper archive,2023 source date <= PYQ year,,,,,UNVERIFIED,,,NOT DISCLOSED BY UPSC,No primary-source attribution entered without proposition-level evidence from a dated source published no later than the PYQ year.,,Inventory + analytical metadata complete; primary-source verification pending,BLOCKED_UNTIL_SOURCE_QA
UPSC-2023-GS1-Q025,2023,25,Indian Economy,Economy,Financial Markets & Capital Markets,moderate,How-many/Count,4,False,False,False,30,4,b,True,False,,eeae1487ecd78ba0,UPSC official previous-question-paper archive,2023 source date <= PYQ year,,,,,UNVERIFIED,,,NOT DISCLOSED BY UPSC,No primary-source attribution entered without proposition-level evidence from a dated source published no later than the PYQ year.,,Inventory + analytical metadata complete; primary-source verification pending,BLOCKED_UNTIL_SOURCE_QA
UPSC-2023-GS1-Q026,2023,26,Indian Economy,Economy,Agriculture & Rural Development,moderate,Single-answer,0,False,False,False,14,4,b,True,False,,a8436e82aa6137a0,UPSC official previous-question-paper archive,2023 source date <= PYQ year,,,,,UNVERIFIED,,,NOT DISCLOSED BY UPSC,No primary-source attribution entered without proposition-level evidence from a dated source published no later than the PYQ year.,,Inventory + analytical metadata complete; primary-source verification pending,BLOCKED_UNTIL_SOURCE_QA
UPSC-2023-GS1-Q027,2023,27,Indian Economy,Economy,Agriculture & Rural Development,moderate,How-many/Count,3,False,False,False,47,4,c,True,False,,d92eee1677a7e677,UPSC official previous-question-paper archive,2023 source date <= PYQ year,,,,,UNVERIFIED,,,NOT DISCLOSED BY UPSC,No primary-source attribution entered without proposition-level evidence from a dated source published no later than the PYQ year.,,Inventory + analytical metadata complete; primary-source verification pending,BLOCKED_UNTIL_SOURCE_QA
UPSC-2023-GS1-Q028,2023,28,Indian Economy,Economy,Financial Markets & Capital Markets,easy,How-many/Count,4,False,False,False,30,4,c,True,False,,af5cd45e2a256be2,UPSC official previous-question-paper archive,2023 source date <= PYQ year,,,,,UNVERIFIED,,,NOT DISCLOSED BY UPSC,No primary-source attribution entered without proposition-level evidence from a dated source published no later than the PYQ year.,,Inventory + analytical metadata complete; primary-source verification pending,BLOCKED_UNTIL_SOURCE_QA
UPSC-2023-GS1-Q029,2023,29,Indian Economy,Economy,Fiscal Policy & Budget,moderate,How-many/Count,5,False,False,False,46,4,b,True,False,,9a493dfb91980796,UPSC official previous-question-paper archive,2023 source date <= PYQ year,,,,,UNVERIFIED,,,NOT DISCLOSED BY UPSC,No primary-source attribution entered without proposition-level evidence from a dated source published no later than the PYQ year.,,Inventory + analytical metadata complete; primary-source verification pending,BLOCKED_UNTIL_SOURCE_QA
UPSC-2023-GS1-Q030,2023,30,Current Affairs,Current Affairs,International Organisations & Groupings,moderate,How-many/Count,4,False,True,False,39,4,c,True,False,,ce6f5e8e2b305f08,UPSC official previous-question-paper archive,2023 source date <= PYQ year,,,,,UNVERIFIED,,,NOT DISCLOSED BY UPSC,No primary-source attribution entered without proposition-level evidence from a dated source published no later than the PYQ year.,,Inventory + analytical metadata complete; primary-source verification pending,BLOCKED_UNTIL_SOURCE_QA
UPSC-2023-GS1-Q031,2023,31,Indian Polity,Polity & Governance,Constitutional Framework & Development,moderate,Single-answer,0,False,False,False,9,4,a,True,False,,59580a2a01c814f1,UPSC official previous-question-paper archive,2023 source date <= PYQ year,,,,,UNVERIFIED,,,NOT DISCLOSED BY UPSC,No primary-source attribution entered without proposition-level evidence from a dated source published no later than the PYQ year.,,Inventory + analytical metadata complete; primary-source verification pending,BLOCKED_UNTIL_SOURCE_QA
UPSC-2023-GS1-Q032,2023,32,Indian Polity,Polity & Governance,Federalism & Centre–State Relations,moderate,Assertion/Relationship,0,False,False,False,65,4,a,True,False,,1b0035380e5245db,UPSC official previous-question-paper archive,2023 source date <= PYQ year,,,,,UNVERIFIED,,,NOT DISCLOSED BY UPSC,No primary-source attribution entered without proposition-level evidence from a dated source published no later than the PYQ year.,,Inventory + analytical metadata complete; primary-source verification pending,BLOCKED_UNTIL_SOURCE_QA
UPSC-2023-GS1-Q033,2023,33,Indian Polity,Polity & Governance,Constitutional Framework & Development,easy,Single-answer,0,False,False,False,17,4,c,True,False,,90fd1dffa6d53a4a,UPSC official previous-question-paper archive,2023 source date <= PYQ year,,,,,UNVERIFIED,,,NOT DISCLOSED BY UPSC,No primary-source attribution entered without proposition-level evidence from a dated source published no later than the PYQ year.,,Inventory + analytical metadata complete; primary-source verification pending,BLOCKED_UNTIL_SOURCE_QA
UPSC-2023-GS1-Q034,2023,34,Indian Polity,Polity & Governance,Constitutional Framework & Development,moderate,Single-answer,0,False,False,False,24,4,c,True,True,CANCELLED,0f3e432b87e4fe0f,UPSC official previous-question-paper archive,2023 source date <= PYQ year,,,,,UNVERIFIED,,,NOT DISCLOSED BY UPSC,No primary-source attribution entered without proposition-level evidence from a dated source published no later than the PYQ year.,,Inventory + analytical metadata complete; primary-source verification pending,BLOCKED_UNTIL_SOURCE_QA
UPSC-2023-GS1-Q035,2023,35,Indian Polity,Polity & Governance,Constitutional & Statutory Bodies,easy,How-many/Count,4,False,False,False,40,4,a,True,False,,c8e06058b05dbdea,UPSC official previous-question-paper archive,2023 source date <= PYQ year,,,,,UNVERIFIED,,,NOT DISCLOSED BY UPSC,No primary-source attribution entered without proposition-level evidence from a dated source published no later than the PYQ year.,,Inventory + analytical metadata complete; primary-source verification pending,BLOCKED_UNTIL_SOURCE_QA
UPSC-2023-GS1-Q036,2023,36,Indian Polity,Polity & Governance,Union & State Executive,moderate,How-many/Count,3,False,False,False,107,4,d,True,False,,2499aa7368cdcf3b,UPSC official previous-question-paper archive,2023 source date <= PYQ year,,,,,UNVERIFIED,,,NOT DISCLOSED BY UPSC,No primary-source attribution entered without proposition-level evidence from a dated source published no later than the PYQ year.,,Inventory + analytical metadata complete; primary-source verification pending,BLOCKED_UNTIL_SOURCE_QA
UPSC-2023-GS1-Q037,2023,37,Indian Polity,Polity & Governance,Parliament & State Legislatures,difficult,How-many/Count,3,False,False,False,99,4,b,True,False,,3bf7e56e9a01bce2,UPSC official previous-question-paper archive,2023 source date <= PYQ year,,,,,UNVERIFIED,,,NOT DISCLOSED BY UPSC,No primary-source attribution entered without proposition-level evidence from a dated source published no later than the PYQ year.,,Inventory + analytical metadata complete; primary-source verification pending,BLOCKED_UNTIL_SOURCE_QA
UPSC-2023-GS1-Q038,2023,38,Environment & Ecology,Environment & Ecology,Protected Areas & Wildlife,difficult,How-many/Count,4,True,False,False,69,4,b,True,False,,647d0823781677b4,UPSC official previous-question-paper archive,2023 source date <= PYQ year,,,,,UNVERIFIED,,,NOT DISCLOSED BY UPSC,No primary-source attribution entered without proposition-level evidence from a dated source published no later than the PYQ year.,,Inventory + analytical metadata complete; primary-source verification pending,BLOCKED_UNTIL_SOURCE_QA
UPSC-2023-GS1-Q039,2023,39,Indian Polity,Polity & Governance,Federalism & Centre–State Relations,difficult,How-many/Count,3,False,False,False,91,4,b,True,False,,57b5fc5cf1143643,UPSC official previous-question-paper archive,2023 source date <= PYQ year,,,,,UNVERIFIED,,,NOT DISCLOSED BY UPSC,No primary-source attribution entered without proposition-level evidence from a dated source published no later than the PYQ year.,,Inventory + analytical metadata complete; primary-source verification pending,BLOCKED_UNTIL_SOURCE_QA
UPSC-2023-GS1-Q040,2023,40,Indian Polity,Polity & Governance,Social Justice & Vulnerable Sections,moderate,Assertion/Relationship,0,False,False,False,70,4,c,True,False,,e25e81de3d789427,UPSC official previous-question-paper archive,2023 source date <= PYQ year,,,,,UNVERIFIED,,,NOT DISCLOSED BY UPSC,No primary-source attribution entered without proposition-level evidence from a dated source published no later than the PYQ year.,,Inventory + analytical metadata complete; primary-source verification pending,BLOCKED_UNTIL_SOURCE_QA
UPSC-2023-GS1-Q041,2023,41,Art & Culture,Art & Culture,Architecture & World Heritage,easy,Single-answer,0,False,False,False,20,4,a,True,False,,64ec32a7a42786d3,UPSC official previous-question-paper archive,2023 source date <= PYQ year,,,,,UNVERIFIED,,,NOT DISCLOSED BY UPSC,No primary-source attribution entered without proposition-level evidence from a dated source published no later than the PYQ year.,,Inventory + analytical metadata complete; primary-source verification pending,BLOCKED_UNTIL_SOURCE_QA
UPSC-2023-GS1-Q042,2023,42,Ancient History,History,Ancient India,moderate,How-many/Count,3,False,False,False,47,4,b,True,False,,184bd0440614d426,UPSC official previous-question-paper archive,2023 source date <= PYQ year,,,,,UNVERIFIED,,,NOT DISCLOSED BY UPSC,No primary-source attribution entered without proposition-level evidence from a dated source published no later than the PYQ year.,,Inventory + analytical metadata complete; primary-source verification pending,BLOCKED_UNTIL_SOURCE_QA
UPSC-2023-GS1-Q043,2023,43,Ancient History,History,Trade & Economy,easy,Single-answer,0,False,False,False,14,4,b,True,False,,0b7ac591e506b4ab,UPSC official previous-question-paper archive,2023 source date <= PYQ year,,,,,UNVERIFIED,,,NOT DISCLOSED BY UPSC,No primary-source attribution entered without proposition-level evidence from a dated source published no later than the PYQ year.,,Inventory + analytical metadata complete; primary-source verification pending,BLOCKED_UNTIL_SOURCE_QA
UPSC-2023-GS1-Q044,2023,44,Art & Culture,Art & Culture,Literature & Languages,moderate,Single-answer,0,False,False,False,15,4,d,True,False,,cb1075cf0eaa9b32,UPSC official previous-question-paper archive,2023 source date <= PYQ year,,,,,UNVERIFIED,,,NOT DISCLOSED BY UPSC,No primary-source attribution entered without proposition-level evidence from a dated source published no later than the PYQ year.,,Inventory + analytical metadata complete; primary-source verification pending,BLOCKED_UNTIL_SOURCE_QA
UPSC-2023-GS1-Q045,2023,45,Medieval History,History,South Indian Dynasties,difficult,How-many/Count,4,False,False,False,27,4,d,True,False,,b86046ceea4644e1,UPSC official previous-question-paper archive,2023 source date <= PYQ year,,,,,UNVERIFIED,,,NOT DISCLOSED BY UPSC,No primary-source attribution entered without proposition-level evidence from a dated source published no later than the PYQ year.,,Inventory + analytical metadata complete; primary-source verification pending,BLOCKED_UNTIL_SOURCE_QA
UPSC-2023-GS1-Q046,2023,46,Art & Culture,Art & Culture,Literature & Languages,difficult,How-many/Count,4,False,False,False,42,4,b,True,False,,1c2aa8573d8f9f76,UPSC official previous-question-paper archive,2023 source date <= PYQ year,,,,,UNVERIFIED,,,NOT DISCLOSED BY UPSC,No primary-source attribution entered without proposition-level evidence from a dated source published no later than the PYQ year.,,Inventory + analytical metadata complete; primary-source verification pending,BLOCKED_UNTIL_SOURCE_QA
UPSC-2023-GS1-Q047,2023,47,Art & Culture,Art & Culture,Philosophy & Religion,easy,Single-answer,0,True,False,False,51,4,b,True,False,,cf2d1c878dca442b,UPSC official previous-question-paper archive,2023 source date <= PYQ year,,,,,UNVERIFIED,,,NOT DISCLOSED BY UPSC,No primary-source attribution entered without proposition-level evidence from a dated source published no later than the PYQ year.,,Inventory + analytical metadata complete; primary-source verification pending,BLOCKED_UNTIL_SOURCE_QA
UPSC-2023-GS1-Q048,2023,48,Medieval History,History,Vijayanagara Empire,moderate,Single-answer,0,False,False,False,28,4,a,True,False,,dc0e1432160d59d4,UPSC official previous-question-paper archive,2023 source date <= PYQ year,,,,,UNVERIFIED,,,NOT DISCLOSED BY UPSC,No primary-source attribution entered without proposition-level evidence from a dated source published no later than the PYQ year.,,Inventory + analytical metadata complete; primary-source verification pending,BLOCKED_UNTIL_SOURCE_QA
UPSC-2023-GS1-Q049,2023,49,Medieval History,History,Regional Kingdoms & Frontier States,moderate,Single-answer,0,False,False,False,12,4,c,True,False,,646df4fb9099945c,UPSC official previous-question-paper archive,2023 source date <= PYQ year,,,,,UNVERIFIED,,,NOT DISCLOSED BY UPSC,No primary-source attribution entered without proposition-level evidence from a dated source published no later than the PYQ year.,,Inventory + analytical metadata complete; primary-source verification pending,BLOCKED_UNTIL_SOURCE_QA
UPSC-2023-GS1-Q050,2023,50,Modern History,History,Constitutional Developments & British Plans (1909-1947),easy,Single-answer,0,False,False,False,20,4,d,True,False,,517f5aee61b69c3b,UPSC official previous-question-paper archive,2023 source date <= PYQ year,,,,,UNVERIFIED,,,NOT DISCLOSED BY UPSC,No primary-source attribution entered without proposition-level evidence from a dated source published no later than the PYQ year.,,Inventory + analytical metadata complete; primary-source verification pending,BLOCKED_UNTIL_SOURCE_QA
UPSC-2023-GS1-Q051,2023,51,Indian Economy,Economy,"Human Development, Poverty & Employment Schemes",moderate,How-many/Count,4,False,False,False,74,4,b,True,False,,cbeba4a90866f5cf,UPSC official previous-question-paper archive,2023 source date <= PYQ year,,,,,UNVERIFIED,,,NOT DISCLOSED BY UPSC,No primary-source attribution entered without proposition-level evidence from a dated source published no later than the PYQ year.,,Inventory + analytical metadata complete; primary-source verification pending,BLOCKED_UNTIL_SOURCE_QA
UPSC-2023-GS1-Q052,2023,52,Indian Economy,Economy,"Human Development, Poverty & Employment Schemes",moderate,How-many/Count,4,False,False,False,81,4,c,True,False,,cef700036cff1335,UPSC official previous-question-paper archive,2023 source date <= PYQ year,,,,,UNVERIFIED,,,NOT DISCLOSED BY UPSC,No primary-source attribution entered without proposition-level evidence from a dated source published no later than the PYQ year.,,Inventory + analytical metadata complete; primary-source verification pending,BLOCKED_UNTIL_SOURCE_QA
UPSC-2023-GS1-Q053,2023,53,Science & Technology,Science & Technology,Materials & Engineering,moderate,Multi-statement,2,False,False,False,36,4,a,True,False,,b076485665a8771d,UPSC official previous-question-paper archive,2023 source date <= PYQ year,,,,,UNVERIFIED,,,NOT DISCLOSED BY UPSC,No primary-source attribution entered without proposition-level evidence from a dated source published no later than the PYQ year.,,Inventory + analytical metadata complete; primary-source verification pending,BLOCKED_UNTIL_SOURCE_QA
UPSC-2023-GS1-Q054,2023,54,Science & Technology,Science & Technology,Defence Technology,moderate,How-many/Count,3,False,False,False,75,4,c,True,False,,e77c2c723efa8f9e,UPSC official previous-question-paper archive,2023 source date <= PYQ year,,,,,UNVERIFIED,,,NOT DISCLOSED BY UPSC,No primary-source attribution entered without proposition-level evidence from a dated source published no later than the PYQ year.,,Inventory + analytical metadata complete; primary-source verification pending,BLOCKED_UNTIL_SOURCE_QA
UPSC-2023-GS1-Q055,2023,55,Science & Technology,Science & Technology,Energy & Environment,moderate,How-many/Count,3,False,False,False,55,4,b,True,False,,e92cdd48d596bdd9,UPSC official previous-question-paper archive,2023 source date <= PYQ year,,,,,UNVERIFIED,,,NOT DISCLOSED BY UPSC,No primary-source attribution entered without proposition-level evidence from a dated source published no later than the PYQ year.,,Inventory + analytical metadata complete; primary-source verification pending,BLOCKED_UNTIL_SOURCE_QA
UPSC-2023-GS1-Q056,2023,56,Science & Technology,Science & Technology,Space Technology & Astronomy,moderate,How-many/Count,3,False,False,False,56,4,a,True,False,,fe7747175747f066,UPSC official previous-question-paper archive,2023 source date <= PYQ year,,,,,UNVERIFIED,,,NOT DISCLOSED BY UPSC,No primary-source attribution entered without proposition-level evidence from a dated source published no later than the PYQ year.,,Inventory + analytical metadata complete; primary-source verification pending,BLOCKED_UNTIL_SOURCE_QA
UPSC-2023-GS1-Q057,2023,57,Science & Technology,Science & Technology,Space Technology & Astronomy,easy,Single-answer,0,False,False,False,12,4,d,True,False,,24541be4ffd11506,UPSC official previous-question-paper archive,2023 source date <= PYQ year,,,,,UNVERIFIED,,,NOT DISCLOSED BY UPSC,No primary-source attribution entered without proposition-level evidence from a dated source published no later than the PYQ year.,,Inventory + analytical metadata complete; primary-source verification pending,BLOCKED_UNTIL_SOURCE_QA
UPSC-2023-GS1-Q058,2023,58,Science & Technology,Science & Technology,Defence Technology,easy,Multi-statement,2,False,False,False,52,4,d,True,False,,38be4adc68ad377a,UPSC official previous-question-paper archive,2023 source date <= PYQ year,,,,,UNVERIFIED,,,NOT DISCLOSED BY UPSC,No primary-source attribution entered without proposition-level evidence from a dated source published no later than the PYQ year.,,Inventory + analytical metadata complete; primary-source verification pending,BLOCKED_UNTIL_SOURCE_QA
UPSC-2023-GS1-Q059,2023,59,Environment & Ecology,Environment & Ecology,Pollution & Waste Management,moderate,How-many/Count,3,False,False,False,48,4,b,True,False,,ce3431960f634366,UPSC official previous-question-paper archive,2023 source date <= PYQ year,,,,,UNVERIFIED,,,NOT DISCLOSED BY UPSC,No primary-source attribution entered without proposition-level evidence from a dated source published no later than the PYQ year.,,Inventory + analytical metadata complete; primary-source verification pending,BLOCKED_UNTIL_SOURCE_QA
UPSC-2023-GS1-Q060,2023,60,Science & Technology,Science & Technology,Energy & Environment,moderate,How-many/Count,3,False,False,False,60,4,c,True,False,,9aed75c5d81a8845,UPSC official previous-question-paper archive,2023 source date <= PYQ year,,,,,UNVERIFIED,,,NOT DISCLOSED BY UPSC,No primary-source attribution entered without proposition-level evidence from a dated source published no later than the PYQ year.,,Inventory + analytical metadata complete; primary-source verification pending,BLOCKED_UNTIL_SOURCE_QA
UPSC-2023-GS1-Q061,2023,61,Geography,Geography,World Political Geography & Borders,easy,How-many/Count,5,False,False,False,30,4,a,True,False,,faa137a7e61921bc,UPSC official previous-question-paper archive,2023 source date <= PYQ year,,,,,UNVERIFIED,,,NOT DISCLOSED BY UPSC,No primary-source attribution entered without proposition-level evidence from a dated source published no later than the PYQ year.,,Inventory + analytical metadata complete; primary-source verification pending,BLOCKED_UNTIL_SOURCE_QA
UPSC-2023-GS1-Q062,2023,62,Geography,Geography,Atmosphere & Climatology,moderate,Single-answer,0,False,False,False,14,4,c,True,False,,9af5bd3cf9b39c9d,UPSC official previous-question-paper archive,2023 source date <= PYQ year,,,,,UNVERIFIED,,,NOT DISCLOSED BY UPSC,No primary-source attribution entered without proposition-level evidence from a dated source published no later than the PYQ year.,,Inventory + analytical metadata complete; primary-source verification pending,BLOCKED_UNTIL_SOURCE_QA
UPSC-2023-GS1-Q063,2023,63,Geography,Geography,Biogeography & Natural Vegetation,moderate,Assertion/Relationship,0,False,False,False,51,4,d,True,False,,d5a521372f2f7f75,UPSC official previous-question-paper archive,2023 source date <= PYQ year,,,,,UNVERIFIED,,,NOT DISCLOSED BY UPSC,No primary-source attribution entered without proposition-level evidence from a dated source published no later than the PYQ year.,,Inventory + analytical metadata complete; primary-source verification pending,BLOCKED_UNTIL_SOURCE_QA
UPSC-2023-GS1-Q064,2023,64,Geography,Geography,Atmosphere & Climatology,moderate,Assertion/Relationship,0,False,False,False,48,4,d,True,False,,0cb4dbe9b95d3a77,UPSC official previous-question-paper archive,2023 source date <= PYQ year,,,,,UNVERIFIED,,,NOT DISCLOSED BY UPSC,No primary-source attribution entered without proposition-level evidence from a dated source published no later than the PYQ year.,,Inventory + analytical metadata complete; primary-source verification pending,BLOCKED_UNTIL_SOURCE_QA
UPSC-2023-GS1-Q065,2023,65,Geography,Geography,Physical Geography & Geomorphology,moderate,Multi-statement,2,False,False,False,61,4,c,True,False,,2fd1d84ee4fc92f6,UPSC official previous-question-paper archive,2023 source date <= PYQ year,,,,,UNVERIFIED,,,NOT DISCLOSED BY UPSC,No primary-source attribution entered without proposition-level evidence from a dated source published no later than the PYQ year.,,Inventory + analytical metadata complete; primary-source verification pending,BLOCKED_UNTIL_SOURCE_QA
UPSC-2023-GS1-Q066,2023,66,Environment & Ecology,Environment & Ecology,Pollution & Waste Management,moderate,How-many/Count,3,False,False,False,45,4,d,True,False,,f5bd4c6bf8f7a2e1,UPSC official previous-question-paper archive,2023 source date <= PYQ year,,,,,UNVERIFIED,,,NOT DISCLOSED BY UPSC,No primary-source attribution entered without proposition-level evidence from a dated source published no later than the PYQ year.,,Inventory + analytical metadata complete; primary-source verification pending,BLOCKED_UNTIL_SOURCE_QA
UPSC-2023-GS1-Q067,2023,67,Science & Technology,Science & Technology,Health & Diseases,easy,Single-answer,0,False,False,False,14,4,a,True,False,,8dc99d10fc3de6e5,UPSC official previous-question-paper archive,2023 source date <= PYQ year,,,,,UNVERIFIED,,,NOT DISCLOSED BY UPSC,No primary-source attribution entered without proposition-level evidence from a dated source published no later than the PYQ year.,,Inventory + analytical metadata complete; primary-source verification pending,BLOCKED_UNTIL_SOURCE_QA
UPSC-2023-GS1-Q068,2023,68,Environment & Ecology,Environment & Ecology,Climate Change & Greenhouse Gases,moderate,How-many/Count,3,False,False,False,60,4,c,True,False,,766a27938e124da5,UPSC official previous-question-paper archive,2023 source date <= PYQ year,,,,,UNVERIFIED,,,NOT DISCLOSED BY UPSC,No primary-source attribution entered without proposition-level evidence from a dated source published no later than the PYQ year.,,Inventory + analytical metadata complete; primary-source verification pending,BLOCKED_UNTIL_SOURCE_QA
UPSC-2023-GS1-Q069,2023,69,Science & Technology,Science & Technology,Biotechnology & Genetics,easy,Single-answer,0,False,False,False,11,4,a,True,False,,bf7286840ed13fff,UPSC official previous-question-paper archive,2023 source date <= PYQ year,,,,,UNVERIFIED,,,NOT DISCLOSED BY UPSC,No primary-source attribution entered without proposition-level evidence from a dated source published no later than the PYQ year.,,Inventory + analytical metadata complete; primary-source verification pending,BLOCKED_UNTIL_SOURCE_QA
UPSC-2023-GS1-Q070,2023,70,Science & Technology,Science & Technology,Biotechnology & Genetics,easy,Single-answer,0,False,False,False,13,4,a,True,False,,6912442026ca6ca5,UPSC official previous-question-paper archive,2023 source date <= PYQ year,,,,,UNVERIFIED,,,NOT DISCLOSED BY UPSC,No primary-source attribution entered without proposition-level evidence from a dated source published no later than the PYQ year.,,Inventory + analytical metadata complete; primary-source verification pending,BLOCKED_UNTIL_SOURCE_QA
UPSC-2023-GS1-Q071,2023,71,Indian Economy,Economy,Infrastructure & Industry,moderate,Multi-statement,2,False,False,False,63,4,b,True,False,,32d496c7f480e660,UPSC official previous-question-paper archive,2023 source date <= PYQ year,,,,,UNVERIFIED,,,NOT DISCLOSED BY UPSC,No primary-source attribution entered without proposition-level evidence from a dated source published no later than the PYQ year.,,Inventory + analytical metadata complete; primary-source verification pending,BLOCKED_UNTIL_SOURCE_QA
UPSC-2023-GS1-Q072,2023,72,Indian Economy,Economy,Digital Payments & Financial Inclusion,moderate,Multi-statement,2,False,False,False,58,4,c,True,False,,0968e1a939d491ae,UPSC official previous-question-paper archive,2023 source date <= PYQ year,,,,,UNVERIFIED,,,NOT DISCLOSED BY UPSC,No primary-source attribution entered without proposition-level evidence from a dated source published no later than the PYQ year.,,Inventory + analytical metadata complete; primary-source verification pending,BLOCKED_UNTIL_SOURCE_QA
UPSC-2023-GS1-Q073,2023,73,Indian Economy,Economy,Financial Markets & Capital Markets,easy,Single-answer,0,False,False,False,10,4,d,True,False,,122c95ab92d22e79,UPSC official previous-question-paper archive,2023 source date <= PYQ year,,,,,UNVERIFIED,,,NOT DISCLOSED BY UPSC,No primary-source attribution entered without proposition-level evidence from a dated source published no later than the PYQ year.,,Inventory + analytical metadata complete; primary-source verification pending,BLOCKED_UNTIL_SOURCE_QA
UPSC-2023-GS1-Q074,2023,74,Indian Economy,Economy,Digital Payments & Financial Inclusion,moderate,How-many/Count,3,False,False,False,65,4,b,True,False,,6cf7dcae74a5d5d2,UPSC official previous-question-paper archive,2023 source date <= PYQ year,,,,,UNVERIFIED,,,NOT DISCLOSED BY UPSC,No primary-source attribution entered without proposition-level evidence from a dated source published no later than the PYQ year.,,Inventory + analytical metadata complete; primary-source verification pending,BLOCKED_UNTIL_SOURCE_QA
UPSC-2023-GS1-Q075,2023,75,Indian Economy,Economy,"Human Development, Poverty & Employment Schemes",moderate,Assertion/Relationship,0,False,False,False,57,4,b,True,False,,fac8ca6b65cc4405,UPSC official previous-question-paper archive,2023 source date <= PYQ year,,,,,UNVERIFIED,,,NOT DISCLOSED BY UPSC,No primary-source attribution entered without proposition-level evidence from a dated source published no later than the PYQ year.,,Inventory + analytical metadata complete; primary-source verification pending,BLOCKED_UNTIL_SOURCE_QA
UPSC-2023-GS1-Q076,2023,76,Environment & Ecology,Environment & Ecology,Water & Wetland Conservation,moderate,Assertion/Relationship,0,False,False,False,77,4,c,True,False,,356e2650ba867070,UPSC official previous-question-paper archive,2023 source date <= PYQ year,,,,,UNVERIFIED,,,NOT DISCLOSED BY UPSC,No primary-source attribution entered without proposition-level evidence from a dated source published no later than the PYQ year.,,Inventory + analytical metadata complete; primary-source verification pending,BLOCKED_UNTIL_SOURCE_QA
UPSC-2023-GS1-Q077,2023,77,Indian Polity,Polity & Governance,Fundamental Rights,difficult,How-many/Count,3,False,False,False,73,4,b,True,False,,17b31e67688d169d,UPSC official previous-question-paper archive,2023 source date <= PYQ year,,,,,UNVERIFIED,,,NOT DISCLOSED BY UPSC,No primary-source attribution entered without proposition-level evidence from a dated source published no later than the PYQ year.,,Inventory + analytical metadata complete; primary-source verification pending,BLOCKED_UNTIL_SOURCE_QA
UPSC-2023-GS1-Q078,2023,78,Current Affairs,Current Affairs,Disasters & Humanitarian Issues,easy,Single-answer,0,False,True,True,30,4,d,True,False,,6b08d3406dfd3bd2,UPSC official previous-question-paper archive,2023 source date <= PYQ year,,,,,UNVERIFIED,,,NOT DISCLOSED BY UPSC,No primary-source attribution entered without proposition-level evidence from a dated source published no later than the PYQ year.,,Inventory + analytical metadata complete; primary-source verification pending,BLOCKED_UNTIL_SOURCE_QA
UPSC-2023-GS1-Q079,2023,79,Environment & Ecology,Environment & Ecology,Environmental Governance & Legislation,moderate,Multi-statement,2,False,False,False,62,4,c,True,False,,769ef18a4c576e08,UPSC official previous-question-paper archive,2023 source date <= PYQ year,,,,,UNVERIFIED,,,NOT DISCLOSED BY UPSC,No primary-source attribution entered without proposition-level evidence from a dated source published no later than the PYQ year.,,Inventory + analytical metadata complete; primary-source verification pending,BLOCKED_UNTIL_SOURCE_QA
UPSC-2023-GS1-Q080,2023,80,Polity,Polity & Governance,Presidential Election,difficult,How-many/Count,4,False,False,False,123,4,a,True,False,,352afcd9586b2f19,UPSC official previous-question-paper archive,2023 source date <= PYQ year,,,,,UNVERIFIED,,,NOT DISCLOSED BY UPSC,No primary-source attribution entered without proposition-level evidence from a dated source published no later than the PYQ year.,,Inventory + analytical metadata complete; primary-source verification pending,BLOCKED_UNTIL_SOURCE_QA
UPSC-2023-GS1-Q081,2023,81,Art & Culture,Art & Culture,Cultural Institutions & Awards,moderate,Single-answer,0,False,False,False,21,4,a,True,False,,dc7ca932c3cce6d1,UPSC official previous-question-paper archive,2023 source date <= PYQ year,,,,,UNVERIFIED,,,NOT DISCLOSED BY UPSC,No primary-source attribution entered without proposition-level evidence from a dated source published no later than the PYQ year.,,Inventory + analytical metadata complete; primary-source verification pending,BLOCKED_UNTIL_SOURCE_QA
UPSC-2023-GS1-Q082,2023,82,Art & Culture,Art & Culture,Architecture & World Heritage,moderate,How-many/Count,3,False,False,False,36,4,b,True,False,,a510bc84c681b863,UPSC official previous-question-paper archive,2023 source date <= PYQ year,,,,,UNVERIFIED,,,NOT DISCLOSED BY UPSC,No primary-source attribution entered without proposition-level evidence from a dated source published no later than the PYQ year.,,Inventory + analytical metadata complete; primary-source verification pending,BLOCKED_UNTIL_SOURCE_QA
UPSC-2023-GS1-Q083,2023,83,Modern History,History,Early Nationalism & Indian National Congress (1885-1915),easy,Assertion/Relationship,0,False,False,False,45,4,a,True,False,,859c4cc532b52e6c,UPSC official previous-question-paper archive,2023 source date <= PYQ year,,,,,UNVERIFIED,,,NOT DISCLOSED BY UPSC,No primary-source attribution entered without proposition-level evidence from a dated source published no later than the PYQ year.,,Inventory + analytical metadata complete; primary-source verification pending,BLOCKED_UNTIL_SOURCE_QA
UPSC-2023-GS1-Q084,2023,84,Indian Polity,Polity & Governance,Constitutional Framework & Development,moderate,Assertion/Relationship,1,False,False,False,72,4,d,True,False,,fa3a818896bc39fc,UPSC official previous-question-paper archive,2023 source date <= PYQ year,,,,,UNVERIFIED,,,NOT DISCLOSED BY UPSC,No primary-source attribution entered without proposition-level evidence from a dated source published no later than the PYQ year.,,Inventory + analytical metadata complete; primary-source verification pending,BLOCKED_UNTIL_SOURCE_QA
UPSC-2023-GS1-Q085,2023,85,Indian Polity,Polity & Governance,Constitutional Framework & Development,easy,Assertion/Relationship,0,False,False,False,73,4,c,True,False,,a3a6eaf5d823ee3d,UPSC official previous-question-paper archive,2023 source date <= PYQ year,,,,,UNVERIFIED,,,NOT DISCLOSED BY UPSC,No primary-source attribution entered without proposition-level evidence from a dated source published no later than the PYQ year.,,Inventory + analytical metadata complete; primary-source verification pending,BLOCKED_UNTIL_SOURCE_QA
UPSC-2023-GS1-Q086,2023,86,Current Affairs,Current Affairs,Business & Economy,moderate,Assertion/Relationship,0,False,True,False,45,4,c,True,False,,babf248829260953,UPSC official previous-question-paper archive,2023 source date <= PYQ year,,,,,UNVERIFIED,,,NOT DISCLOSED BY UPSC,No primary-source attribution entered without proposition-level evidence from a dated source published no later than the PYQ year.,,Inventory + analytical metadata complete; primary-source verification pending,BLOCKED_UNTIL_SOURCE_QA
UPSC-2023-GS1-Q087,2023,87,Current Affairs,Current Affairs,International Relations & Treaties,moderate,Assertion/Relationship,0,False,True,True,63,4,c,True,False,,70f4323e41617343,UPSC official previous-question-paper archive,2023 source date <= PYQ year,,,,,UNVERIFIED,,,NOT DISCLOSED BY UPSC,No primary-source attribution entered without proposition-level evidence from a dated source published no later than the PYQ year.,,Inventory + analytical metadata complete; primary-source verification pending,BLOCKED_UNTIL_SOURCE_QA
UPSC-2023-GS1-Q088,2023,88,Indian Economy,Economy,International Trade & WTO,moderate,Assertion/Relationship,0,False,False,False,49,4,d,True,False,,26eb2670cce1e9d2,UPSC official previous-question-paper archive,2023 source date <= PYQ year,,,,,UNVERIFIED,,,NOT DISCLOSED BY UPSC,No primary-source attribution entered without proposition-level evidence from a dated source published no later than the PYQ year.,,Inventory + analytical metadata complete; primary-source verification pending,BLOCKED_UNTIL_SOURCE_QA
UPSC-2023-GS1-Q089,2023,89,Indian Economy,Economy,Fiscal Policy & Budget,moderate,How-many/Count,3,False,False,False,66,4,a,True,False,,6dd5a5a02211aa1b,UPSC official previous-question-paper archive,2023 source date <= PYQ year,,,,,UNVERIFIED,,,NOT DISCLOSED BY UPSC,No primary-source attribution entered without proposition-level evidence from a dated source published no later than the PYQ year.,,Inventory + analytical metadata complete; primary-source verification pending,BLOCKED_UNTIL_SOURCE_QA
UPSC-2023-GS1-Q090,2023,90,Current Affairs,Current Affairs,International Relations & Treaties,moderate,How-many/Count,3,False,True,True,72,4,d,True,False,,e54d5b88d607d88b,UPSC official previous-question-paper archive,2023 source date <= PYQ year,,,,,UNVERIFIED,,,NOT DISCLOSED BY UPSC,No primary-source attribution entered without proposition-level evidence from a dated source published no later than the PYQ year.,,Inventory + analytical metadata complete; primary-source verification pending,BLOCKED_UNTIL_SOURCE_QA
UPSC-2023-GS1-Q091,2023,91,Indian Polity,Polity & Governance,Constitutional & Statutory Bodies,moderate,How-many/Count,3,False,False,False,77,4,b,True,False,,6f7f76ef862825cd,UPSC official previous-question-paper archive,2023 source date <= PYQ year,,,,,UNVERIFIED,,,NOT DISCLOSED BY UPSC,No primary-source attribution entered without proposition-level evidence from a dated source published no later than the PYQ year.,,Inventory + analytical metadata complete; primary-source verification pending,BLOCKED_UNTIL_SOURCE_QA
UPSC-2023-GS1-Q092,2023,92,Indian Polity,Polity & Governance,Constitutional & Statutory Bodies,difficult,How-many/Count,3,False,False,False,81,4,b,True,False,,1972e78468564101,UPSC official previous-question-paper archive,2023 source date <= PYQ year,,,,,UNVERIFIED,,,NOT DISCLOSED BY UPSC,No primary-source attribution entered without proposition-level evidence from a dated source published no later than the PYQ year.,,Inventory + analytical metadata complete; primary-source verification pending,BLOCKED_UNTIL_SOURCE_QA
UPSC-2023-GS1-Q093,2023,93,International Relations,International Relations,Geopolitical Conflicts,moderate,How-many/Count,3,False,False,False,51,4,d,True,False,,2ebe391ec6fe5fa6,UPSC official previous-question-paper archive,2023 source date <= PYQ year,,,,,UNVERIFIED,,,NOT DISCLOSED BY UPSC,No primary-source attribution entered without proposition-level evidence from a dated source published no later than the PYQ year.,,Inventory + analytical metadata complete; primary-source verification pending,BLOCKED_UNTIL_SOURCE_QA
UPSC-2023-GS1-Q094,2023,94,Current Affairs,Current Affairs,International Relations & Treaties,easy,Assertion/Relationship,0,False,True,False,46,4,c,True,False,,889a1ff3f0d9cf9c,UPSC official previous-question-paper archive,2023 source date <= PYQ year,,,,,UNVERIFIED,,,NOT DISCLOSED BY UPSC,No primary-source attribution entered without proposition-level evidence from a dated source published no later than the PYQ year.,,Inventory + analytical metadata complete; primary-source verification pending,BLOCKED_UNTIL_SOURCE_QA
UPSC-2023-GS1-Q095,2023,95,Sports,Sports,Sports Awards,moderate,How-many/Count,4,False,False,False,86,4,b,True,False,,82a2dceb7f72aa4b,UPSC official previous-question-paper archive,2023 source date <= PYQ year,,,,,UNVERIFIED,,,NOT DISCLOSED BY UPSC,No primary-source attribution entered without proposition-level evidence from a dated source published no later than the PYQ year.,,Inventory + analytical metadata complete; primary-source verification pending,BLOCKED_UNTIL_SOURCE_QA
UPSC-2023-GS1-Q096,2023,96,Current Affairs,Current Affairs,Other Sports & Personalities,moderate,How-many/Count,4,False,True,False,73,4,b,True,False,,b504ce9e83564699,UPSC official previous-question-paper archive,2023 source date <= PYQ year,,,,,UNVERIFIED,,,NOT DISCLOSED BY UPSC,No primary-source attribution entered without proposition-level evidence from a dated source published no later than the PYQ year.,,Inventory + analytical metadata complete; primary-source verification pending,BLOCKED_UNTIL_SOURCE_QA
UPSC-2023-GS1-Q097,2023,97,Current Affairs,Current Affairs,International Conflicts & Security,easy,How-many/Count,3,False,True,False,33,4,d,True,False,,3f6c720dfe449188,UPSC official previous-question-paper archive,2023 source date <= PYQ year,,,,,UNVERIFIED,,,NOT DISCLOSED BY UPSC,No primary-source attribution entered without proposition-level evidence from a dated source published no later than the PYQ year.,,Inventory + analytical metadata complete; primary-source verification pending,BLOCKED_UNTIL_SOURCE_QA
UPSC-2023-GS1-Q098,2023,98,Current Affairs,Current Affairs,International Conflicts & Security,easy,Single-answer,0,False,True,False,25,4,d,True,False,,440ac1526df65fad,UPSC official previous-question-paper archive,2023 source date <= PYQ year,,,,,UNVERIFIED,,,NOT DISCLOSED BY UPSC,No primary-source attribution entered without proposition-level evidence from a dated source published no later than the PYQ year.,,Inventory + analytical metadata complete; primary-source verification pending,BLOCKED_UNTIL_SOURCE_QA
UPSC-2023-GS1-Q099,2023,99,Environment & Ecology,Environment & Ecology,Renewable Energy & Green Technologies,moderate,How-many/Count,3,False,False,False,32,4,c,True,False,,28a1192b0b3dcded,UPSC official previous-question-paper archive,2023 source date <= PYQ year,,,,,UNVERIFIED,,,NOT DISCLOSED BY UPSC,No primary-source attribution entered without proposition-level evidence from a dated source published no later than the PYQ year.,,Inventory + analytical metadata complete; primary-source verification pending,BLOCKED_UNTIL_SOURCE_QA
UPSC-2023-GS1-Q100,2023,100,Current Affairs,Current Affairs,International Organisations & Groupings,moderate,Multi-statement,2,False,True,False,51,4,c,True,False,,3da399f3d182213b,UPSC official previous-question-paper archive,2023 source date <= PYQ year,,,,,UNVERIFIED,,,NOT DISCLOSED BY UPSC,No primary-source attribution entered without proposition-level evidence from a dated source published no later than the PYQ year.,,Inventory + analytical metadata complete; primary-source verification pending,BLOCKED_UNTIL_SOURCE_QA
UPSC-2024-GS1-Q001,2024,1,Geography,Geography,Atmosphere & Climatology,moderate,Assertion/Relationship,0,False,False,False,52,4,d,True,False,,4565b7fd996cfaa0,UPSC official previous-question-paper archive,2024 source date <= PYQ year,,,,,UNVERIFIED,,,NOT DISCLOSED BY UPSC,No primary-source attribution entered without proposition-level evidence from a dated source published no later than the PYQ year.,,Inventory + analytical metadata complete; primary-source verification pending,BLOCKED_UNTIL_SOURCE_QA
UPSC-2024-GS1-Q002,2024,2,Geography,Geography,Atmosphere & Climatology,easy,Assertion/Relationship,0,False,False,False,50,4,a,True,False,,d31ccc44c9720579,UPSC official previous-question-paper archive,2024 source date <= PYQ year,,,,,UNVERIFIED,,,NOT DISCLOSED BY UPSC,No primary-source attribution entered without proposition-level evidence from a dated source published no later than the PYQ year.,,Inventory + analytical metadata complete; primary-source verification pending,BLOCKED_UNTIL_SOURCE_QA
UPSC-2024-GS1-Q003,2024,3,Geography,Geography,Physical Geography & Geomorphology,easy,How-many/Count,4,False,False,False,28,4,d,True,False,,e6914bd68e67b79f,UPSC official previous-question-paper archive,2024 source date <= PYQ year,,,,,UNVERIFIED,,,NOT DISCLOSED BY UPSC,No primary-source attribution entered without proposition-level evidence from a dated source published no later than the PYQ year.,,Inventory + analytical metadata complete; primary-source verification pending,BLOCKED_UNTIL_SOURCE_QA
UPSC-2024-GS1-Q004,2024,4,Geography,Geography,Atmosphere & Climatology,moderate,Multi-statement,2,False,False,False,68,4,a,True,False,,b9c2e8cda09da30a,UPSC official previous-question-paper archive,2024 source date <= PYQ year,,,,,UNVERIFIED,,,NOT DISCLOSED BY UPSC,No primary-source attribution entered without proposition-level evidence from a dated source published no later than the PYQ year.,,Inventory + analytical metadata complete; primary-source verification pending,BLOCKED_UNTIL_SOURCE_QA
UPSC-2024-GS1-Q005,2024,5,Geography,Geography,Indian Agriculture & Land Use,easy,Single-answer,0,False,False,False,18,4,c,True,False,,d6c3cee432d7794d,UPSC official previous-question-paper archive,2024 source date <= PYQ year,,,,,UNVERIFIED,,,NOT DISCLOSED BY UPSC,No primary-source attribution entered without proposition-level evidence from a dated source published no later than the PYQ year.,,Inventory + analytical metadata complete; primary-source verification pending,BLOCKED_UNTIL_SOURCE_QA
UPSC-2024-GS1-Q006,2024,6,Geography,Geography,Indian Rivers & Water Resources,moderate,Single-answer,0,False,False,False,25,4,b,True,False,,78cf2ea96886373f,UPSC official previous-question-paper archive,2024 source date <= PYQ year,,,,,UNVERIFIED,,,NOT DISCLOSED BY UPSC,No primary-source attribution entered without proposition-level evidence from a dated source published no later than the PYQ year.,,Inventory + analytical metadata complete; primary-source verification pending,BLOCKED_UNTIL_SOURCE_QA
UPSC-2024-GS1-Q007,2024,7,Geography,Geography,Physical Geography & Geomorphology,moderate,Assertion/Relationship,0,False,False,False,47,4,a,True,False,,f133df69bca7e699,UPSC official previous-question-paper archive,2024 source date <= PYQ year,,,,,UNVERIFIED,,,NOT DISCLOSED BY UPSC,No primary-source attribution entered without proposition-level evidence from a dated source published no later than the PYQ year.,,Inventory + analytical metadata complete; primary-source verification pending,BLOCKED_UNTIL_SOURCE_QA
UPSC-2024-GS1-Q008,2024,8,Geography,Geography,World Geography,easy,How-many/Count,4,False,False,False,27,4,b,True,False,,636bb734fab5271b,UPSC official previous-question-paper archive,2024 source date <= PYQ year,,,,,UNVERIFIED,,,NOT DISCLOSED BY UPSC,No primary-source attribution entered without proposition-level evidence from a dated source published no later than the PYQ year.,,Inventory + analytical metadata complete; primary-source verification pending,BLOCKED_UNTIL_SOURCE_QA
UPSC-2024-GS1-Q009,2024,9,Geography,Geography,Indian Geography,moderate,How-many/Count,3,False,False,False,47,4,a,True,False,,d12d05e906cd8560,UPSC official previous-question-paper archive,2024 source date <= PYQ year,,,,,UNVERIFIED,,,NOT DISCLOSED BY UPSC,No primary-source attribution entered without proposition-level evidence from a dated source published no later than the PYQ year.,,Inventory + analytical metadata complete; primary-source verification pending,BLOCKED_UNTIL_SOURCE_QA
UPSC-2024-GS1-Q010,2024,10,Geography,Geography,World Geography,moderate,How-many/Count,4,False,False,False,65,4,b,True,False,,b3b8fcd2c30c9988,UPSC official previous-question-paper archive,2024 source date <= PYQ year,,,,,UNVERIFIED,,,NOT DISCLOSED BY UPSC,No primary-source attribution entered without proposition-level evidence from a dated source published no later than the PYQ year.,,Inventory + analytical metadata complete; primary-source verification pending,BLOCKED_UNTIL_SOURCE_QA
UPSC-2024-GS1-Q011,2024,11,Current Affairs,Current Affairs,Indian Government Schemes & Initiatives,moderate,Multi-statement,3,False,True,True,32,4,a,True,False,,74b3c766785caae8,UPSC official previous-question-paper archive,2024 source date <= PYQ year,,,,,UNVERIFIED,,,NOT DISCLOSED BY UPSC,No primary-source attribution entered without proposition-level evidence from a dated source published no later than the PYQ year.,,Inventory + analytical metadata complete; primary-source verification pending,BLOCKED_UNTIL_SOURCE_QA
UPSC-2024-GS1-Q012,2024,12,Geography,Geography,Atmosphere & Climatology,easy,Multi-statement,2,False,False,False,42,4,a,True,False,,891da479d1ed81a1,UPSC official previous-question-paper archive,2024 source date <= PYQ year,,,,,UNVERIFIED,,,NOT DISCLOSED BY UPSC,No primary-source attribution entered without proposition-level evidence from a dated source published no later than the PYQ year.,,Inventory + analytical metadata complete; primary-source verification pending,BLOCKED_UNTIL_SOURCE_QA
UPSC-2024-GS1-Q013,2024,13,Geography,Geography,Atmosphere & Climatology,moderate,Multi-statement,3,False,False,False,36,4,d,True,False,,55a87de20f26ae37,UPSC official previous-question-paper archive,2024 source date <= PYQ year,,,,,UNVERIFIED,,,NOT DISCLOSED BY UPSC,No primary-source attribution entered without proposition-level evidence from a dated source published no later than the PYQ year.,,Inventory + analytical metadata complete; primary-source verification pending,BLOCKED_UNTIL_SOURCE_QA
UPSC-2024-GS1-Q014,2024,14,Geography,Geography,Atmosphere & Climatology,easy,Multi-statement,2,False,False,False,43,4,c,True,False,,3b8f4819c9c64725,UPSC official previous-question-paper archive,2024 source date <= PYQ year,,,,,UNVERIFIED,,,NOT DISCLOSED BY UPSC,No primary-source attribution entered without proposition-level evidence from a dated source published no later than the PYQ year.,,Inventory + analytical metadata complete; primary-source verification pending,BLOCKED_UNTIL_SOURCE_QA
UPSC-2024-GS1-Q015,2024,15,Geography,Geography,Astronomy & Earth–Sun System,moderate,Multi-statement,4,False,False,False,42,4,d,True,False,,3f06d8b99bbb4960,UPSC official previous-question-paper archive,2024 source date <= PYQ year,,,,,UNVERIFIED,,,NOT DISCLOSED BY UPSC,No primary-source attribution entered without proposition-level evidence from a dated source published no later than the PYQ year.,,Inventory + analytical metadata complete; primary-source verification pending,BLOCKED_UNTIL_SOURCE_QA
UPSC-2024-GS1-Q016,2024,16,Environment & Ecology,Environment & Ecology,Climate Change & Greenhouse Gases,moderate,Single-answer,0,False,False,False,47,4,b,True,False,,92a10f8b497982ec,UPSC official previous-question-paper archive,2024 source date <= PYQ year,,,,,UNVERIFIED,,,NOT DISCLOSED BY UPSC,No primary-source attribution entered without proposition-level evidence from a dated source published no later than the PYQ year.,,Inventory + analytical metadata complete; primary-source verification pending,BLOCKED_UNTIL_SOURCE_QA
UPSC-2024-GS1-Q017,2024,17,Environment & Ecology,Environment & Ecology,Pollution & Waste Management,easy,Multi-statement,3,True,False,False,66,4,d,True,False,,fc5217bcd8a321a6,UPSC official previous-question-paper archive,2024 source date <= PYQ year,,,,,UNVERIFIED,,,NOT DISCLOSED BY UPSC,No primary-source attribution entered without proposition-level evidence from a dated source published no later than the PYQ year.,,Inventory + analytical metadata complete; primary-source verification pending,BLOCKED_UNTIL_SOURCE_QA
UPSC-2024-GS1-Q018,2024,18,Environment & Ecology,Environment & Ecology,Biodiversity & Conservation,difficult,How-many/Count,5,False,False,False,29,4,b,True,False,,78acf7ec661e5508,UPSC official previous-question-paper archive,2024 source date <= PYQ year,,,,,UNVERIFIED,,,NOT DISCLOSED BY UPSC,No primary-source attribution entered without proposition-level evidence from a dated source published no later than the PYQ year.,,Inventory + analytical metadata complete; primary-source verification pending,BLOCKED_UNTIL_SOURCE_QA
UPSC-2024-GS1-Q019,2024,19,Environment & Ecology,Environment & Ecology,Biodiversity & Conservation,easy,How-many/Count,3,False,False,False,22,4,c,True,False,,27c841ae6a6e0d21,UPSC official previous-question-paper archive,2024 source date <= PYQ year,,,,,UNVERIFIED,,,NOT DISCLOSED BY UPSC,No primary-source attribution entered without proposition-level evidence from a dated source published no later than the PYQ year.,,Inventory + analytical metadata complete; primary-source verification pending,BLOCKED_UNTIL_SOURCE_QA
UPSC-2024-GS1-Q020,2024,20,Environment & Ecology,Environment & Ecology,Environmental Governance & Legislation,moderate,Assertion/Relationship,0,False,False,False,51,4,c,True,True,CANCELLED,e5838dd6cd19d8d8,UPSC official previous-question-paper archive,2024 source date <= PYQ year,,,,,UNVERIFIED,,,NOT DISCLOSED BY UPSC,No primary-source attribution entered without proposition-level evidence from a dated source published no later than the PYQ year.,,Inventory + analytical metadata complete; primary-source verification pending,BLOCKED_UNTIL_SOURCE_QA
UPSC-2024-GS1-Q021,2024,21,Environment & Ecology,Environment & Ecology,Biodiversity & Conservation,easy,Single-answer,0,False,False,False,9,4,c,True,False,,5b2d48e25c1a2e9b,UPSC official previous-question-paper archive,2024 source date <= PYQ year,,,,,UNVERIFIED,,,NOT DISCLOSED BY UPSC,No primary-source attribution entered without proposition-level evidence from a dated source published no later than the PYQ year.,,Inventory + analytical metadata complete; primary-source verification pending,BLOCKED_UNTIL_SOURCE_QA
UPSC-2024-GS1-Q022,2024,22,Environment & Ecology,Environment & Ecology,Pollution & Waste Management,moderate,Assertion/Relationship,0,False,False,False,45,4,a,True,False,,85b9620744eb7496,UPSC official previous-question-paper archive,2024 source date <= PYQ year,,,,,UNVERIFIED,,,NOT DISCLOSED BY UPSC,No primary-source attribution entered without proposition-level evidence from a dated source published no later than the PYQ year.,,Inventory + analytical metadata complete; primary-source verification pending,BLOCKED_UNTIL_SOURCE_QA
UPSC-2024-GS1-Q023,2024,23,Environment & Ecology,Environment & Ecology,Protected Areas & Wildlife,moderate,How-many/Count,2,False,False,False,19,4,d,True,False,SOURCE_BLANKED_FIELDS,bdd32ee45515ee64,UPSC official previous-question-paper archive,2024 source date <= PYQ year,,,,,UNVERIFIED,,,NOT DISCLOSED BY UPSC,No primary-source attribution entered without proposition-level evidence from a dated source published no later than the PYQ year.,,Inventory + analytical metadata complete; primary-source verification pending,BLOCKED_UNTIL_SOURCE_QA
UPSC-2024-GS1-Q024,2024,24,Current Affairs,Current Affairs,International Organisations & Groupings,moderate,Multi-statement,2,False,True,False,40,4,a,True,False,,b803d86abd89eedd,UPSC official previous-question-paper archive,2024 source date <= PYQ year,,,,,UNVERIFIED,,,NOT DISCLOSED BY UPSC,No primary-source attribution entered without proposition-level evidence from a dated source published no later than the PYQ year.,,Inventory + analytical metadata complete; primary-source verification pending,BLOCKED_UNTIL_SOURCE_QA
UPSC-2024-GS1-Q025,2024,25,Environment & Ecology,Environment & Ecology,Ecosystems & Ecology Concepts,moderate,Multi-statement,2,False,False,False,17,4,a,True,False,SOURCE_BLANKED_FIELDS,758bc67cdc292a2b,UPSC official previous-question-paper archive,2024 source date <= PYQ year,,,,,UNVERIFIED,,,NOT DISCLOSED BY UPSC,No primary-source attribution entered without proposition-level evidence from a dated source published no later than the PYQ year.,,Inventory + analytical metadata complete; primary-source verification pending,BLOCKED_UNTIL_SOURCE_QA
UPSC-2024-GS1-Q026,2024,26,Current Affairs,Current Affairs,International Relations & Treaties,moderate,Single-answer,0,False,True,False,14,4,a,True,False,,357887a389b5cb67,UPSC official previous-question-paper archive,2024 source date <= PYQ year,,,,,UNVERIFIED,,,NOT DISCLOSED BY UPSC,No primary-source attribution entered without proposition-level evidence from a dated source published no later than the PYQ year.,,Inventory + analytical metadata complete; primary-source verification pending,BLOCKED_UNTIL_SOURCE_QA
UPSC-2024-GS1-Q027,2024,27,Science & Technology,Science & Technology,Energy & Environment,moderate,How-many/Count,2,False,False,False,19,4,d,True,False,SOURCE_BLANKED_FIELDS,12c1c1b3fbf61728,UPSC official previous-question-paper archive,2024 source date <= PYQ year,,,,,UNVERIFIED,,,NOT DISCLOSED BY UPSC,No primary-source attribution entered without proposition-level evidence from a dated source published no later than the PYQ year.,,Inventory + analytical metadata complete; primary-source verification pending,BLOCKED_UNTIL_SOURCE_QA
UPSC-2024-GS1-Q028,2024,28,Environment & Ecology,Environment & Ecology,Ecosystems & Ecology Concepts,difficult,Single-answer,0,False,False,False,29,4,a,True,False,,e29fbe46a3afee9e,UPSC official previous-question-paper archive,2024 source date <= PYQ year,,,,,UNVERIFIED,,,NOT DISCLOSED BY UPSC,No primary-source attribution entered without proposition-level evidence from a dated source published no later than the PYQ year.,,Inventory + analytical metadata complete; primary-source verification pending,BLOCKED_UNTIL_SOURCE_QA
UPSC-2024-GS1-Q029,2024,29,Environment & Ecology,Environment & Ecology,Ecosystems & Ecology Concepts,easy,How-many/Count,2,False,False,False,18,4,c,True,False,SOURCE_BLANKED_FIELDS,65c766eae2bba88a,UPSC official previous-question-paper archive,2024 source date <= PYQ year,,,,,UNVERIFIED,,,NOT DISCLOSED BY UPSC,No primary-source attribution entered without proposition-level evidence from a dated source published no later than the PYQ year.,,Inventory + analytical metadata complete; primary-source verification pending,BLOCKED_UNTIL_SOURCE_QA
UPSC-2024-GS1-Q030,2024,30,Environment & Ecology,Environment & Ecology,Biodiversity & Conservation,moderate,How-many/Count,2,False,False,False,19,4,a,True,False,SOURCE_BLANKED_FIELDS,d984c14d0ad486bc,UPSC official previous-question-paper archive,2024 source date <= PYQ year,,,,,UNVERIFIED,,,NOT DISCLOSED BY UPSC,No primary-source attribution entered without proposition-level evidence from a dated source published no later than the PYQ year.,,Inventory + analytical metadata complete; primary-source verification pending,BLOCKED_UNTIL_SOURCE_QA
UPSC-2024-GS1-Q031,2024,31,Science & Technology,Science & Technology,Energy & Environment,moderate,Multi-statement,2,False,False,False,24,4,b,True,False,SOURCE_BLANKED_FIELDS,72a6c7881ec58fb9,UPSC official previous-question-paper archive,2024 source date <= PYQ year,,,,,UNVERIFIED,,,NOT DISCLOSED BY UPSC,No primary-source attribution entered without proposition-level evidence from a dated source published no later than the PYQ year.,,Inventory + analytical metadata complete; primary-source verification pending,BLOCKED_UNTIL_SOURCE_QA
UPSC-2024-GS1-Q032,2024,32,Science & Technology,Science & Technology,Space Technology & Astronomy,moderate,Assertion/Relationship,0,False,False,False,44,4,d,True,False,,0af4a7bf596eddfb,UPSC official previous-question-paper archive,2024 source date <= PYQ year,,,,,UNVERIFIED,,,NOT DISCLOSED BY UPSC,No primary-source attribution entered without proposition-level evidence from a dated source published no later than the PYQ year.,,Inventory + analytical metadata complete; primary-source verification pending,BLOCKED_UNTIL_SOURCE_QA
UPSC-2024-GS1-Q033,2024,33,Science & Technology,Science & Technology,Biology,easy,Single-answer,0,False,False,False,19,4,a,True,False,,49111fb4ea8e1e72,UPSC official previous-question-paper archive,2024 source date <= PYQ year,,,,,UNVERIFIED,,,NOT DISCLOSED BY UPSC,No primary-source attribution entered without proposition-level evidence from a dated source published no later than the PYQ year.,,Inventory + analytical metadata complete; primary-source verification pending,BLOCKED_UNTIL_SOURCE_QA
UPSC-2024-GS1-Q034,2024,34,Science & Technology,Science & Technology,Defence Technology,moderate,How-many/Count,2,False,False,False,21,4,b,True,False,SOURCE_BLANKED_FIELDS,81d5d0e0898250c8,UPSC official previous-question-paper archive,2024 source date <= PYQ year,,,,,UNVERIFIED,,,NOT DISCLOSED BY UPSC,No primary-source attribution entered without proposition-level evidence from a dated source published no later than the PYQ year.,,Inventory + analytical metadata complete; primary-source verification pending,BLOCKED_UNTIL_SOURCE_QA
UPSC-2024-GS1-Q035,2024,35,Science & Technology,Science & Technology,Defence Technology,moderate,How-many/Count,2,False,False,False,20,4,d,True,False,SOURCE_BLANKED_FIELDS,1fd779849520aef9,UPSC official previous-question-paper archive,2024 source date <= PYQ year,,,,,UNVERIFIED,,,NOT DISCLOSED BY UPSC,No primary-source attribution entered without proposition-level evidence from a dated source published no later than the PYQ year.,,Inventory + analytical metadata complete; primary-source verification pending,BLOCKED_UNTIL_SOURCE_QA
UPSC-2024-GS1-Q036,2024,36,Science and Technology,Science & Technology,Chemistry,moderate,Multi-statement,2,False,False,False,22,4,a,True,False,SOURCE_BLANKED_FIELDS,a2125b88545ad3e8,UPSC official previous-question-paper archive,2024 source date <= PYQ year,,,,,UNVERIFIED,,,NOT DISCLOSED BY UPSC,No primary-source attribution entered without proposition-level evidence from a dated source published no later than the PYQ year.,,Inventory + analytical metadata complete; primary-source verification pending,BLOCKED_UNTIL_SOURCE_QA
UPSC-2024-GS1-Q037,2024,37,Science and Technology,Science & Technology,Energy,easy,Single-answer,0,False,False,False,19,4,d,True,False,,6247d42647535a05,UPSC official previous-question-paper archive,2024 source date <= PYQ year,,,,,UNVERIFIED,,,NOT DISCLOSED BY UPSC,No primary-source attribution entered without proposition-level evidence from a dated source published no later than the PYQ year.,,Inventory + analytical metadata complete; primary-source verification pending,BLOCKED_UNTIL_SOURCE_QA
UPSC-2024-GS1-Q038,2024,38,Science and Technology,Science & Technology,Energy,moderate,Single-answer,0,False,False,True,20,4,c,True,False,,bd80c516ce9fec8d,UPSC official previous-question-paper archive,2024 source date <= PYQ year,,,,,UNVERIFIED,,,NOT DISCLOSED BY UPSC,No primary-source attribution entered without proposition-level evidence from a dated source published no later than the PYQ year.,,Inventory + analytical metadata complete; primary-source verification pending,BLOCKED_UNTIL_SOURCE_QA
UPSC-2024-GS1-Q039,2024,39,Science and Technology,Science & Technology,Biotechnology,difficult,Single-answer,0,False,False,False,10,4,d,True,False,,b70e4e9e89e8f4eb,UPSC official previous-question-paper archive,2024 source date <= PYQ year,,,,,UNVERIFIED,,,NOT DISCLOSED BY UPSC,No primary-source attribution entered without proposition-level evidence from a dated source published no later than the PYQ year.,,Inventory + analytical metadata complete; primary-source verification pending,BLOCKED_UNTIL_SOURCE_QA
UPSC-2024-GS1-Q040,2024,40,Economy,Economy,Financial Markets,moderate,Single-answer,0,False,False,False,16,4,c,True,False,,2c1ec611f31566b9,UPSC official previous-question-paper archive,2024 source date <= PYQ year,,,,,UNVERIFIED,,,NOT DISCLOSED BY UPSC,No primary-source attribution entered without proposition-level evidence from a dated source published no later than the PYQ year.,,Inventory + analytical metadata complete; primary-source verification pending,BLOCKED_UNTIL_SOURCE_QA
UPSC-2024-GS1-Q041,2024,41,Economy,Economy,Demographics,easy,Single-answer,0,False,False,False,11,4,d,True,False,,2f903478a4e97826,UPSC official previous-question-paper archive,2024 source date <= PYQ year,,,,,UNVERIFIED,,,NOT DISCLOSED BY UPSC,No primary-source attribution entered without proposition-level evidence from a dated source published no later than the PYQ year.,,Inventory + analytical metadata complete; primary-source verification pending,BLOCKED_UNTIL_SOURCE_QA
UPSC-2024-GS1-Q042,2024,42,Economy,Economy,Banking and Finance,difficult,Multi-statement,2,False,False,False,24,4,c,True,False,,2b11cea490132425,UPSC official previous-question-paper archive,2024 source date <= PYQ year,,,,,UNVERIFIED,,,NOT DISCLOSED BY UPSC,No primary-source attribution entered without proposition-level evidence from a dated source published no later than the PYQ year.,,Inventory + analytical metadata complete; primary-source verification pending,BLOCKED_UNTIL_SOURCE_QA
UPSC-2024-GS1-Q043,2024,43,Indian Economy,Economy,Financial Markets & Capital Markets,easy,Multi-statement,3,False,False,False,34,4,d,True,False,,59d1ec535a4dd2c8,UPSC official previous-question-paper archive,2024 source date <= PYQ year,,,,,UNVERIFIED,,,NOT DISCLOSED BY UPSC,No primary-source attribution entered without proposition-level evidence from a dated source published no later than the PYQ year.,,Inventory + analytical metadata complete; primary-source verification pending,BLOCKED_UNTIL_SOURCE_QA
UPSC-2024-GS1-Q044,2024,44,Indian Economy,Economy,Financial Markets & Capital Markets,easy,Multi-statement,3,False,False,False,23,4,d,True,False,,aa5f22a13117ea89,UPSC official previous-question-paper archive,2024 source date <= PYQ year,,,,,UNVERIFIED,,,NOT DISCLOSED BY UPSC,No primary-source attribution entered without proposition-level evidence from a dated source published no later than the PYQ year.,,Inventory + analytical metadata complete; primary-source verification pending,BLOCKED_UNTIL_SOURCE_QA
UPSC-2024-GS1-Q045,2024,45,Economy,Economy,Indian Economy,moderate,How-many/Count,4,False,False,False,51,4,b,True,False,,3188ef0c3e202228,UPSC official previous-question-paper archive,2024 source date <= PYQ year,,,,,UNVERIFIED,,,NOT DISCLOSED BY UPSC,No primary-source attribution entered without proposition-level evidence from a dated source published no later than the PYQ year.,,Inventory + analytical metadata complete; primary-source verification pending,BLOCKED_UNTIL_SOURCE_QA
UPSC-2024-GS1-Q046,2024,46,Science & Technology,Science & Technology,Energy & Environment,moderate,Multi-statement,4,False,False,False,34,4,c,True,False,,ff64d4727217fa9e,UPSC official previous-question-paper archive,2024 source date <= PYQ year,,,,,UNVERIFIED,,,NOT DISCLOSED BY UPSC,No primary-source attribution entered without proposition-level evidence from a dated source published no later than the PYQ year.,,Inventory + analytical metadata complete; primary-source verification pending,BLOCKED_UNTIL_SOURCE_QA
UPSC-2024-GS1-Q047,2024,47,Economy,Economy,Indian Economy,moderate,How-many/Count,4,False,False,False,51,4,b,True,False,,3c8fba08103ecddd,UPSC official previous-question-paper archive,2024 source date <= PYQ year,,,,,UNVERIFIED,,,NOT DISCLOSED BY UPSC,No primary-source attribution entered without proposition-level evidence from a dated source published no later than the PYQ year.,,Inventory + analytical metadata complete; primary-source verification pending,BLOCKED_UNTIL_SOURCE_QA
UPSC-2024-GS1-Q048,2024,48,Science & Technology,Science & Technology,Computer & Information Technology,easy,Single-answer,0,False,False,False,37,4,c,True,False,,0b6691e040785b25,UPSC official previous-question-paper archive,2024 source date <= PYQ year,,,,,UNVERIFIED,,,NOT DISCLOSED BY UPSC,No primary-source attribution entered without proposition-level evidence from a dated source published no later than the PYQ year.,,Inventory + analytical metadata complete; primary-source verification pending,BLOCKED_UNTIL_SOURCE_QA
UPSC-2024-GS1-Q049,2024,49,Economy,Economy,Banking and Finance,difficult,Multi-statement,2,True,False,False,63,4,d,True,False,,43c25f233dacc811,UPSC official previous-question-paper archive,2024 source date <= PYQ year,,,,,UNVERIFIED,,,NOT DISCLOSED BY UPSC,No primary-source attribution entered without proposition-level evidence from a dated source published no later than the PYQ year.,,Inventory + analytical metadata complete; primary-source verification pending,BLOCKED_UNTIL_SOURCE_QA
UPSC-2024-GS1-Q050,2024,50,Indian Economy,Economy,Infrastructure & Industry,moderate,Multi-statement,2,True,False,False,56,4,a,True,False,,d80f3b0a19c362ab,UPSC official previous-question-paper archive,2024 source date <= PYQ year,,,,,UNVERIFIED,,,NOT DISCLOSED BY UPSC,No primary-source attribution entered without proposition-level evidence from a dated source published no later than the PYQ year.,,Inventory + analytical metadata complete; primary-source verification pending,BLOCKED_UNTIL_SOURCE_QA
UPSC-2024-GS1-Q051,2024,51,Indian Economy,Economy,International Institutions & Reports,moderate,Assertion/Relationship,0,True,False,False,71,4,a,True,False,,0c243432867d182e,UPSC official previous-question-paper archive,2024 source date <= PYQ year,,,,,UNVERIFIED,,,NOT DISCLOSED BY UPSC,No primary-source attribution entered without proposition-level evidence from a dated source published no later than the PYQ year.,,Inventory + analytical metadata complete; primary-source verification pending,BLOCKED_UNTIL_SOURCE_QA
UPSC-2024-GS1-Q052,2024,52,Indian Economy,Economy,Banking & Financial Sector,moderate,Assertion/Relationship,0,False,False,False,51,4,c,True,True,CANCELLED,147d6ce01316a7ba,UPSC official previous-question-paper archive,2024 source date <= PYQ year,,,,,UNVERIFIED,,,NOT DISCLOSED BY UPSC,No primary-source attribution entered without proposition-level evidence from a dated source published no later than the PYQ year.,,Inventory + analytical metadata complete; primary-source verification pending,BLOCKED_UNTIL_SOURCE_QA
UPSC-2024-GS1-Q053,2024,53,Indian Economy,Economy,Digital Payments & Financial Inclusion,moderate,Multi-statement,4,False,False,False,72,4,d,True,False,,a0cfc3129d20b4f4,UPSC official previous-question-paper archive,2024 source date <= PYQ year,,,,,UNVERIFIED,,,NOT DISCLOSED BY UPSC,No primary-source attribution entered without proposition-level evidence from a dated source published no later than the PYQ year.,,Inventory + analytical metadata complete; primary-source verification pending,BLOCKED_UNTIL_SOURCE_QA
UPSC-2024-GS1-Q054,2024,54,Art & Culture,Art & Culture,Philosophy & Religion,easy,Multi-statement,3,False,False,False,33,4,b,True,False,,201f9ab9d8baf9c6,UPSC official previous-question-paper archive,2024 source date <= PYQ year,,,,,UNVERIFIED,,,NOT DISCLOSED BY UPSC,No primary-source attribution entered without proposition-level evidence from a dated source published no later than the PYQ year.,,Inventory + analytical metadata complete; primary-source verification pending,BLOCKED_UNTIL_SOURCE_QA
UPSC-2024-GS1-Q055,2024,55,Ancient History,History,Ancient India,moderate,Multi-statement,4,False,False,False,55,4,b,True,False,,50df0e4c5824a48d,UPSC official previous-question-paper archive,2024 source date <= PYQ year,,,,,UNVERIFIED,,,NOT DISCLOSED BY UPSC,No primary-source attribution entered without proposition-level evidence from a dated source published no later than the PYQ year.,,Inventory + analytical metadata complete; primary-source verification pending,BLOCKED_UNTIL_SOURCE_QA
UPSC-2024-GS1-Q056,2024,56,Medieval History,History,Medieval India,moderate,Single-answer,0,False,False,False,20,4,a,True,False,,dfed7f5f0787ad0c,UPSC official previous-question-paper archive,2024 source date <= PYQ year,,,,,UNVERIFIED,,,NOT DISCLOSED BY UPSC,No primary-source attribution entered without proposition-level evidence from a dated source published no later than the PYQ year.,,Inventory + analytical metadata complete; primary-source verification pending,BLOCKED_UNTIL_SOURCE_QA
UPSC-2024-GS1-Q057,2024,57,Modern History,History,Modern India,moderate,Multi-statement,2,False,False,False,75,4,c,True,True,CANCELLED,6ce97b0527696aeb,UPSC official previous-question-paper archive,2024 source date <= PYQ year,,,,,UNVERIFIED,,,NOT DISCLOSED BY UPSC,No primary-source attribution entered without proposition-level evidence from a dated source published no later than the PYQ year.,,Inventory + analytical metadata complete; primary-source verification pending,BLOCKED_UNTIL_SOURCE_QA
UPSC-2024-GS1-Q058,2024,58,Art & Culture,Art & Culture,Philosophy & Religion,easy,Multi-statement,2,False,False,False,29,4,b,True,False,,f941a73c82e192a3,UPSC official previous-question-paper archive,2024 source date <= PYQ year,,,,,UNVERIFIED,,,NOT DISCLOSED BY UPSC,No primary-source attribution entered without proposition-level evidence from a dated source published no later than the PYQ year.,,Inventory + analytical metadata complete; primary-source verification pending,BLOCKED_UNTIL_SOURCE_QA
UPSC-2024-GS1-Q059,2024,59,Indian Economy,Economy,International Trade & WTO,easy,Multi-statement,1,False,False,False,19,4,a,True,False,,7a01f88e26137fb6,UPSC official previous-question-paper archive,2024 source date <= PYQ year,,,,,UNVERIFIED,,,NOT DISCLOSED BY UPSC,No primary-source attribution entered without proposition-level evidence from a dated source published no later than the PYQ year.,,Inventory + analytical metadata complete; primary-source verification pending,BLOCKED_UNTIL_SOURCE_QA
UPSC-2024-GS1-Q060,2024,60,Art & Culture,Art & Culture,Cultural Institutions & Awards,moderate,Single-answer,0,False,False,False,18,4,c,True,False,,e0accc4911f18c3e,UPSC official previous-question-paper archive,2024 source date <= PYQ year,,,,,UNVERIFIED,,,NOT DISCLOSED BY UPSC,No primary-source attribution entered without proposition-level evidence from a dated source published no later than the PYQ year.,,Inventory + analytical metadata complete; primary-source verification pending,BLOCKED_UNTIL_SOURCE_QA
UPSC-2024-GS1-Q061,2024,61,Indian Polity,Polity & Governance,Constitutional Framework & Development,easy,Single-answer,0,False,False,False,16,4,d,True,False,,cd8d4bcd1b77f2cf,UPSC official previous-question-paper archive,2024 source date <= PYQ year,,,,,UNVERIFIED,,,NOT DISCLOSED BY UPSC,No primary-source attribution entered without proposition-level evidence from a dated source published no later than the PYQ year.,,Inventory + analytical metadata complete; primary-source verification pending,BLOCKED_UNTIL_SOURCE_QA
UPSC-2024-GS1-Q062,2024,62,Indian Polity,Polity & Governance,Constitutional Framework & Development,moderate,Multi-statement,2,False,False,False,30,4,a,True,False,,91dc46d54da6f1de,UPSC official previous-question-paper archive,2024 source date <= PYQ year,,,,,UNVERIFIED,,,NOT DISCLOSED BY UPSC,No primary-source attribution entered without proposition-level evidence from a dated source published no later than the PYQ year.,,Inventory + analytical metadata complete; primary-source verification pending,BLOCKED_UNTIL_SOURCE_QA
UPSC-2024-GS1-Q063,2024,63,Art & Culture,Art & Culture,Literature & Languages,easy,Single-answer,0,False,False,False,13,4,c,True,False,,2f45a77b6de16593,UPSC official previous-question-paper archive,2024 source date <= PYQ year,,,,,UNVERIFIED,,,NOT DISCLOSED BY UPSC,No primary-source attribution entered without proposition-level evidence from a dated source published no later than the PYQ year.,,Inventory + analytical metadata complete; primary-source verification pending,BLOCKED_UNTIL_SOURCE_QA
UPSC-2024-GS1-Q064,2024,64,Art & Culture,Art & Culture,Philosophy & Religion,difficult,Single-answer,0,False,False,False,25,4,c,True,False,,ff432dbb3deb7c1c,UPSC official previous-question-paper archive,2024 source date <= PYQ year,,,,,UNVERIFIED,,,NOT DISCLOSED BY UPSC,No primary-source attribution entered without proposition-level evidence from a dated source published no later than the PYQ year.,,Inventory + analytical metadata complete; primary-source verification pending,BLOCKED_UNTIL_SOURCE_QA
UPSC-2024-GS1-Q065,2024,65,Art & Culture,Art & Culture,Architecture & World Heritage,moderate,How-many/Count,2,False,False,False,29,4,b,True,False,SOURCE_BLANKED_FIELDS,7c25cf31fd7c3dee,UPSC official previous-question-paper archive,2024 source date <= PYQ year,,,,,UNVERIFIED,,,NOT DISCLOSED BY UPSC,No primary-source attribution entered without proposition-level evidence from a dated source published no later than the PYQ year.,,Inventory + analytical metadata complete; primary-source verification pending,BLOCKED_UNTIL_SOURCE_QA
UPSC-2024-GS1-Q066,2024,66,Indian Polity,Polity & Governance,Constitutional Framework & Development,easy,Single-answer,2,False,False,False,35,4,d,True,False,SOURCE_BLANKED_FIELDS,305594fd62b4f43e,UPSC official previous-question-paper archive,2024 source date <= PYQ year,,,,,UNVERIFIED,,,NOT DISCLOSED BY UPSC,No primary-source attribution entered without proposition-level evidence from a dated source published no later than the PYQ year.,,Inventory + analytical metadata complete; primary-source verification pending,BLOCKED_UNTIL_SOURCE_QA
UPSC-2024-GS1-Q067,2024,67,Geography,Geography,World Demographics,moderate,Multi-statement,3,False,False,False,33,4,a,True,False,SOURCE_BLANKED_FIELDS,cf649ccf09ec35bc,UPSC official previous-question-paper archive,2024 source date <= PYQ year,,,,,UNVERIFIED,,,NOT DISCLOSED BY UPSC,No primary-source attribution entered without proposition-level evidence from a dated source published no later than the PYQ year.,,Inventory + analytical metadata complete; primary-source verification pending,BLOCKED_UNTIL_SOURCE_QA
UPSC-2024-GS1-Q068,2024,68,Polity,Polity & Governance,Parliamentary Procedures,moderate,Multi-statement,2,False,False,False,31,4,c,True,False,SOURCE_BLANKED_FIELDS,770179e4e02066fe,UPSC official previous-question-paper archive,2024 source date <= PYQ year,,,,,UNVERIFIED,,,NOT DISCLOSED BY UPSC,No primary-source attribution entered without proposition-level evidence from a dated source published no later than the PYQ year.,,Inventory + analytical metadata complete; primary-source verification pending,BLOCKED_UNTIL_SOURCE_QA
UPSC-2024-GS1-Q069,2024,69,Science & Technology,Science & Technology,Defence Technology,moderate,Multi-statement,2,False,False,False,35,4,d,True,False,SOURCE_BLANKED_FIELDS,c952c7edd675c227,UPSC official previous-question-paper archive,2024 source date <= PYQ year,,,,,UNVERIFIED,,,NOT DISCLOSED BY UPSC,No primary-source attribution entered without proposition-level evidence from a dated source published no later than the PYQ year.,,Inventory + analytical metadata complete; primary-source verification pending,BLOCKED_UNTIL_SOURCE_QA
UPSC-2024-GS1-Q070,2024,70,Indian Polity,Polity & Governance,Constitutional & Statutory Bodies,moderate,Multi-statement,2,False,False,False,46,4,a,True,False,SOURCE_BLANKED_FIELDS,cee895a3127f7504,UPSC official previous-question-paper archive,2024 source date <= PYQ year,,,,,UNVERIFIED,,,NOT DISCLOSED BY UPSC,No primary-source attribution entered without proposition-level evidence from a dated source published no later than the PYQ year.,,Inventory + analytical metadata complete; primary-source verification pending,BLOCKED_UNTIL_SOURCE_QA
UPSC-2024-GS1-Q071,2024,71,Indian Polity,Polity & Governance,Elections & Electoral Reforms,easy,How-many/Count,0,False,False,False,16,4,d,True,False,,1893faf38d085365,UPSC official previous-question-paper archive,2024 source date <= PYQ year,,,,,UNVERIFIED,,,NOT DISCLOSED BY UPSC,No primary-source attribution entered without proposition-level evidence from a dated source published no later than the PYQ year.,,Inventory + analytical metadata complete; primary-source verification pending,BLOCKED_UNTIL_SOURCE_QA
UPSC-2024-GS1-Q072,2024,72,Indian Polity,Polity & Governance,Constitutional Framework & Development,easy,Multi-statement,2,False,False,False,35,4,a,True,False,SOURCE_BLANKED_FIELDS,9143f442d5732669,UPSC official previous-question-paper archive,2024 source date <= PYQ year,,,,,UNVERIFIED,,,NOT DISCLOSED BY UPSC,No primary-source attribution entered without proposition-level evidence from a dated source published no later than the PYQ year.,,Inventory + analytical metadata complete; primary-source verification pending,BLOCKED_UNTIL_SOURCE_QA
UPSC-2024-GS1-Q073,2024,73,Modern History,History,Post-Independence India,moderate,How-many/Count,2,False,False,False,18,4,b,True,False,SOURCE_BLANKED_FIELDS,fec3ded79da045f8,UPSC official previous-question-paper archive,2024 source date <= PYQ year,,,,,UNVERIFIED,,,NOT DISCLOSED BY UPSC,No primary-source attribution entered without proposition-level evidence from a dated source published no later than the PYQ year.,,Inventory + analytical metadata complete; primary-source verification pending,BLOCKED_UNTIL_SOURCE_QA
UPSC-2024-GS1-Q074,2024,74,Polity,Polity & Governance,Constitutional Provisions,easy,Multi-statement,2,False,False,False,26,4,d,True,False,SOURCE_BLANKED_FIELDS,06217e80281e057f,UPSC official previous-question-paper archive,2024 source date <= PYQ year,,,,,UNVERIFIED,,,NOT DISCLOSED BY UPSC,No primary-source attribution entered without proposition-level evidence from a dated source published no later than the PYQ year.,,Inventory + analytical metadata complete; primary-source verification pending,BLOCKED_UNTIL_SOURCE_QA
UPSC-2024-GS1-Q075,2024,75,Indian Polity,Polity & Governance,Federalism & Centre–State Relations,moderate,Single-answer,0,False,False,False,15,4,c,True,False,,94b32e0370cf7024,UPSC official previous-question-paper archive,2024 source date <= PYQ year,,,,,UNVERIFIED,,,NOT DISCLOSED BY UPSC,No primary-source attribution entered without proposition-level evidence from a dated source published no later than the PYQ year.,,Inventory + analytical metadata complete; primary-source verification pending,BLOCKED_UNTIL_SOURCE_QA
UPSC-2024-GS1-Q076,2024,76,Indian Polity,Polity & Governance,Fundamental Rights,easy,Single-answer,0,False,False,False,23,4,d,True,False,,6ea07751af92c1a8,UPSC official previous-question-paper archive,2024 source date <= PYQ year,,,,,UNVERIFIED,,,NOT DISCLOSED BY UPSC,No primary-source attribution entered without proposition-level evidence from a dated source published no later than the PYQ year.,,Inventory + analytical metadata complete; primary-source verification pending,BLOCKED_UNTIL_SOURCE_QA
UPSC-2024-GS1-Q077,2024,77,Polity,Polity & Governance,Defence,moderate,Single-answer,2,False,False,False,33,4,d,True,False,SOURCE_BLANKED_FIELDS,6900d2a5fdb33855,UPSC official previous-question-paper archive,2024 source date <= PYQ year,,,,,UNVERIFIED,,,NOT DISCLOSED BY UPSC,No primary-source attribution entered without proposition-level evidence from a dated source published no later than the PYQ year.,,Inventory + analytical metadata complete; primary-source verification pending,BLOCKED_UNTIL_SOURCE_QA
UPSC-2024-GS1-Q078,2024,78,Polity,Polity & Governance,Defence,easy,Single-answer,0,False,False,False,24,4,c,True,False,,1b733ceb963c16ce,UPSC official previous-question-paper archive,2024 source date <= PYQ year,,,,,UNVERIFIED,,,NOT DISCLOSED BY UPSC,No primary-source attribution entered without proposition-level evidence from a dated source published no later than the PYQ year.,,Inventory + analytical metadata complete; primary-source verification pending,BLOCKED_UNTIL_SOURCE_QA
UPSC-2024-GS1-Q079,2024,79,Geography,Geography,World Political Geography & Borders,easy,Single-answer,0,False,False,False,13,4,a,True,False,,660c798e0180ff9a,UPSC official previous-question-paper archive,2024 source date <= PYQ year,,,,,UNVERIFIED,,,NOT DISCLOSED BY UPSC,No primary-source attribution entered without proposition-level evidence from a dated source published no later than the PYQ year.,,Inventory + analytical metadata complete; primary-source verification pending,BLOCKED_UNTIL_SOURCE_QA
UPSC-2024-GS1-Q080,2024,80,Indian Polity,Polity & Governance,Parliament & State Legislatures,moderate,Multi-statement,3,False,False,False,66,4,c,True,False,,71e69c2261d0f42d,UPSC official previous-question-paper archive,2024 source date <= PYQ year,,,,,UNVERIFIED,,,NOT DISCLOSED BY UPSC,No primary-source attribution entered without proposition-level evidence from a dated source published no later than the PYQ year.,,Inventory + analytical metadata complete; primary-source verification pending,BLOCKED_UNTIL_SOURCE_QA
UPSC-2024-GS1-Q081,2024,81,Indian Polity,Polity & Governance,Social Justice & Vulnerable Sections,moderate,Multi-statement,3,False,False,False,64,4,c,True,False,,30921959d64b0237,UPSC official previous-question-paper archive,2024 source date <= PYQ year,,,,,UNVERIFIED,,,NOT DISCLOSED BY UPSC,No primary-source attribution entered without proposition-level evidence from a dated source published no later than the PYQ year.,,Inventory + analytical metadata complete; primary-source verification pending,BLOCKED_UNTIL_SOURCE_QA
UPSC-2024-GS1-Q082,2024,82,Current Affairs,Current Affairs,International Conflicts & Security,moderate,Multi-statement,4,False,True,False,60,4,d,True,False,,1e2c5da3ae60e44d,UPSC official previous-question-paper archive,2024 source date <= PYQ year,,,,,UNVERIFIED,,,NOT DISCLOSED BY UPSC,No primary-source attribution entered without proposition-level evidence from a dated source published no later than the PYQ year.,,Inventory + analytical metadata complete; primary-source verification pending,BLOCKED_UNTIL_SOURCE_QA
UPSC-2024-GS1-Q083,2024,83,Indian Polity,Polity & Governance,Judiciary,easy,Single-answer,0,False,False,False,17,4,c,True,False,,28251c4b1b4cdfa9,UPSC official previous-question-paper archive,2024 source date <= PYQ year,,,,,UNVERIFIED,,,NOT DISCLOSED BY UPSC,No primary-source attribution entered without proposition-level evidence from a dated source published no later than the PYQ year.,,Inventory + analytical metadata complete; primary-source verification pending,BLOCKED_UNTIL_SOURCE_QA
UPSC-2024-GS1-Q084,2024,84,Indian Polity,Polity & Governance,Social Justice & Vulnerable Sections,easy,Multi-statement,2,True,False,False,53,4,b,True,False,,2a88359c07b393ce,UPSC official previous-question-paper archive,2024 source date <= PYQ year,,,,,UNVERIFIED,,,NOT DISCLOSED BY UPSC,No primary-source attribution entered without proposition-level evidence from a dated source published no later than the PYQ year.,,Inventory + analytical metadata complete; primary-source verification pending,BLOCKED_UNTIL_SOURCE_QA
UPSC-2024-GS1-Q085,2024,85,Indian Polity,Polity & Governance,Public Finance & Finance Commission,moderate,Multi-statement,2,True,False,False,63,4,c,True,False,,796e5cd19ef542da,UPSC official previous-question-paper archive,2024 source date <= PYQ year,,,,,UNVERIFIED,,,NOT DISCLOSED BY UPSC,No primary-source attribution entered without proposition-level evidence from a dated source published no later than the PYQ year.,,Inventory + analytical metadata complete; primary-source verification pending,BLOCKED_UNTIL_SOURCE_QA
UPSC-2024-GS1-Q086,2024,86,Current Affairs,Current Affairs,Books & Authors,easy,Single-answer,0,False,True,False,18,4,d,True,False,,d4ba6f4ad22c14b8,UPSC official previous-question-paper archive,2024 source date <= PYQ year,,,,,UNVERIFIED,,,NOT DISCLOSED BY UPSC,No primary-source attribution entered without proposition-level evidence from a dated source published no later than the PYQ year.,,Inventory + analytical metadata complete; primary-source verification pending,BLOCKED_UNTIL_SOURCE_QA
UPSC-2024-GS1-Q087,2024,87,International Relations,International Relations,Current Affairs,moderate,How-many/Count,3,False,False,True,50,4,b,True,False,,f126686c8d7be678,UPSC official previous-question-paper archive,2024 source date <= PYQ year,,,,,UNVERIFIED,,,NOT DISCLOSED BY UPSC,No primary-source attribution entered without proposition-level evidence from a dated source published no later than the PYQ year.,,Inventory + analytical metadata complete; primary-source verification pending,BLOCKED_UNTIL_SOURCE_QA
UPSC-2024-GS1-Q088,2024,88,Geography,Geography,Transport & Infrastructure Geography,moderate,Assertion/Relationship,0,False,False,False,49,4,a,True,False,,885cb550822c78a0,UPSC official previous-question-paper archive,2024 source date <= PYQ year,,,,,UNVERIFIED,,,NOT DISCLOSED BY UPSC,No primary-source attribution entered without proposition-level evidence from a dated source published no later than the PYQ year.,,Inventory + analytical metadata complete; primary-source verification pending,BLOCKED_UNTIL_SOURCE_QA
UPSC-2024-GS1-Q089,2024,89,Geography,Geography,Oceanography,easy,Multi-statement,2,False,False,False,34,4,c,True,False,,b3cc478248b465dd,UPSC official previous-question-paper archive,2024 source date <= PYQ year,,,,,UNVERIFIED,,,NOT DISCLOSED BY UPSC,No primary-source attribution entered without proposition-level evidence from a dated source published no later than the PYQ year.,,Inventory + analytical metadata complete; primary-source verification pending,BLOCKED_UNTIL_SOURCE_QA
UPSC-2024-GS1-Q090,2024,90,Environment & Ecology,Environment & Ecology,Pollution & Waste Management,easy,Single-answer,0,False,False,False,21,4,d,True,False,,a4752f8d88fae97e,UPSC official previous-question-paper archive,2024 source date <= PYQ year,,,,,UNVERIFIED,,,NOT DISCLOSED BY UPSC,No primary-source attribution entered without proposition-level evidence from a dated source published no later than the PYQ year.,,Inventory + analytical metadata complete; primary-source verification pending,BLOCKED_UNTIL_SOURCE_QA
UPSC-2024-GS1-Q091,2024,91,Current Affairs,Current Affairs,International Conflicts & Security,moderate,Assertion/Relationship,0,False,True,True,51,4,a,True,False,,8693163265bc60b7,UPSC official previous-question-paper archive,2024 source date <= PYQ year,,,,,UNVERIFIED,,,NOT DISCLOSED BY UPSC,No primary-source attribution entered without proposition-level evidence from a dated source published no later than the PYQ year.,,Inventory + analytical metadata complete; primary-source verification pending,BLOCKED_UNTIL_SOURCE_QA
UPSC-2024-GS1-Q092,2024,92,Current Affairs,Current Affairs,International Relations & Treaties,moderate,Assertion/Relationship,0,True,True,False,52,4,d,True,False,,88f78b29d4237434,UPSC official previous-question-paper archive,2024 source date <= PYQ year,,,,,UNVERIFIED,,,NOT DISCLOSED BY UPSC,No primary-source attribution entered without proposition-level evidence from a dated source published no later than the PYQ year.,,Inventory + analytical metadata complete; primary-source verification pending,BLOCKED_UNTIL_SOURCE_QA
UPSC-2024-GS1-Q093,2024,93,Indian Polity,Polity & Governance,Parliament & State Legislatures,moderate,Multi-statement,3,True,False,False,68,4,a,True,False,,f3172b6f68f05794,UPSC official previous-question-paper archive,2024 source date <= PYQ year,,,,,UNVERIFIED,,,NOT DISCLOSED BY UPSC,No primary-source attribution entered without proposition-level evidence from a dated source published no later than the PYQ year.,,Inventory + analytical metadata complete; primary-source verification pending,BLOCKED_UNTIL_SOURCE_QA
UPSC-2024-GS1-Q094,2024,94,Indian Polity,Polity & Governance,Parliament & State Legislatures,moderate,Multi-statement,3,False,False,False,84,4,b,True,False,,3b19a4b0ada31b4f,UPSC official previous-question-paper archive,2024 source date <= PYQ year,,,,,UNVERIFIED,,,NOT DISCLOSED BY UPSC,No primary-source attribution entered without proposition-level evidence from a dated source published no later than the PYQ year.,,Inventory + analytical metadata complete; primary-source verification pending,BLOCKED_UNTIL_SOURCE_QA
UPSC-2024-GS1-Q095,2024,95,Indian Polity,Polity & Governance,Parliament & State Legislatures,moderate,Multi-statement,3,True,False,False,101,4,c,True,False,,3aa51ca75878a8f9,UPSC official previous-question-paper archive,2024 source date <= PYQ year,,,,,UNVERIFIED,,,NOT DISCLOSED BY UPSC,No primary-source attribution entered without proposition-level evidence from a dated source published no later than the PYQ year.,,Inventory + analytical metadata complete; primary-source verification pending,BLOCKED_UNTIL_SOURCE_QA
UPSC-2024-GS1-Q096,2024,96,Environment & Ecology,Environment & Ecology,International Environmental Treaties & Summits,moderate,Assertion/Relationship,0,False,False,True,56,4,c,True,False,,eed8d6af511d1de0,UPSC official previous-question-paper archive,2024 source date <= PYQ year,,,,,UNVERIFIED,,,NOT DISCLOSED BY UPSC,No primary-source attribution entered without proposition-level evidence from a dated source published no later than the PYQ year.,,Inventory + analytical metadata complete; primary-source verification pending,BLOCKED_UNTIL_SOURCE_QA
UPSC-2024-GS1-Q097,2024,97,Current Affairs,Current Affairs,Business & Economy,easy,Assertion/Relationship,0,False,True,True,52,4,d,True,False,,ca91390f448c6cfa,UPSC official previous-question-paper archive,2024 source date <= PYQ year,,,,,UNVERIFIED,,,NOT DISCLOSED BY UPSC,No primary-source attribution entered without proposition-level evidence from a dated source published no later than the PYQ year.,,Inventory + analytical metadata complete; primary-source verification pending,BLOCKED_UNTIL_SOURCE_QA
UPSC-2024-GS1-Q098,2024,98,Indian Economy,Economy,Agriculture & Rural Development,moderate,Multi-statement,2,False,False,False,37,4,d,True,False,SOURCE_BLANKED_FIELDS,c765c6c395d23131,UPSC official previous-question-paper archive,2024 source date <= PYQ year,,,,,UNVERIFIED,,,NOT DISCLOSED BY UPSC,No primary-source attribution entered without proposition-level evidence from a dated source published no later than the PYQ year.,,Inventory + analytical metadata complete; primary-source verification pending,BLOCKED_UNTIL_SOURCE_QA
UPSC-2024-GS1-Q099,2024,99,Current Affairs,Current Affairs,Indian Government Schemes & Initiatives,easy,Multi-statement,2,False,True,False,50,4,b,True,False,,8efdcbcfcf63b587,UPSC official previous-question-paper archive,2024 source date <= PYQ year,,,,,UNVERIFIED,,,NOT DISCLOSED BY UPSC,No primary-source attribution entered without proposition-level evidence from a dated source published no later than the PYQ year.,,Inventory + analytical metadata complete; primary-source verification pending,BLOCKED_UNTIL_SOURCE_QA
UPSC-2024-GS1-Q100,2024,100,Indian Economy,Economy,"Human Development, Poverty & Employment Schemes",moderate,Multi-statement,3,False,False,False,35,4,b,True,False,SOURCE_BLANKED_FIELDS,ae3444f69c8e5db6,UPSC official previous-question-paper archive,2024 source date <= PYQ year,,,,,UNVERIFIED,,,NOT DISCLOSED BY UPSC,No primary-source attribution entered without proposition-level evidence from a dated source published no later than the PYQ year.,,Inventory + analytical metadata complete; primary-source verification pending,BLOCKED_UNTIL_SOURCE_QA
UPSC-2025-GS1-Q001,2025,1,Indian Economy,Economy,Financial Markets & Capital Markets,easy,How-many/Count,4,False,False,False,29,4,b,True,False,,3dd47fce86694b9e,UPSC official previous-question-paper archive,2025 source date <= PYQ year,,,,,UNVERIFIED,,,NOT DISCLOSED BY UPSC,No primary-source attribution entered without proposition-level evidence from a dated source published no later than the PYQ year.,,Inventory + analytical metadata complete; primary-source verification pending,BLOCKED_UNTIL_SOURCE_QA
UPSC-2025-GS1-Q002,2025,2,Indian Economy,Economy,Banking & Financial Sector,moderate,Multi-statement,5,False,False,False,51,4,a,True,False,,5116f61053c1c570,UPSC official previous-question-paper archive,2025 source date <= PYQ year,,,,,UNVERIFIED,,,NOT DISCLOSED BY UPSC,No primary-source attribution entered without proposition-level evidence from a dated source published no later than the PYQ year.,,Inventory + analytical metadata complete; primary-source verification pending,BLOCKED_UNTIL_SOURCE_QA
UPSC-2025-GS1-Q003,2025,3,Economy,Economy,Government Organizations,moderate,How-many/Count,3,False,False,False,108,4,a,True,False,,b1f5a45e30170e68,UPSC official previous-question-paper archive,2025 source date <= PYQ year,,,,,UNVERIFIED,,,NOT DISCLOSED BY UPSC,No primary-source attribution entered without proposition-level evidence from a dated source published no later than the PYQ year.,,Inventory + analytical metadata complete; primary-source verification pending,BLOCKED_UNTIL_SOURCE_QA
UPSC-2025-GS1-Q004,2025,4,Indian Economy,Economy,Infrastructure & Industry,easy,Multi-statement,2,False,False,False,54,4,b,True,False,,d68238ee074d36fa,UPSC official previous-question-paper archive,2025 source date <= PYQ year,,,,,UNVERIFIED,,,NOT DISCLOSED BY UPSC,No primary-source attribution entered without proposition-level evidence from a dated source published no later than the PYQ year.,,Inventory + analytical metadata complete; primary-source verification pending,BLOCKED_UNTIL_SOURCE_QA
UPSC-2025-GS1-Q005,2025,5,Indian Economy,Economy,Taxation,moderate,Assertion/Relationship,0,True,False,False,64,4,d,True,False,,f10df76620e0c901,UPSC official previous-question-paper archive,2025 source date <= PYQ year,,,,,UNVERIFIED,,,NOT DISCLOSED BY UPSC,No primary-source attribution entered without proposition-level evidence from a dated source published no later than the PYQ year.,,Inventory + analytical metadata complete; primary-source verification pending,BLOCKED_UNTIL_SOURCE_QA
UPSC-2025-GS1-Q006,2025,6,Indian Economy,Economy,Infrastructure & Industry,moderate,Multi-statement,3,False,False,False,72,4,c,True,False,,fcfa36d174213534,UPSC official previous-question-paper archive,2025 source date <= PYQ year,,,,,UNVERIFIED,,,NOT DISCLOSED BY UPSC,No primary-source attribution entered without proposition-level evidence from a dated source published no later than the PYQ year.,,Inventory + analytical metadata complete; primary-source verification pending,BLOCKED_UNTIL_SOURCE_QA
UPSC-2025-GS1-Q007,2025,7,Indian Economy,Economy,Financial Markets & Capital Markets,easy,Assertion/Relationship,0,False,False,False,70,4,a,True,False,,87135c493fabdc75,UPSC official previous-question-paper archive,2025 source date <= PYQ year,,,,,UNVERIFIED,,,NOT DISCLOSED BY UPSC,No primary-source attribution entered without proposition-level evidence from a dated source published no later than the PYQ year.,,Inventory + analytical metadata complete; primary-source verification pending,BLOCKED_UNTIL_SOURCE_QA
UPSC-2025-GS1-Q008,2025,8,Indian Economy,Economy,Financial Markets & Capital Markets,moderate,Multi-statement,3,False,False,True,81,4,a,True,False,,8665840dc3b01038,UPSC official previous-question-paper archive,2025 source date <= PYQ year,,,,,UNVERIFIED,,,NOT DISCLOSED BY UPSC,No primary-source attribution entered without proposition-level evidence from a dated source published no later than the PYQ year.,,Inventory + analytical metadata complete; primary-source verification pending,BLOCKED_UNTIL_SOURCE_QA
UPSC-2025-GS1-Q009,2025,9,Environment & Ecology,Environment & Ecology,Renewable Energy & Green Technologies,easy,Assertion/Relationship,0,False,False,False,53,4,a,True,False,,942a307a8e861469,UPSC official previous-question-paper archive,2025 source date <= PYQ year,,,,,UNVERIFIED,,,NOT DISCLOSED BY UPSC,No primary-source attribution entered without proposition-level evidence from a dated source published no later than the PYQ year.,,Inventory + analytical metadata complete; primary-source verification pending,BLOCKED_UNTIL_SOURCE_QA
UPSC-2025-GS1-Q010,2025,10,Indian Economy,Economy,Fiscal Policy & Budget,moderate,Multi-statement,3,False,False,False,47,4,a,True,False,,4ba0fe139b96ae45,UPSC official previous-question-paper archive,2025 source date <= PYQ year,,,,,UNVERIFIED,,,NOT DISCLOSED BY UPSC,No primary-source attribution entered without proposition-level evidence from a dated source published no later than the PYQ year.,,Inventory + analytical metadata complete; primary-source verification pending,BLOCKED_UNTIL_SOURCE_QA
UPSC-2025-GS1-Q011,2025,11,Modern History,History,Social & Religious Reform Movements,easy,Multi-statement,2,False,False,False,59,4,c,True,False,,03498bce8ec5d324,UPSC official previous-question-paper archive,2025 source date <= PYQ year,,,,,UNVERIFIED,,,NOT DISCLOSED BY UPSC,No primary-source attribution entered without proposition-level evidence from a dated source published no later than the PYQ year.,,Inventory + analytical metadata complete; primary-source verification pending,BLOCKED_UNTIL_SOURCE_QA
UPSC-2025-GS1-Q012,2025,12,Modern History,History,Gandhian Mass Movements (1915-1942),moderate,How-many/Count,4,False,False,False,50,4,c,True,False,,7842315f13fa7def,UPSC official previous-question-paper archive,2025 source date <= PYQ year,,,,,UNVERIFIED,,,NOT DISCLOSED BY UPSC,No primary-source attribution entered without proposition-level evidence from a dated source published no later than the PYQ year.,,Inventory + analytical metadata complete; primary-source verification pending,BLOCKED_UNTIL_SOURCE_QA
UPSC-2025-GS1-Q013,2025,13,Ancient History,History,Science & Technology,easy,Single-answer,0,False,False,False,6,4,b,True,False,,5f77edfb5fd0c9d8,UPSC official previous-question-paper archive,2025 source date <= PYQ year,,,,,UNVERIFIED,,,NOT DISCLOSED BY UPSC,No primary-source attribution entered without proposition-level evidence from a dated source published no later than the PYQ year.,,Inventory + analytical metadata complete; primary-source verification pending,BLOCKED_UNTIL_SOURCE_QA
UPSC-2025-GS1-Q014,2025,14,Ancient History,History,Post-Gupta & Early Medieval Dynasties,easy,Single-answer,0,False,False,False,16,4,a,True,False,,b0edebe7801746f4,UPSC official previous-question-paper archive,2025 source date <= PYQ year,,,,,UNVERIFIED,,,NOT DISCLOSED BY UPSC,No primary-source attribution entered without proposition-level evidence from a dated source published no later than the PYQ year.,,Inventory + analytical metadata complete; primary-source verification pending,BLOCKED_UNTIL_SOURCE_QA
UPSC-2025-GS1-Q015,2025,15,Ancient History,History,Foreign Travellers & Accounts,easy,Single-answer,0,False,False,False,12,4,b,True,False,,f3a28c77b91ccffd,UPSC official previous-question-paper archive,2025 source date <= PYQ year,,,,,UNVERIFIED,,,NOT DISCLOSED BY UPSC,No primary-source attribution entered without proposition-level evidence from a dated source published no later than the PYQ year.,,Inventory + analytical metadata complete; primary-source verification pending,BLOCKED_UNTIL_SOURCE_QA
UPSC-2025-GS1-Q016,2025,16,Ancient History,History,Ancient India,moderate,Single-answer,0,False,False,False,29,4,c,True,False,,75bdfd1e110d8b8d,UPSC official previous-question-paper archive,2025 source date <= PYQ year,,,,,UNVERIFIED,,,NOT DISCLOSED BY UPSC,No primary-source attribution entered without proposition-level evidence from a dated source published no later than the PYQ year.,,Inventory + analytical metadata complete; primary-source verification pending,BLOCKED_UNTIL_SOURCE_QA
UPSC-2025-GS1-Q017,2025,17,Ancient History,History,Ancient India,moderate,How-many/Count,4,False,False,False,46,4,b,True,False,,c855e4e47cc6905d,UPSC official previous-question-paper archive,2025 source date <= PYQ year,,,,,UNVERIFIED,,,NOT DISCLOSED BY UPSC,No primary-source attribution entered without proposition-level evidence from a dated source published no later than the PYQ year.,,Inventory + analytical metadata complete; primary-source verification pending,BLOCKED_UNTIL_SOURCE_QA
UPSC-2025-GS1-Q018,2025,18,Art & Culture,Art & Culture,Music,easy,Single-answer,0,False,False,False,18,4,d,True,False,,bb76ea97ea290325,UPSC official previous-question-paper archive,2025 source date <= PYQ year,,,,,UNVERIFIED,,,NOT DISCLOSED BY UPSC,No primary-source attribution entered without proposition-level evidence from a dated source published no later than the PYQ year.,,Inventory + analytical metadata complete; primary-source verification pending,BLOCKED_UNTIL_SOURCE_QA
UPSC-2025-GS1-Q019,2025,19,Ancient History,History,Mauryan Empire,moderate,Single-answer,0,False,False,False,14,4,b,True,False,,80d3f7ce9a969ed3,UPSC official previous-question-paper archive,2025 source date <= PYQ year,,,,,UNVERIFIED,,,NOT DISCLOSED BY UPSC,No primary-source attribution entered without proposition-level evidence from a dated source published no later than the PYQ year.,,Inventory + analytical metadata complete; primary-source verification pending,BLOCKED_UNTIL_SOURCE_QA
UPSC-2025-GS1-Q020,2025,20,Modern History,History,Modern India,moderate,Multi-statement,2,True,False,False,71,4,c,True,False,,1e235f5b39a9388a,UPSC official previous-question-paper archive,2025 source date <= PYQ year,,,,,UNVERIFIED,,,NOT DISCLOSED BY UPSC,No primary-source attribution entered without proposition-level evidence from a dated source published no later than the PYQ year.,,Inventory + analytical metadata complete; primary-source verification pending,BLOCKED_UNTIL_SOURCE_QA
UPSC-2025-GS1-Q021,2025,21,Current Affairs,Current Affairs,International Organisations & Groupings,easy,How-many/Count,5,False,True,False,31,4,b,True,False,,77f3fe6552221bd0,UPSC official previous-question-paper archive,2025 source date <= PYQ year,,,,,UNVERIFIED,,,NOT DISCLOSED BY UPSC,No primary-source attribution entered without proposition-level evidence from a dated source published no later than the PYQ year.,,Inventory + analytical metadata complete; primary-source verification pending,BLOCKED_UNTIL_SOURCE_QA
UPSC-2025-GS1-Q022,2025,22,Geography,Geography,World Physical Geography,easy,How-many/Count,3,False,False,False,21,4,c,True,False,,dd4dd728955f4f5a,UPSC official previous-question-paper archive,2025 source date <= PYQ year,,,,,UNVERIFIED,,,NOT DISCLOSED BY UPSC,No primary-source attribution entered without proposition-level evidence from a dated source published no later than the PYQ year.,,Inventory + analytical metadata complete; primary-source verification pending,BLOCKED_UNTIL_SOURCE_QA
UPSC-2025-GS1-Q023,2025,23,Geography,Geography,Astronomy & Earth–Sun System,easy,How-many/Count,3,False,False,False,25,4,d,True,False,,cb6cad8d2e4f9bad,UPSC official previous-question-paper archive,2025 source date <= PYQ year,,,,,UNVERIFIED,,,NOT DISCLOSED BY UPSC,No primary-source attribution entered without proposition-level evidence from a dated source published no later than the PYQ year.,,Inventory + analytical metadata complete; primary-source verification pending,BLOCKED_UNTIL_SOURCE_QA
UPSC-2025-GS1-Q024,2025,24,Indian Economy,Economy,Agriculture & Rural Development,moderate,Multi-statement,3,False,False,False,57,4,d,True,False,,66a2aec748492a92,UPSC official previous-question-paper archive,2025 source date <= PYQ year,,,,,UNVERIFIED,,,NOT DISCLOSED BY UPSC,No primary-source attribution entered without proposition-level evidence from a dated source published no later than the PYQ year.,,Inventory + analytical metadata complete; primary-source verification pending,BLOCKED_UNTIL_SOURCE_QA
UPSC-2025-GS1-Q025,2025,25,Geography,Geography,Physical Geography & Geomorphology,moderate,Multi-statement,3,False,False,False,79,4,c,True,False,,18133fdcb181baf2,UPSC official previous-question-paper archive,2025 source date <= PYQ year,,,,,UNVERIFIED,,,NOT DISCLOSED BY UPSC,No primary-source attribution entered without proposition-level evidence from a dated source published no later than the PYQ year.,,Inventory + analytical metadata complete; primary-source verification pending,BLOCKED_UNTIL_SOURCE_QA
UPSC-2025-GS1-Q026,2025,26,Geography,Geography,Atmosphere & Climatology,moderate,Assertion/Relationship,0,False,False,False,53,4,c,True,False,,87c60deeabdfd0f5,UPSC official previous-question-paper archive,2025 source date <= PYQ year,,,,,UNVERIFIED,,,NOT DISCLOSED BY UPSC,No primary-source attribution entered without proposition-level evidence from a dated source published no later than the PYQ year.,,Inventory + analytical metadata complete; primary-source verification pending,BLOCKED_UNTIL_SOURCE_QA
UPSC-2025-GS1-Q027,2025,27,Geography,Geography,Atmosphere & Climatology,moderate,Assertion/Relationship,0,False,False,False,62,4,a,True,False,,715abf4fffe3080b,UPSC official previous-question-paper archive,2025 source date <= PYQ year,,,,,UNVERIFIED,,,NOT DISCLOSED BY UPSC,No primary-source attribution entered without proposition-level evidence from a dated source published no later than the PYQ year.,,Inventory + analytical metadata complete; primary-source verification pending,BLOCKED_UNTIL_SOURCE_QA
UPSC-2025-GS1-Q028,2025,28,Geography,Geography,Physical Geography & Geomorphology,moderate,Assertion/Relationship,0,True,False,False,70,4,c,True,False,,e661d6b5d604585a,UPSC official previous-question-paper archive,2025 source date <= PYQ year,,,,,UNVERIFIED,,,NOT DISCLOSED BY UPSC,No primary-source attribution entered without proposition-level evidence from a dated source published no later than the PYQ year.,,Inventory + analytical metadata complete; primary-source verification pending,BLOCKED_UNTIL_SOURCE_QA
UPSC-2025-GS1-Q029,2025,29,Environment & Ecology,Environment & Ecology,Climate Change & Greenhouse Gases,easy,Multi-statement,3,False,False,False,56,4,c,True,False,,c640abeefbd5b839,UPSC official previous-question-paper archive,2025 source date <= PYQ year,,,,,UNVERIFIED,,,NOT DISCLOSED BY UPSC,No primary-source attribution entered without proposition-level evidence from a dated source published no later than the PYQ year.,,Inventory + analytical metadata complete; primary-source verification pending,BLOCKED_UNTIL_SOURCE_QA
UPSC-2025-GS1-Q030,2025,30,Indian Economy,Economy,Agriculture & Rural Development,moderate,Multi-statement,2,False,False,False,63,4,c,True,False,,366f629e7ccb4466,UPSC official previous-question-paper archive,2025 source date <= PYQ year,,,,,UNVERIFIED,,,NOT DISCLOSED BY UPSC,No primary-source attribution entered without proposition-level evidence from a dated source published no later than the PYQ year.,,Inventory + analytical metadata complete; primary-source verification pending,BLOCKED_UNTIL_SOURCE_QA
UPSC-2025-GS1-Q031,2025,31,Environment & Ecology,Environment & Ecology,Climate Change & Greenhouse Gases,moderate,Assertion/Relationship,0,False,False,False,65,4,b,True,False,,017af499a449c002,UPSC official previous-question-paper archive,2025 source date <= PYQ year,,,,,UNVERIFIED,,,NOT DISCLOSED BY UPSC,No primary-source attribution entered without proposition-level evidence from a dated source published no later than the PYQ year.,,Inventory + analytical metadata complete; primary-source verification pending,BLOCKED_UNTIL_SOURCE_QA
UPSC-2025-GS1-Q032,2025,32,Environment & Ecology,Environment & Ecology,International Environmental Treaties & Summits,moderate,Assertion/Relationship,0,False,False,False,82,4,c,True,False,,3cef926edee23c08,UPSC official previous-question-paper archive,2025 source date <= PYQ year,,,,,UNVERIFIED,,,NOT DISCLOSED BY UPSC,No primary-source attribution entered without proposition-level evidence from a dated source published no later than the PYQ year.,,Inventory + analytical metadata complete; primary-source verification pending,BLOCKED_UNTIL_SOURCE_QA
UPSC-2025-GS1-Q033,2025,33,Geography,Geography,Astronomy & Earth–Sun System,moderate,Assertion/Relationship,0,False,False,False,73,4,b,True,False,,8487b90bd0beff3b,UPSC official previous-question-paper archive,2025 source date <= PYQ year,,,,,UNVERIFIED,,,NOT DISCLOSED BY UPSC,No primary-source attribution entered without proposition-level evidence from a dated source published no later than the PYQ year.,,Inventory + analytical metadata complete; primary-source verification pending,BLOCKED_UNTIL_SOURCE_QA
UPSC-2025-GS1-Q034,2025,34,Environment & Ecology,Environment & Ecology,International Environmental Treaties & Summits,moderate,Assertion/Relationship,0,False,False,False,84,4,a,True,False,,9bbfba22436b9a77,UPSC official previous-question-paper archive,2025 source date <= PYQ year,,,,,UNVERIFIED,,,NOT DISCLOSED BY UPSC,No primary-source attribution entered without proposition-level evidence from a dated source published no later than the PYQ year.,,Inventory + analytical metadata complete; primary-source verification pending,BLOCKED_UNTIL_SOURCE_QA
UPSC-2025-GS1-Q035,2025,35,Economy,Economy,International Organizations,easy,Single-answer,0,False,False,False,16,4,a,True,False,,057f5dcac2824004,UPSC official previous-question-paper archive,2025 source date <= PYQ year,,,,,UNVERIFIED,,,NOT DISCLOSED BY UPSC,No primary-source attribution entered without proposition-level evidence from a dated source published no later than the PYQ year.,,Inventory + analytical metadata complete; primary-source verification pending,BLOCKED_UNTIL_SOURCE_QA
UPSC-2025-GS1-Q036,2025,36,Environment,Environment & Ecology,Climate Change,moderate,Multi-statement,3,False,False,False,69,4,c,True,False,,8dd5442f47f8cd0e,UPSC official previous-question-paper archive,2025 source date <= PYQ year,,,,,UNVERIFIED,,,NOT DISCLOSED BY UPSC,No primary-source attribution entered without proposition-level evidence from a dated source published no later than the PYQ year.,,Inventory + analytical metadata complete; primary-source verification pending,BLOCKED_UNTIL_SOURCE_QA
UPSC-2025-GS1-Q037,2025,37,Environment,Environment & Ecology,Biodiversity,difficult,Multi-statement,3,False,False,False,47,4,d,True,False,,0b0fd14885690fdc,UPSC official previous-question-paper archive,2025 source date <= PYQ year,,,,,UNVERIFIED,,,NOT DISCLOSED BY UPSC,No primary-source attribution entered without proposition-level evidence from a dated source published no later than the PYQ year.,,Inventory + analytical metadata complete; primary-source verification pending,BLOCKED_UNTIL_SOURCE_QA
UPSC-2025-GS1-Q038,2025,38,Environment & Ecology,Environment & Ecology,Climate Change & Greenhouse Gases,moderate,Multi-statement,3,False,False,False,55,4,c,True,False,,ccc1e37978422e0e,UPSC official previous-question-paper archive,2025 source date <= PYQ year,,,,,UNVERIFIED,,,NOT DISCLOSED BY UPSC,No primary-source attribution entered without proposition-level evidence from a dated source published no later than the PYQ year.,,Inventory + analytical metadata complete; primary-source verification pending,BLOCKED_UNTIL_SOURCE_QA
UPSC-2025-GS1-Q039,2025,39,Science and Technology,Science & Technology,Botany,moderate,How-many/Count,5,False,False,False,44,4,b,True,False,,a6b70d1c2eda77a5,UPSC official previous-question-paper archive,2025 source date <= PYQ year,,,,,UNVERIFIED,,,NOT DISCLOSED BY UPSC,No primary-source attribution entered without proposition-level evidence from a dated source published no later than the PYQ year.,,Inventory + analytical metadata complete; primary-source verification pending,BLOCKED_UNTIL_SOURCE_QA
UPSC-2025-GS1-Q040,2025,40,Environment & Ecology,Environment & Ecology,Biogeochemical Cycles & Earth Systems,moderate,Multi-statement,3,False,False,False,56,4,b,True,False,,d8a356253260e49f,UPSC official previous-question-paper archive,2025 source date <= PYQ year,,,,,UNVERIFIED,,,NOT DISCLOSED BY UPSC,No primary-source attribution entered without proposition-level evidence from a dated source published no later than the PYQ year.,,Inventory + analytical metadata complete; primary-source verification pending,BLOCKED_UNTIL_SOURCE_QA
UPSC-2025-GS1-Q041,2025,41,Science & Technology,Science & Technology,Energy & Environment,easy,How-many/Count,3,False,False,False,33,4,c,True,False,,e048113c911e1c0d,UPSC official previous-question-paper archive,2025 source date <= PYQ year,,,,,UNVERIFIED,,,NOT DISCLOSED BY UPSC,No primary-source attribution entered without proposition-level evidence from a dated source published no later than the PYQ year.,,Inventory + analytical metadata complete; primary-source verification pending,BLOCKED_UNTIL_SOURCE_QA
UPSC-2025-GS1-Q042,2025,42,Science & Technology,Science & Technology,Defence Technology,moderate,How-many/Count,3,False,False,False,54,4,d,True,False,,38db9ae2fc70ebe0,UPSC official previous-question-paper archive,2025 source date <= PYQ year,,,,,UNVERIFIED,,,NOT DISCLOSED BY UPSC,No primary-source attribution entered without proposition-level evidence from a dated source published no later than the PYQ year.,,Inventory + analytical metadata complete; primary-source verification pending,BLOCKED_UNTIL_SOURCE_QA
UPSC-2025-GS1-Q043,2025,43,Science,Science & Technology,Technology,moderate,How-many/Count,4,False,False,False,30,4,c,True,False,,03a1318a07b4a516,UPSC official previous-question-paper archive,2025 source date <= PYQ year,,,,,UNVERIFIED,,,NOT DISCLOSED BY UPSC,No primary-source attribution entered without proposition-level evidence from a dated source published no later than the PYQ year.,,Inventory + analytical metadata complete; primary-source verification pending,BLOCKED_UNTIL_SOURCE_QA
UPSC-2025-GS1-Q044,2025,44,Environment,Environment & Ecology,Pollution,moderate,How-many/Count,3,False,False,False,19,4,c,True,False,,3529274bdabf68ba,UPSC official previous-question-paper archive,2025 source date <= PYQ year,,,,,UNVERIFIED,,,NOT DISCLOSED BY UPSC,No primary-source attribution entered without proposition-level evidence from a dated source published no later than the PYQ year.,,Inventory + analytical metadata complete; primary-source verification pending,BLOCKED_UNTIL_SOURCE_QA
UPSC-2025-GS1-Q045,2025,45,Science & Technology,Science & Technology,Energy & Environment,moderate,How-many/Count,3,False,False,False,25,4,b,True,False,,efe0692f36957faa,UPSC official previous-question-paper archive,2025 source date <= PYQ year,,,,,UNVERIFIED,,,NOT DISCLOSED BY UPSC,No primary-source attribution entered without proposition-level evidence from a dated source published no later than the PYQ year.,,Inventory + analytical metadata complete; primary-source verification pending,BLOCKED_UNTIL_SOURCE_QA
UPSC-2025-GS1-Q046,2025,46,Science,Science & Technology,Defence Technology,moderate,Single-answer,0,False,False,False,23,4,b,True,False,,661756eb7ee7c1ae,UPSC official previous-question-paper archive,2025 source date <= PYQ year,,,,,UNVERIFIED,,,NOT DISCLOSED BY UPSC,No primary-source attribution entered without proposition-level evidence from a dated source published no later than the PYQ year.,,Inventory + analytical metadata complete; primary-source verification pending,BLOCKED_UNTIL_SOURCE_QA
UPSC-2025-GS1-Q047,2025,47,Science & Technology,Science & Technology,Computer & Information Technology,moderate,Multi-statement,3,False,False,False,46,4,c,True,False,,2b251ead7f4da78e,UPSC official previous-question-paper archive,2025 source date <= PYQ year,,,,,UNVERIFIED,,,NOT DISCLOSED BY UPSC,No primary-source attribution entered without proposition-level evidence from a dated source published no later than the PYQ year.,,Inventory + analytical metadata complete; primary-source verification pending,BLOCKED_UNTIL_SOURCE_QA
UPSC-2025-GS1-Q048,2025,48,Science & Technology,Science & Technology,Biotechnology & Genetics,easy,Multi-statement,3,False,False,False,54,4,d,True,False,,56bc720371f58303,UPSC official previous-question-paper archive,2025 source date <= PYQ year,,,,,UNVERIFIED,,,NOT DISCLOSED BY UPSC,No primary-source attribution entered without proposition-level evidence from a dated source published no later than the PYQ year.,,Inventory + analytical metadata complete; primary-source verification pending,BLOCKED_UNTIL_SOURCE_QA
UPSC-2025-GS1-Q049,2025,49,Science & Technology,Science & Technology,Health & Diseases,easy,How-many/Count,3,False,False,False,40,4,d,True,False,,31a8035ac93bf861,UPSC official previous-question-paper archive,2025 source date <= PYQ year,,,,,UNVERIFIED,,,NOT DISCLOSED BY UPSC,No primary-source attribution entered without proposition-level evidence from a dated source published no later than the PYQ year.,,Inventory + analytical metadata complete; primary-source verification pending,BLOCKED_UNTIL_SOURCE_QA
UPSC-2025-GS1-Q050,2025,50,Environment & Ecology,Environment & Ecology,Pollution & Waste Management,moderate,Assertion/Relationship,0,False,False,False,77,4,a,True,False,,a05c371769b31409,UPSC official previous-question-paper archive,2025 source date <= PYQ year,,,,,UNVERIFIED,,,NOT DISCLOSED BY UPSC,No primary-source attribution entered without proposition-level evidence from a dated source published no later than the PYQ year.,,Inventory + analytical metadata complete; primary-source verification pending,BLOCKED_UNTIL_SOURCE_QA
UPSC-2025-GS1-Q051,2025,51,Polity,Polity & Governance,Constitutional Provisions,moderate,Multi-statement,3,False,False,False,46,4,c,True,False,,0eb75aa180f04787,UPSC official previous-question-paper archive,2025 source date <= PYQ year,,,,,UNVERIFIED,,,NOT DISCLOSED BY UPSC,No primary-source attribution entered without proposition-level evidence from a dated source published no later than the PYQ year.,,Inventory + analytical metadata complete; primary-source verification pending,BLOCKED_UNTIL_SOURCE_QA
UPSC-2025-GS1-Q052,2025,52,Geography,Geography,Indian Geography,moderate,How-many/Count,3,False,False,False,81,4,c,True,False,,36fee0b6442d9473,UPSC official previous-question-paper archive,2025 source date <= PYQ year,,,,,UNVERIFIED,,,NOT DISCLOSED BY UPSC,No primary-source attribution entered without proposition-level evidence from a dated source published no later than the PYQ year.,,Inventory + analytical metadata complete; primary-source verification pending,BLOCKED_UNTIL_SOURCE_QA
UPSC-2025-GS1-Q053,2025,53,Science and Technology,Science & Technology,Defence Technology,easy,How-many/Count,3,False,False,False,36,4,a,True,False,,eba7d5941a7e4412,UPSC official previous-question-paper archive,2025 source date <= PYQ year,,,,,UNVERIFIED,,,NOT DISCLOSED BY UPSC,No primary-source attribution entered without proposition-level evidence from a dated source published no later than the PYQ year.,,Inventory + analytical metadata complete; primary-source verification pending,BLOCKED_UNTIL_SOURCE_QA
UPSC-2025-GS1-Q054,2025,54,Polity,Polity & Governance,Governor,moderate,Multi-statement,2,False,False,False,65,4,a,True,False,,05842bcc47a13b81,UPSC official previous-question-paper archive,2025 source date <= PYQ year,,,,,UNVERIFIED,,,NOT DISCLOSED BY UPSC,No primary-source attribution entered without proposition-level evidence from a dated source published no later than the PYQ year.,,Inventory + analytical metadata complete; primary-source verification pending,BLOCKED_UNTIL_SOURCE_QA
UPSC-2025-GS1-Q055,2025,55,Polity,Polity & Governance,Constitutional Provisions,moderate,How-many/Count,3,False,False,False,79,4,c,True,False,,93a3b0c10d52bdd7,UPSC official previous-question-paper archive,2025 source date <= PYQ year,,,,,UNVERIFIED,,,NOT DISCLOSED BY UPSC,No primary-source attribution entered without proposition-level evidence from a dated source published no later than the PYQ year.,,Inventory + analytical metadata complete; primary-source verification pending,BLOCKED_UNTIL_SOURCE_QA
UPSC-2025-GS1-Q056,2025,56,Indian Polity,Polity & Governance,Federalism & Centre–State Relations,moderate,Multi-statement,2,False,False,False,75,4,d,True,False,,b0b83ac68f7fa6b3,UPSC official previous-question-paper archive,2025 source date <= PYQ year,,,,,UNVERIFIED,,,NOT DISCLOSED BY UPSC,No primary-source attribution entered without proposition-level evidence from a dated source published no later than the PYQ year.,,Inventory + analytical metadata complete; primary-source verification pending,BLOCKED_UNTIL_SOURCE_QA
UPSC-2025-GS1-Q057,2025,57,Polity,Polity & Governance,Government Organizations,moderate,How-many/Count,3,False,False,False,54,4,d,True,False,,6a8c2995441686f2,UPSC official previous-question-paper archive,2025 source date <= PYQ year,,,,,UNVERIFIED,,,NOT DISCLOSED BY UPSC,No primary-source attribution entered without proposition-level evidence from a dated source published no later than the PYQ year.,,Inventory + analytical metadata complete; primary-source verification pending,BLOCKED_UNTIL_SOURCE_QA
UPSC-2025-GS1-Q058,2025,58,Indian Polity,Polity & Governance,Constitutional Framework & Development,moderate,Multi-statement,3,True,False,False,69,4,a,True,False,,94b4460b4c5cb089,UPSC official previous-question-paper archive,2025 source date <= PYQ year,,,,,UNVERIFIED,,,NOT DISCLOSED BY UPSC,No primary-source attribution entered without proposition-level evidence from a dated source published no later than the PYQ year.,,Inventory + analytical metadata complete; primary-source verification pending,BLOCKED_UNTIL_SOURCE_QA
UPSC-2025-GS1-Q059,2025,59,Indian Polity,Polity & Governance,Union & State Executive,easy,Multi-statement,3,True,False,False,84,4,d,True,False,,2624f8d9aa6a32bd,UPSC official previous-question-paper archive,2025 source date <= PYQ year,,,,,UNVERIFIED,,,NOT DISCLOSED BY UPSC,No primary-source attribution entered without proposition-level evidence from a dated source published no later than the PYQ year.,,Inventory + analytical metadata complete; primary-source verification pending,BLOCKED_UNTIL_SOURCE_QA
UPSC-2025-GS1-Q060,2025,60,Indian Economy,Economy,Infrastructure & Industry,moderate,How-many/Count,4,False,False,False,48,4,b,True,False,,69f95f2f0920d22a,UPSC official previous-question-paper archive,2025 source date <= PYQ year,,,,,UNVERIFIED,,,NOT DISCLOSED BY UPSC,No primary-source attribution entered without proposition-level evidence from a dated source published no later than the PYQ year.,,Inventory + analytical metadata complete; primary-source verification pending,BLOCKED_UNTIL_SOURCE_QA
UPSC-2025-GS1-Q061,2025,61,Economy,Economy,Public Finance,easy,Multi-statement,3,False,False,False,73,4,d,True,False,,836abdc90c0ef4e1,UPSC official previous-question-paper archive,2025 source date <= PYQ year,,,,,UNVERIFIED,,,NOT DISCLOSED BY UPSC,No primary-source attribution entered without proposition-level evidence from a dated source published no later than the PYQ year.,,Inventory + analytical metadata complete; primary-source verification pending,BLOCKED_UNTIL_SOURCE_QA
UPSC-2025-GS1-Q062,2025,62,Geography,Geography,Transport & Infrastructure Geography,easy,Single-answer,0,False,False,False,21,4,a,True,False,,bda953abe783bf87,UPSC official previous-question-paper archive,2025 source date <= PYQ year,,,,,UNVERIFIED,,,NOT DISCLOSED BY UPSC,No primary-source attribution entered without proposition-level evidence from a dated source published no later than the PYQ year.,,Inventory + analytical metadata complete; primary-source verification pending,BLOCKED_UNTIL_SOURCE_QA
UPSC-2025-GS1-Q063,2025,63,Environment & Ecology,Environment & Ecology,Renewable Energy & Green Technologies,moderate,Assertion/Relationship,0,False,False,False,75,4,d,True,False,,eef259147feca750,UPSC official previous-question-paper archive,2025 source date <= PYQ year,,,,,UNVERIFIED,,,NOT DISCLOSED BY UPSC,No primary-source attribution entered without proposition-level evidence from a dated source published no later than the PYQ year.,,Inventory + analytical metadata complete; primary-source verification pending,BLOCKED_UNTIL_SOURCE_QA
UPSC-2025-GS1-Q064,2025,64,Science & Technology,Science & Technology,Computer & Information Technology,difficult,Multi-statement,2,False,False,False,75,4,c,True,False,,b292bc177133d3e1,UPSC official previous-question-paper archive,2025 source date <= PYQ year,,,,,UNVERIFIED,,,NOT DISCLOSED BY UPSC,No primary-source attribution entered without proposition-level evidence from a dated source published no later than the PYQ year.,,Inventory + analytical metadata complete; primary-source verification pending,BLOCKED_UNTIL_SOURCE_QA
UPSC-2025-GS1-Q065,2025,65,Indian Economy,Economy,Fiscal Policy & Budget,easy,Single-answer,0,False,False,False,34,4,a,True,False,,6b264a41a846c5b6,UPSC official previous-question-paper archive,2025 source date <= PYQ year,,,,,UNVERIFIED,,,NOT DISCLOSED BY UPSC,No primary-source attribution entered without proposition-level evidence from a dated source published no later than the PYQ year.,,Inventory + analytical metadata complete; primary-source verification pending,BLOCKED_UNTIL_SOURCE_QA
UPSC-2025-GS1-Q066,2025,66,Indian Economy,Economy,Fiscal Policy & Budget,moderate,Multi-statement,4,False,False,False,95,4,c,True,False,,ec527ce95d0fcedb,UPSC official previous-question-paper archive,2025 source date <= PYQ year,,,,,UNVERIFIED,,,NOT DISCLOSED BY UPSC,No primary-source attribution entered without proposition-level evidence from a dated source published no later than the PYQ year.,,Inventory + analytical metadata complete; primary-source verification pending,BLOCKED_UNTIL_SOURCE_QA
UPSC-2025-GS1-Q067,2025,67,Economy,Economy,International Organizations,moderate,Multi-statement,4,False,False,False,58,4,c,True,False,,cfef9ece0d5354ff,UPSC official previous-question-paper archive,2025 source date <= PYQ year,,,,,UNVERIFIED,,,NOT DISCLOSED BY UPSC,No primary-source attribution entered without proposition-level evidence from a dated source published no later than the PYQ year.,,Inventory + analytical metadata complete; primary-source verification pending,BLOCKED_UNTIL_SOURCE_QA
UPSC-2025-GS1-Q068,2025,68,Indian Economy,Economy,Digital Payments & Financial Inclusion,easy,Multi-statement,3,True,False,False,74,4,a,True,False,,753bb3634c512c0b,UPSC official previous-question-paper archive,2025 source date <= PYQ year,,,,,UNVERIFIED,,,NOT DISCLOSED BY UPSC,No primary-source attribution entered without proposition-level evidence from a dated source published no later than the PYQ year.,,Inventory + analytical metadata complete; primary-source verification pending,BLOCKED_UNTIL_SOURCE_QA
UPSC-2025-GS1-Q069,2025,69,Indian Economy,Economy,Digital Payments & Financial Inclusion,moderate,How-many/Count,5,False,False,False,36,4,b,True,False,,65b5a6cc7a6bd3d7,UPSC official previous-question-paper archive,2025 source date <= PYQ year,,,,,UNVERIFIED,,,NOT DISCLOSED BY UPSC,No primary-source attribution entered without proposition-level evidence from a dated source published no later than the PYQ year.,,Inventory + analytical metadata complete; primary-source verification pending,BLOCKED_UNTIL_SOURCE_QA
UPSC-2025-GS1-Q070,2025,70,Current Affairs,Current Affairs,Indian Government Schemes & Initiatives,moderate,Multi-statement,3,False,True,False,81,4,d,True,False,,569ebfa0048263eb,UPSC official previous-question-paper archive,2025 source date <= PYQ year,,,,,UNVERIFIED,,,NOT DISCLOSED BY UPSC,No primary-source attribution entered without proposition-level evidence from a dated source published no later than the PYQ year.,,Inventory + analytical metadata complete; primary-source verification pending,BLOCKED_UNTIL_SOURCE_QA
UPSC-2025-GS1-Q071,2025,71,Modern History,History,Modern India,moderate,Single-answer,0,False,False,False,16,4,b,True,False,,502a440728b024b0,UPSC official previous-question-paper archive,2025 source date <= PYQ year,,,,,UNVERIFIED,,,NOT DISCLOSED BY UPSC,No primary-source attribution entered without proposition-level evidence from a dated source published no later than the PYQ year.,,Inventory + analytical metadata complete; primary-source verification pending,BLOCKED_UNTIL_SOURCE_QA
UPSC-2025-GS1-Q072,2025,72,Ancient History,History,Ancient India,easy,Single-answer,0,False,False,False,14,4,c,True,False,,26338c70eb032cf7,UPSC official previous-question-paper archive,2025 source date <= PYQ year,,,,,UNVERIFIED,,,NOT DISCLOSED BY UPSC,No primary-source attribution entered without proposition-level evidence from a dated source published no later than the PYQ year.,,Inventory + analytical metadata complete; primary-source verification pending,BLOCKED_UNTIL_SOURCE_QA
UPSC-2025-GS1-Q073,2025,73,Modern History,History,Social & Religious Reform Movements,difficult,Single-answer,0,False,False,False,15,4,b,True,False,,acd950b398839c8e,UPSC official previous-question-paper archive,2025 source date <= PYQ year,,,,,UNVERIFIED,,,NOT DISCLOSED BY UPSC,No primary-source attribution entered without proposition-level evidence from a dated source published no later than the PYQ year.,,Inventory + analytical metadata complete; primary-source verification pending,BLOCKED_UNTIL_SOURCE_QA
UPSC-2025-GS1-Q074,2025,74,Modern History,History,Gandhian Mass Movements (1915-1942),moderate,Single-answer,0,False,False,False,34,4,a,True,False,,64609f973c668a5e,UPSC official previous-question-paper archive,2025 source date <= PYQ year,,,,,UNVERIFIED,,,NOT DISCLOSED BY UPSC,No primary-source attribution entered without proposition-level evidence from a dated source published no later than the PYQ year.,,Inventory + analytical metadata complete; primary-source verification pending,BLOCKED_UNTIL_SOURCE_QA
UPSC-2025-GS1-Q075,2025,75,Medieval History,History,Medieval India,moderate,How-many/Count,3,False,False,False,29,4,c,True,False,,ff3c088e5d2caf97,UPSC official previous-question-paper archive,2025 source date <= PYQ year,,,,,UNVERIFIED,,,NOT DISCLOSED BY UPSC,No primary-source attribution entered without proposition-level evidence from a dated source published no later than the PYQ year.,,Inventory + analytical metadata complete; primary-source verification pending,BLOCKED_UNTIL_SOURCE_QA
UPSC-2025-GS1-Q076,2025,76,Geography,Geography,World Geography,moderate,How-many/Count,5,False,False,False,29,4,b,True,False,,6e56ba0e2392f7a6,UPSC official previous-question-paper archive,2025 source date <= PYQ year,,,,,UNVERIFIED,,,NOT DISCLOSED BY UPSC,No primary-source attribution entered without proposition-level evidence from a dated source published no later than the PYQ year.,,Inventory + analytical metadata complete; primary-source verification pending,BLOCKED_UNTIL_SOURCE_QA
UPSC-2025-GS1-Q077,2025,77,Geography,Geography,Astronomy & Earth–Sun System,moderate,Multi-statement,2,False,False,False,59,4,a,True,False,,2598b5de3d88e565,UPSC official previous-question-paper archive,2025 source date <= PYQ year,,,,,UNVERIFIED,,,NOT DISCLOSED BY UPSC,No primary-source attribution entered without proposition-level evidence from a dated source published no later than the PYQ year.,,Inventory + analytical metadata complete; primary-source verification pending,BLOCKED_UNTIL_SOURCE_QA
UPSC-2025-GS1-Q078,2025,78,Modern History,History,Social & Religious Reform Movements,easy,Single-answer,0,False,False,False,11,4,a,True,False,,bd366a2c50eafdd4,UPSC official previous-question-paper archive,2025 source date <= PYQ year,,,,,UNVERIFIED,,,NOT DISCLOSED BY UPSC,No primary-source attribution entered without proposition-level evidence from a dated source published no later than the PYQ year.,,Inventory + analytical metadata complete; primary-source verification pending,BLOCKED_UNTIL_SOURCE_QA
UPSC-2025-GS1-Q079,2025,79,Geography,Geography,World Geography,moderate,How-many/Count,2,False,False,False,21,4,c,True,False,SOURCE_BLANKED_FIELDS,ab030d01b3f0bb44,UPSC official previous-question-paper archive,2025 source date <= PYQ year,,,,,UNVERIFIED,,,NOT DISCLOSED BY UPSC,No primary-source attribution entered without proposition-level evidence from a dated source published no later than the PYQ year.,,Inventory + analytical metadata complete; primary-source verification pending,BLOCKED_UNTIL_SOURCE_QA
UPSC-2025-GS1-Q080,2025,80,Geography,Geography,World Geography,moderate,How-many/Count,2,False,False,False,21,4,d,True,False,SOURCE_BLANKED_FIELDS,ab030d01b3f0bb44,UPSC official previous-question-paper archive,2025 source date <= PYQ year,,,,,UNVERIFIED,,,NOT DISCLOSED BY UPSC,No primary-source attribution entered without proposition-level evidence from a dated source published no later than the PYQ year.,,Inventory + analytical metadata complete; primary-source verification pending,BLOCKED_UNTIL_SOURCE_QA
UPSC-2025-GS1-Q081,2025,81,Science,Science & Technology,Rare Earth Elements,moderate,Assertion/Relationship,0,False,False,False,47,4,a,True,False,,580e40cea4610052,UPSC official previous-question-paper archive,2025 source date <= PYQ year,,,,,UNVERIFIED,,,NOT DISCLOSED BY UPSC,No primary-source attribution entered without proposition-level evidence from a dated source published no later than the PYQ year.,,Inventory + analytical metadata complete; primary-source verification pending,BLOCKED_UNTIL_SOURCE_QA
UPSC-2025-GS1-Q082,2025,82,Economy,Economy,Infrastructure,moderate,Multi-statement,3,True,False,False,59,4,a,True,False,,5a13df101c46dd0c,UPSC official previous-question-paper archive,2025 source date <= PYQ year,,,,,UNVERIFIED,,,NOT DISCLOSED BY UPSC,No primary-source attribution entered without proposition-level evidence from a dated source published no later than the PYQ year.,,Inventory + analytical metadata complete; primary-source verification pending,BLOCKED_UNTIL_SOURCE_QA
UPSC-2025-GS1-Q083,2025,83,Science,Science & Technology,Space,moderate,How-many/Count,3,False,False,False,25,4,b,True,False,,4fac4badcdb65866,UPSC official previous-question-paper archive,2025 source date <= PYQ year,,,,,UNVERIFIED,,,NOT DISCLOSED BY UPSC,No primary-source attribution entered without proposition-level evidence from a dated source published no later than the PYQ year.,,Inventory + analytical metadata complete; primary-source verification pending,BLOCKED_UNTIL_SOURCE_QA
UPSC-2025-GS1-Q084,2025,84,Science and Technology,Science & Technology,Defence Technology,moderate,How-many/Count,2,False,False,False,23,4,b,True,False,SOURCE_BLANKED_FIELDS,b3687956e968c0e5,UPSC official previous-question-paper archive,2025 source date <= PYQ year,,,,,UNVERIFIED,,,NOT DISCLOSED BY UPSC,No primary-source attribution entered without proposition-level evidence from a dated source published no later than the PYQ year.,,Inventory + analytical metadata complete; primary-source verification pending,BLOCKED_UNTIL_SOURCE_QA
UPSC-2025-GS1-Q085,2025,85,Science and Technology,Science & Technology,Chemistry,easy,Single-answer,0,False,False,False,12,4,a,True,False,,b84bbb77eb71189c,UPSC official previous-question-paper archive,2025 source date <= PYQ year,,,,,UNVERIFIED,,,NOT DISCLOSED BY UPSC,No primary-source attribution entered without proposition-level evidence from a dated source published no later than the PYQ year.,,Inventory + analytical metadata complete; primary-source verification pending,BLOCKED_UNTIL_SOURCE_QA
UPSC-2025-GS1-Q086,2025,86,Polity,Polity & Governance,President,moderate,Multi-statement,2,False,False,False,53,4,a,True,False,,21d15119b2c15fab,UPSC official previous-question-paper archive,2025 source date <= PYQ year,,,,,UNVERIFIED,,,NOT DISCLOSED BY UPSC,No primary-source attribution entered without proposition-level evidence from a dated source published no later than the PYQ year.,,Inventory + analytical metadata complete; primary-source verification pending,BLOCKED_UNTIL_SOURCE_QA
UPSC-2025-GS1-Q087,2025,87,Indian Polity,Polity & Governance,Parliament & State Legislatures,moderate,Multi-statement,3,True,False,False,134,4,c,True,False,,bb0a4916dcee7d3d,UPSC official previous-question-paper archive,2025 source date <= PYQ year,,,,,UNVERIFIED,,,NOT DISCLOSED BY UPSC,No primary-source attribution entered without proposition-level evidence from a dated source published no later than the PYQ year.,,Inventory + analytical metadata complete; primary-source verification pending,BLOCKED_UNTIL_SOURCE_QA
UPSC-2025-GS1-Q088,2025,88,Indian Polity,Polity & Governance,Elections & Electoral Reforms,moderate,Multi-statement,2,False,False,False,70,4,d,True,False,,1843e298f4ef9bf4,UPSC official previous-question-paper archive,2025 source date <= PYQ year,,,,,UNVERIFIED,,,NOT DISCLOSED BY UPSC,No primary-source attribution entered without proposition-level evidence from a dated source published no later than the PYQ year.,,Inventory + analytical metadata complete; primary-source verification pending,BLOCKED_UNTIL_SOURCE_QA
UPSC-2025-GS1-Q089,2025,89,Indian Economy,Economy,Infrastructure & Industry,moderate,Assertion/Relationship,0,False,False,False,70,4,d,True,False,,578dfe066cfb9da3,UPSC official previous-question-paper archive,2025 source date <= PYQ year,,,,,UNVERIFIED,,,NOT DISCLOSED BY UPSC,No primary-source attribution entered without proposition-level evidence from a dated source published no later than the PYQ year.,,Inventory + analytical metadata complete; primary-source verification pending,BLOCKED_UNTIL_SOURCE_QA
UPSC-2025-GS1-Q090,2025,90,Environment & Ecology,Environment & Ecology,International Environmental Treaties & Summits,easy,Single-answer,0,False,False,False,16,4,a,True,False,,3fa2c85ee2c8b4b8,UPSC official previous-question-paper archive,2025 source date <= PYQ year,,,,,UNVERIFIED,,,NOT DISCLOSED BY UPSC,No primary-source attribution entered without proposition-level evidence from a dated source published no later than the PYQ year.,,Inventory + analytical metadata complete; primary-source verification pending,BLOCKED_UNTIL_SOURCE_QA
UPSC-2025-GS1-Q091,2025,91,Polity,Polity & Governance,Panchayati Raj,moderate,Multi-statement,3,True,False,False,96,4,d,True,False,,e5b7292fcc5b3496,UPSC official previous-question-paper archive,2025 source date <= PYQ year,,,,,UNVERIFIED,,,NOT DISCLOSED BY UPSC,No primary-source attribution entered without proposition-level evidence from a dated source published no later than the PYQ year.,,Inventory + analytical metadata complete; primary-source verification pending,BLOCKED_UNTIL_SOURCE_QA
UPSC-2025-GS1-Q092,2025,92,International Relations,International Relations,Regional Organizations,moderate,Multi-statement,4,False,False,False,70,4,d,True,False,,982ca87660cbd876,UPSC official previous-question-paper archive,2025 source date <= PYQ year,,,,,UNVERIFIED,,,NOT DISCLOSED BY UPSC,No primary-source attribution entered without proposition-level evidence from a dated source published no later than the PYQ year.,,Inventory + analytical metadata complete; primary-source verification pending,BLOCKED_UNTIL_SOURCE_QA
UPSC-2025-GS1-Q093,2025,93,Polity,Polity & Governance,Awards and Honours,easy,Single-answer,4,False,False,False,52,4,c,True,False,,39713ccc012ab87f,UPSC official previous-question-paper archive,2025 source date <= PYQ year,,,,,UNVERIFIED,,,NOT DISCLOSED BY UPSC,No primary-source attribution entered without proposition-level evidence from a dated source published no later than the PYQ year.,,Inventory + analytical metadata complete; primary-source verification pending,BLOCKED_UNTIL_SOURCE_QA
UPSC-2025-GS1-Q094,2025,94,Science & Technology,Science & Technology,Space Technology & Astronomy,moderate,Multi-statement,3,True,False,False,72,4,d,True,False,,bcebb70a92a14c10,UPSC official previous-question-paper archive,2025 source date <= PYQ year,,,,,UNVERIFIED,,,NOT DISCLOSED BY UPSC,No primary-source attribution entered without proposition-level evidence from a dated source published no later than the PYQ year.,,Inventory + analytical metadata complete; primary-source verification pending,BLOCKED_UNTIL_SOURCE_QA
UPSC-2025-GS1-Q095,2025,95,Current Affairs,Current Affairs,International Relations & Treaties,moderate,Multi-statement,2,False,True,False,68,4,a,True,False,,6fefdf67213780e4,UPSC official previous-question-paper archive,2025 source date <= PYQ year,,,,,UNVERIFIED,,,NOT DISCLOSED BY UPSC,No primary-source attribution entered without proposition-level evidence from a dated source published no later than the PYQ year.,,Inventory + analytical metadata complete; primary-source verification pending,BLOCKED_UNTIL_SOURCE_QA
UPSC-2025-GS1-Q096,2025,96,International Relations,International Relations,International Organizations,moderate,How-many/Count,2,False,False,False,19,4,d,True,False,SOURCE_BLANKED_FIELDS,c6e133d3c8e9e205,UPSC official previous-question-paper archive,2025 source date <= PYQ year,,,,,UNVERIFIED,,,NOT DISCLOSED BY UPSC,No primary-source attribution entered without proposition-level evidence from a dated source published no later than the PYQ year.,,Inventory + analytical metadata complete; primary-source verification pending,BLOCKED_UNTIL_SOURCE_QA
UPSC-2025-GS1-Q097,2025,97,Current Affairs,Current Affairs,International Organisations & Groupings,easy,Multi-statement,3,False,True,False,56,4,a,True,False,,0a294b8230e2bbe7,UPSC official previous-question-paper archive,2025 source date <= PYQ year,,,,,UNVERIFIED,,,NOT DISCLOSED BY UPSC,No primary-source attribution entered without proposition-level evidence from a dated source published no later than the PYQ year.,,Inventory + analytical metadata complete; primary-source verification pending,BLOCKED_UNTIL_SOURCE_QA
UPSC-2025-GS1-Q098,2025,98,Indian Polity,Polity & Governance,Constitutional & Statutory Bodies,difficult,Multi-statement,4,True,False,False,128,4,a,True,False,,16aaa3e715119186,UPSC official previous-question-paper archive,2025 source date <= PYQ year,,,,,UNVERIFIED,,,NOT DISCLOSED BY UPSC,No primary-source attribution entered without proposition-level evidence from a dated source published no later than the PYQ year.,,Inventory + analytical metadata complete; primary-source verification pending,BLOCKED_UNTIL_SOURCE_QA
UPSC-2025-GS1-Q099,2025,99,Current Affairs,Current Affairs,Other Sports & Personalities,easy,Multi-statement,3,False,True,False,72,4,a,True,False,,bada5b7943fef0c2,UPSC official previous-question-paper archive,2025 source date <= PYQ year,,,,,UNVERIFIED,,,NOT DISCLOSED BY UPSC,No primary-source attribution entered without proposition-level evidence from a dated source published no later than the PYQ year.,,Inventory + analytical metadata complete; primary-source verification pending,BLOCKED_UNTIL_SOURCE_QA
UPSC-2025-GS1-Q100,2025,100,Current Affairs,Current Affairs,Other Sports & Personalities,moderate,Multi-statement,2,False,True,False,55,4,b,True,False,,e33fef1279701886,UPSC official previous-question-paper archive,2025 source date <= PYQ year,,,,,UNVERIFIED,,,NOT DISCLOSED BY UPSC,No primary-source attribution entered without proposition-level evidence from a dated source published no later than the PYQ year.,,Inventory + analytical metadata complete; primary-source verification pending,BLOCKED_UNTIL_SOURCE_QA
UPSC-2026-GS1-Q001,2026,1,,,,,,,,,,113,4,,,,,,UPSC official previous-question-paper archive,2026 source date <= PYQ year,,,,,UNVERIFIED,UnlockIAS reproduction/analysis available; treated only as a secondary question-text cross-check,https://www.unlockias.in/upsc-prelims-pyq/2026,NOT DISCLOSED BY UPSC,Question text/answer reproduction is not evidence of setter-source attribution. Primary institutional source must be independently located and proposition-matched.,,Question inventory created; forensic source verification pending,BLOCKED_UNTIL_SOURCE_QA
UPSC-2026-GS1-Q002,2026,2,,,,,,,,,,32,4,,,,,,UPSC official previous-question-paper archive,2026 source date <= PYQ year,,,,,UNVERIFIED,UnlockIAS reproduction/analysis available; treated only as a secondary question-text cross-check,https://www.unlockias.in/upsc-prelims-pyq/2026,NOT DISCLOSED BY UPSC,Question text/answer reproduction is not evidence of setter-source attribution. Primary institutional source must be independently located and proposition-matched.,,Question inventory created; forensic source verification pending,BLOCKED_UNTIL_SOURCE_QA
UPSC-2026-GS1-Q003,2026,3,,,,,,,,,,60,4,,,,,,UPSC official previous-question-paper archive,2026 source date <= PYQ year,,,,,UNVERIFIED,UnlockIAS reproduction/analysis available; treated only as a secondary question-text cross-check,https://www.unlockias.in/upsc-prelims-pyq/2026,NOT DISCLOSED BY UPSC,Question text/answer reproduction is not evidence of setter-source attribution. Primary institutional source must be independently located and proposition-matched.,,Question inventory created; forensic source verification pending,BLOCKED_UNTIL_SOURCE_QA
UPSC-2026-GS1-Q004,2026,4,,,,,,,,,,94,4,,,,,,UPSC official previous-question-paper archive,2026 source date <= PYQ year,,,,,UNVERIFIED,UnlockIAS reproduction/analysis available; treated only as a secondary question-text cross-check,https://www.unlockias.in/upsc-prelims-pyq/2026,NOT DISCLOSED BY UPSC,Question text/answer reproduction is not evidence of setter-source attribution. Primary institutional source must be independently located and proposition-matched.,,Question inventory created; forensic source verification pending,BLOCKED_UNTIL_SOURCE_QA
UPSC-2026-GS1-Q005,2026,5,,,,,,,,,,57,4,,,,,,UPSC official previous-question-paper archive,2026 source date <= PYQ year,,,,,UNVERIFIED,UnlockIAS reproduction/analysis available; treated only as a secondary question-text cross-check,https://www.unlockias.in/upsc-prelims-pyq/2026,NOT DISCLOSED BY UPSC,Question text/answer reproduction is not evidence of setter-source attribution. Primary institutional source must be independently located and proposition-matched.,,Question inventory created; forensic source verification pending,BLOCKED_UNTIL_SOURCE_QA
UPSC-2026-GS1-Q006,2026,6,,,,,,,,,,103,4,,,,,,UPSC official previous-question-paper archive,2026 source date <= PYQ year,,,,,UNVERIFIED,UnlockIAS reproduction/analysis available; treated only as a secondary question-text cross-check,https://www.unlockias.in/upsc-prelims-pyq/2026,NOT DISCLOSED BY UPSC,Question text/answer reproduction is not evidence of setter-source attribution. Primary institutional source must be independently located and proposition-matched.,,Question inventory created; forensic source verification pending,BLOCKED_UNTIL_SOURCE_QA
UPSC-2026-GS1-Q007,2026,7,,,,,,,,,,92,4,,,,,,UPSC official previous-question-paper archive,2026 source date <= PYQ year,,,,,UNVERIFIED,UnlockIAS reproduction/analysis available; treated only as a secondary question-text cross-check,https://www.unlockias.in/upsc-prelims-pyq/2026,NOT DISCLOSED BY UPSC,Question text/answer reproduction is not evidence of setter-source attribution. Primary institutional source must be independently located and proposition-matched.,,Question inventory created; forensic source verification pending,BLOCKED_UNTIL_SOURCE_QA
UPSC-2026-GS1-Q008,2026,8,,,,,,,,,,96,4,,,,,,UPSC official previous-question-paper archive,2026 source date <= PYQ year,,,,,UNVERIFIED,UnlockIAS reproduction/analysis available; treated only as a secondary question-text cross-check,https://www.unlockias.in/upsc-prelims-pyq/2026,NOT DISCLOSED BY UPSC,Question text/answer reproduction is not evidence of setter-source attribution. Primary institutional source must be independently located and proposition-matched.,,Question inventory created; forensic source verification pending,BLOCKED_UNTIL_SOURCE_QA
UPSC-2026-GS1-Q009,2026,9,,,,,,,,,,29,4,,,,,,UPSC official previous-question-paper archive,2026 source date <= PYQ year,,,,,UNVERIFIED,UnlockIAS reproduction/analysis available; treated only as a secondary question-text cross-check,https://www.unlockias.in/upsc-prelims-pyq/2026,NOT DISCLOSED BY UPSC,Question text/answer reproduction is not evidence of setter-source attribution. Primary institutional source must be independently located and proposition-matched.,,Question inventory created; forensic source verification pending,BLOCKED_UNTIL_SOURCE_QA
UPSC-2026-GS1-Q010,2026,10,,,,,,,,,,27,4,,,,,,UPSC official previous-question-paper archive,2026 source date <= PYQ year,,,,,UNVERIFIED,UnlockIAS reproduction/analysis available; treated only as a secondary question-text cross-check,https://www.unlockias.in/upsc-prelims-pyq/2026,NOT DISCLOSED BY UPSC,Question text/answer reproduction is not evidence of setter-source attribution. Primary institutional source must be independently located and proposition-matched.,,Question inventory created; forensic source verification pending,BLOCKED_UNTIL_SOURCE_QA
UPSC-2026-GS1-Q011,2026,11,,,,,,,,,,29,4,,,,,,UPSC official previous-question-paper archive,2026 source date <= PYQ year,,,,,UNVERIFIED,UnlockIAS reproduction/analysis available; treated only as a secondary question-text cross-check,https://www.unlockias.in/upsc-prelims-pyq/2026,NOT DISCLOSED BY UPSC,Question text/answer reproduction is not evidence of setter-source attribution. Primary institutional source must be independently located and proposition-matched.,,Question inventory created; forensic source verification pending,BLOCKED_UNTIL_SOURCE_QA
UPSC-2026-GS1-Q012,2026,12,,,,,,,,,,67,4,,,,,,UPSC official previous-question-paper archive,2026 source date <= PYQ year,,,,,UNVERIFIED,UnlockIAS reproduction/analysis available; treated only as a secondary question-text cross-check,https://www.unlockias.in/upsc-prelims-pyq/2026,NOT DISCLOSED BY UPSC,Question text/answer reproduction is not evidence of setter-source attribution. Primary institutional source must be independently located and proposition-matched.,,Question inventory created; forensic source verification pending,BLOCKED_UNTIL_SOURCE_QA
UPSC-2026-GS1-Q013,2026,13,,,,,,,,,,94,4,,,,,,UPSC official previous-question-paper archive,2026 source date <= PYQ year,,,,,UNVERIFIED,UnlockIAS reproduction/analysis available; treated only as a secondary question-text cross-check,https://www.unlockias.in/upsc-prelims-pyq/2026,NOT DISCLOSED BY UPSC,Question text/answer reproduction is not evidence of setter-source attribution. Primary institutional source must be independently located and proposition-matched.,,Question inventory created; forensic source verification pending,BLOCKED_UNTIL_SOURCE_QA
UPSC-2026-GS1-Q014,2026,14,,,,,,,,,,52,4,,,,,,UPSC official previous-question-paper archive,2026 source date <= PYQ year,,,,,UNVERIFIED,UnlockIAS reproduction/analysis available; treated only as a secondary question-text cross-check,https://www.unlockias.in/upsc-prelims-pyq/2026,NOT DISCLOSED BY UPSC,Question text/answer reproduction is not evidence of setter-source attribution. Primary institutional source must be independently located and proposition-matched.,,Question inventory created; forensic source verification pending,BLOCKED_UNTIL_SOURCE_QA
UPSC-2026-GS1-Q015,2026,15,,,,,,,,,,40,4,,,,,,UPSC official previous-question-paper archive,2026 source date <= PYQ year,,,,,UNVERIFIED,UnlockIAS reproduction/analysis available; treated only as a secondary question-text cross-check,https://www.unlockias.in/upsc-prelims-pyq/2026,NOT DISCLOSED BY UPSC,Question text/answer reproduction is not evidence of setter-source attribution. Primary institutional source must be independently located and proposition-matched.,,Question inventory created; forensic source verification pending,BLOCKED_UNTIL_SOURCE_QA
UPSC-2026-GS1-Q016,2026,16,,,,,,,,,,37,4,,,,,,UPSC official previous-question-paper archive,2026 source date <= PYQ year,,,,,UNVERIFIED,UnlockIAS reproduction/analysis available; treated only as a secondary question-text cross-check,https://www.unlockias.in/upsc-prelims-pyq/2026,NOT DISCLOSED BY UPSC,Question text/answer reproduction is not evidence of setter-source attribution. Primary institutional source must be independently located and proposition-matched.,,Question inventory created; forensic source verification pending,BLOCKED_UNTIL_SOURCE_QA
UPSC-2026-GS1-Q017,2026,17,,,,,,,,,,100,4,,,,,,UPSC official previous-question-paper archive,2026 source date <= PYQ year,,,,,UNVERIFIED,UnlockIAS reproduction/analysis available; treated only as a secondary question-text cross-check,https://www.unlockias.in/upsc-prelims-pyq/2026,NOT DISCLOSED BY UPSC,Question text/answer reproduction is not evidence of setter-source attribution. Primary institutional source must be independently located and proposition-matched.,,Question inventory created; forensic source verification pending,BLOCKED_UNTIL_SOURCE_QA
UPSC-2026-GS1-Q018,2026,18,,,,,,,,,,147,4,,,,,,UPSC official previous-question-paper archive,2026 source date <= PYQ year,,,,,UNVERIFIED,UnlockIAS reproduction/analysis available; treated only as a secondary question-text cross-check,https://www.unlockias.in/upsc-prelims-pyq/2026,NOT DISCLOSED BY UPSC,Question text/answer reproduction is not evidence of setter-source attribution. Primary institutional source must be independently located and proposition-matched.,,Question inventory created; forensic source verification pending,BLOCKED_UNTIL_SOURCE_QA
UPSC-2026-GS1-Q019,2026,19,,,,,,,,,,122,4,,,,,,UPSC official previous-question-paper archive,2026 source date <= PYQ year,,,,,UNVERIFIED,UnlockIAS reproduction/analysis available; treated only as a secondary question-text cross-check,https://www.unlockias.in/upsc-prelims-pyq/2026,NOT DISCLOSED BY UPSC,Question text/answer reproduction is not evidence of setter-source attribution. Primary institutional source must be independently located and proposition-matched.,,Question inventory created; forensic source verification pending,BLOCKED_UNTIL_SOURCE_QA
UPSC-2026-GS1-Q020,2026,20,,,,,,,,,,161,4,,,,,,UPSC official previous-question-paper archive,2026 source date <= PYQ year,,,,,UNVERIFIED,UnlockIAS reproduction/analysis available; treated only as a secondary question-text cross-check,https://www.unlockias.in/upsc-prelims-pyq/2026,NOT DISCLOSED BY UPSC,Question text/answer reproduction is not evidence of setter-source attribution. Primary institutional source must be independently located and proposition-matched.,,Question inventory created; forensic source verification pending,BLOCKED_UNTIL_SOURCE_QA
UPSC-2026-GS1-Q021,2026,21,,,,,,,,,,35,4,,,,,,UPSC official previous-question-paper archive,2026 source date <= PYQ year,,,,,UNVERIFIED,UnlockIAS reproduction/analysis available; treated only as a secondary question-text cross-check,https://www.unlockias.in/upsc-prelims-pyq/2026,NOT DISCLOSED BY UPSC,Question text/answer reproduction is not evidence of setter-source attribution. Primary institutional source must be independently located and proposition-matched.,,Question inventory created; forensic source verification pending,BLOCKED_UNTIL_SOURCE_QA
UPSC-2026-GS1-Q022,2026,22,,,,,,,,,,76,4,,,,,,UPSC official previous-question-paper archive,2026 source date <= PYQ year,,,,,UNVERIFIED,UnlockIAS reproduction/analysis available; treated only as a secondary question-text cross-check,https://www.unlockias.in/upsc-prelims-pyq/2026,NOT DISCLOSED BY UPSC,Question text/answer reproduction is not evidence of setter-source attribution. Primary institutional source must be independently located and proposition-matched.,,Question inventory created; forensic source verification pending,BLOCKED_UNTIL_SOURCE_QA
UPSC-2026-GS1-Q023,2026,23,,,,,,,,,,74,4,,,,,,UPSC official previous-question-paper archive,2026 source date <= PYQ year,,,,,UNVERIFIED,UnlockIAS reproduction/analysis available; treated only as a secondary question-text cross-check,https://www.unlockias.in/upsc-prelims-pyq/2026,NOT DISCLOSED BY UPSC,Question text/answer reproduction is not evidence of setter-source attribution. Primary institutional source must be independently located and proposition-matched.,,Question inventory created; forensic source verification pending,BLOCKED_UNTIL_SOURCE_QA
UPSC-2026-GS1-Q024,2026,24,,,,,,,,,,80,4,,,,,,UPSC official previous-question-paper archive,2026 source date <= PYQ year,,,,,UNVERIFIED,UnlockIAS reproduction/analysis available; treated only as a secondary question-text cross-check,https://www.unlockias.in/upsc-prelims-pyq/2026,NOT DISCLOSED BY UPSC,Question text/answer reproduction is not evidence of setter-source attribution. Primary institutional source must be independently located and proposition-matched.,,Question inventory created; forensic source verification pending,BLOCKED_UNTIL_SOURCE_QA
UPSC-2026-GS1-Q025,2026,25,,,,,,,,,,161,4,,,,,,UPSC official previous-question-paper archive,2026 source date <= PYQ year,,,,,UNVERIFIED,UnlockIAS reproduction/analysis available; treated only as a secondary question-text cross-check,https://www.unlockias.in/upsc-prelims-pyq/2026,NOT DISCLOSED BY UPSC,Question text/answer reproduction is not evidence of setter-source attribution. Primary institutional source must be independently located and proposition-matched.,,Question inventory created; forensic source verification pending,BLOCKED_UNTIL_SOURCE_QA
UPSC-2026-GS1-Q026,2026,26,,,,,,,,,,60,4,,,,,,UPSC official previous-question-paper archive,2026 source date <= PYQ year,,,,,UNVERIFIED,UnlockIAS reproduction/analysis available; treated only as a secondary question-text cross-check,https://www.unlockias.in/upsc-prelims-pyq/2026,NOT DISCLOSED BY UPSC,Question text/answer reproduction is not evidence of setter-source attribution. Primary institutional source must be independently located and proposition-matched.,,Question inventory created; forensic source verification pending,BLOCKED_UNTIL_SOURCE_QA
UPSC-2026-GS1-Q027,2026,27,,,,,,,,,,93,4,,,,,,UPSC official previous-question-paper archive,2026 source date <= PYQ year,,,,,UNVERIFIED,UnlockIAS reproduction/analysis available; treated only as a secondary question-text cross-check,https://www.unlockias.in/upsc-prelims-pyq/2026,NOT DISCLOSED BY UPSC,Question text/answer reproduction is not evidence of setter-source attribution. Primary institutional source must be independently located and proposition-matched.,,Question inventory created; forensic source verification pending,BLOCKED_UNTIL_SOURCE_QA
UPSC-2026-GS1-Q028,2026,28,,,,,,,,,,106,4,,,,,,UPSC official previous-question-paper archive,2026 source date <= PYQ year,,,,,UNVERIFIED,UnlockIAS reproduction/analysis available; treated only as a secondary question-text cross-check,https://www.unlockias.in/upsc-prelims-pyq/2026,NOT DISCLOSED BY UPSC,Question text/answer reproduction is not evidence of setter-source attribution. Primary institutional source must be independently located and proposition-matched.,,Question inventory created; forensic source verification pending,BLOCKED_UNTIL_SOURCE_QA
UPSC-2026-GS1-Q029,2026,29,,,,,,,,,,88,4,,,,,,UPSC official previous-question-paper archive,2026 source date <= PYQ year,,,,,UNVERIFIED,UnlockIAS reproduction/analysis available; treated only as a secondary question-text cross-check,https://www.unlockias.in/upsc-prelims-pyq/2026,NOT DISCLOSED BY UPSC,Question text/answer reproduction is not evidence of setter-source attribution. Primary institutional source must be independently located and proposition-matched.,,Question inventory created; forensic source verification pending,BLOCKED_UNTIL_SOURCE_QA
UPSC-2026-GS1-Q030,2026,30,,,,,,,,,,53,4,,,,,,UPSC official previous-question-paper archive,2026 source date <= PYQ year,,,,,UNVERIFIED,UnlockIAS reproduction/analysis available; treated only as a secondary question-text cross-check,https://www.unlockias.in/upsc-prelims-pyq/2026,NOT DISCLOSED BY UPSC,Question text/answer reproduction is not evidence of setter-source attribution. Primary institutional source must be independently located and proposition-matched.,,Question inventory created; forensic source verification pending,BLOCKED_UNTIL_SOURCE_QA
UPSC-2026-GS1-Q031,2026,31,,,,,,,,,,137,4,,,,,,UPSC official previous-question-paper archive,2026 source date <= PYQ year,,,,,UNVERIFIED,UnlockIAS reproduction/analysis available; treated only as a secondary question-text cross-check,https://www.unlockias.in/upsc-prelims-pyq/2026,NOT DISCLOSED BY UPSC,Question text/answer reproduction is not evidence of setter-source attribution. Primary institutional source must be independently located and proposition-matched.,,Question inventory created; forensic source verification pending,BLOCKED_UNTIL_SOURCE_QA
UPSC-2026-GS1-Q032,2026,32,,,,,,,,,,93,4,,,,,,UPSC official previous-question-paper archive,2026 source date <= PYQ year,,,,,UNVERIFIED,UnlockIAS reproduction/analysis available; treated only as a secondary question-text cross-check,https://www.unlockias.in/upsc-prelims-pyq/2026,NOT DISCLOSED BY UPSC,Question text/answer reproduction is not evidence of setter-source attribution. Primary institutional source must be independently located and proposition-matched.,,Question inventory created; forensic source verification pending,BLOCKED_UNTIL_SOURCE_QA
UPSC-2026-GS1-Q033,2026,33,,,,,,,,,,104,4,,,,,,UPSC official previous-question-paper archive,2026 source date <= PYQ year,,,,,UNVERIFIED,UnlockIAS reproduction/analysis available; treated only as a secondary question-text cross-check,https://www.unlockias.in/upsc-prelims-pyq/2026,NOT DISCLOSED BY UPSC,Question text/answer reproduction is not evidence of setter-source attribution. Primary institutional source must be independently located and proposition-matched.,,Question inventory created; forensic source verification pending,BLOCKED_UNTIL_SOURCE_QA
UPSC-2026-GS1-Q034,2026,34,,,,,,,,,,114,4,,,,,,UPSC official previous-question-paper archive,2026 source date <= PYQ year,,,,,UNVERIFIED,UnlockIAS reproduction/analysis available; treated only as a secondary question-text cross-check,https://www.unlockias.in/upsc-prelims-pyq/2026,NOT DISCLOSED BY UPSC,Question text/answer reproduction is not evidence of setter-source attribution. Primary institutional source must be independently located and proposition-matched.,,Question inventory created; forensic source verification pending,BLOCKED_UNTIL_SOURCE_QA
UPSC-2026-GS1-Q035,2026,35,,,,,,,,,,65,4,,,,,,UPSC official previous-question-paper archive,2026 source date <= PYQ year,,,,,UNVERIFIED,UnlockIAS reproduction/analysis available; treated only as a secondary question-text cross-check,https://www.unlockias.in/upsc-prelims-pyq/2026,NOT DISCLOSED BY UPSC,Question text/answer reproduction is not evidence of setter-source attribution. Primary institutional source must be independently located and proposition-matched.,,Question inventory created; forensic source verification pending,BLOCKED_UNTIL_SOURCE_QA
UPSC-2026-GS1-Q036,2026,36,,,,,,,,,,82,4,,,,,,UPSC official previous-question-paper archive,2026 source date <= PYQ year,,,,,UNVERIFIED,UnlockIAS reproduction/analysis available; treated only as a secondary question-text cross-check,https://www.unlockias.in/upsc-prelims-pyq/2026,NOT DISCLOSED BY UPSC,Question text/answer reproduction is not evidence of setter-source attribution. Primary institutional source must be independently located and proposition-matched.,,Question inventory created; forensic source verification pending,BLOCKED_UNTIL_SOURCE_QA
UPSC-2026-GS1-Q037,2026,37,,,,,,,,,,106,4,,,,,,UPSC official previous-question-paper archive,2026 source date <= PYQ year,,,,,UNVERIFIED,UnlockIAS reproduction/analysis available; treated only as a secondary question-text cross-check,https://www.unlockias.in/upsc-prelims-pyq/2026,NOT DISCLOSED BY UPSC,Question text/answer reproduction is not evidence of setter-source attribution. Primary institutional source must be independently located and proposition-matched.,,Question inventory created; forensic source verification pending,BLOCKED_UNTIL_SOURCE_QA
UPSC-2026-GS1-Q038,2026,38,,,,,,,,,,73,4,,,,,,UPSC official previous-question-paper archive,2026 source date <= PYQ year,,,,,UNVERIFIED,UnlockIAS reproduction/analysis available; treated only as a secondary question-text cross-check,https://www.unlockias.in/upsc-prelims-pyq/2026,NOT DISCLOSED BY UPSC,Question text/answer reproduction is not evidence of setter-source attribution. Primary institutional source must be independently located and proposition-matched.,,Question inventory created; forensic source verification pending,BLOCKED_UNTIL_SOURCE_QA
UPSC-2026-GS1-Q039,2026,39,,,,,,,,,,86,4,,,,,,UPSC official previous-question-paper archive,2026 source date <= PYQ year,,,,,UNVERIFIED,UnlockIAS reproduction/analysis available; treated only as a secondary question-text cross-check,https://www.unlockias.in/upsc-prelims-pyq/2026,NOT DISCLOSED BY UPSC,Question text/answer reproduction is not evidence of setter-source attribution. Primary institutional source must be independently located and proposition-matched.,,Question inventory created; forensic source verification pending,BLOCKED_UNTIL_SOURCE_QA
UPSC-2026-GS1-Q040,2026,40,,,,,,,,,,57,4,,,,,,UPSC official previous-question-paper archive,2026 source date <= PYQ year,,,,,UNVERIFIED,UnlockIAS reproduction/analysis available; treated only as a secondary question-text cross-check,https://www.unlockias.in/upsc-prelims-pyq/2026,NOT DISCLOSED BY UPSC,Question text/answer reproduction is not evidence of setter-source attribution. Primary institutional source must be independently located and proposition-matched.,,Question inventory created; forensic source verification pending,BLOCKED_UNTIL_SOURCE_QA
UPSC-2026-GS1-Q041,2026,41,,,,,,,,,,122,4,,,,,,UPSC official previous-question-paper archive,2026 source date <= PYQ year,,,,,UNVERIFIED,UnlockIAS reproduction/analysis available; treated only as a secondary question-text cross-check,https://www.unlockias.in/upsc-prelims-pyq/2026,NOT DISCLOSED BY UPSC,Question text/answer reproduction is not evidence of setter-source attribution. Primary institutional source must be independently located and proposition-matched.,,Question inventory created; forensic source verification pending,BLOCKED_UNTIL_SOURCE_QA
UPSC-2026-GS1-Q042,2026,42,,,,,,,,,,135,4,,,,,,UPSC official previous-question-paper archive,2026 source date <= PYQ year,,,,,UNVERIFIED,UnlockIAS reproduction/analysis available; treated only as a secondary question-text cross-check,https://www.unlockias.in/upsc-prelims-pyq/2026,NOT DISCLOSED BY UPSC,Question text/answer reproduction is not evidence of setter-source attribution. Primary institutional source must be independently located and proposition-matched.,,Question inventory created; forensic source verification pending,BLOCKED_UNTIL_SOURCE_QA
UPSC-2026-GS1-Q043,2026,43,,,,,,,,,,112,4,,,,,,UPSC official previous-question-paper archive,2026 source date <= PYQ year,,,,,UNVERIFIED,UnlockIAS reproduction/analysis available; treated only as a secondary question-text cross-check,https://www.unlockias.in/upsc-prelims-pyq/2026,NOT DISCLOSED BY UPSC,Question text/answer reproduction is not evidence of setter-source attribution. Primary institutional source must be independently located and proposition-matched.,,Question inventory created; forensic source verification pending,BLOCKED_UNTIL_SOURCE_QA
UPSC-2026-GS1-Q044,2026,44,,,,,,,,,,74,4,,,,,,UPSC official previous-question-paper archive,2026 source date <= PYQ year,,,,,UNVERIFIED,UnlockIAS reproduction/analysis available; treated only as a secondary question-text cross-check,https://www.unlockias.in/upsc-prelims-pyq/2026,NOT DISCLOSED BY UPSC,Question text/answer reproduction is not evidence of setter-source attribution. Primary institutional source must be independently located and proposition-matched.,,Question inventory created; forensic source verification pending,BLOCKED_UNTIL_SOURCE_QA
UPSC-2026-GS1-Q045,2026,45,,,,,,,,,,97,4,,,,,,UPSC official previous-question-paper archive,2026 source date <= PYQ year,,,,,UNVERIFIED,UnlockIAS reproduction/analysis available; treated only as a secondary question-text cross-check,https://www.unlockias.in/upsc-prelims-pyq/2026,NOT DISCLOSED BY UPSC,Question text/answer reproduction is not evidence of setter-source attribution. Primary institutional source must be independently located and proposition-matched.,,Question inventory created; forensic source verification pending,BLOCKED_UNTIL_SOURCE_QA
UPSC-2026-GS1-Q046,2026,46,,,,,,,,,,43,4,,,,,,UPSC official previous-question-paper archive,2026 source date <= PYQ year,,,,,UNVERIFIED,UnlockIAS reproduction/analysis available; treated only as a secondary question-text cross-check,https://www.unlockias.in/upsc-prelims-pyq/2026,NOT DISCLOSED BY UPSC,Question text/answer reproduction is not evidence of setter-source attribution. Primary institutional source must be independently located and proposition-matched.,,Question inventory created; forensic source verification pending,BLOCKED_UNTIL_SOURCE_QA
UPSC-2026-GS1-Q047,2026,47,,,,,,,,,,104,4,,,,,,UPSC official previous-question-paper archive,2026 source date <= PYQ year,,,,,UNVERIFIED,UnlockIAS reproduction/analysis available; treated only as a secondary question-text cross-check,https://www.unlockias.in/upsc-prelims-pyq/2026,NOT DISCLOSED BY UPSC,Question text/answer reproduction is not evidence of setter-source attribution. Primary institutional source must be independently located and proposition-matched.,,Question inventory created; forensic source verification pending,BLOCKED_UNTIL_SOURCE_QA
UPSC-2026-GS1-Q048,2026,48,,,,,,,,,,65,4,,,,,,UPSC official previous-question-paper archive,2026 source date <= PYQ year,,,,,UNVERIFIED,UnlockIAS reproduction/analysis available; treated only as a secondary question-text cross-check,https://www.unlockias.in/upsc-prelims-pyq/2026,NOT DISCLOSED BY UPSC,Question text/answer reproduction is not evidence of setter-source attribution. Primary institutional source must be independently located and proposition-matched.,,Question inventory created; forensic source verification pending,BLOCKED_UNTIL_SOURCE_QA
UPSC-2026-GS1-Q049,2026,49,,,,,,,,,,68,4,,,,,,UPSC official previous-question-paper archive,2026 source date <= PYQ year,,,,,UNVERIFIED,UnlockIAS reproduction/analysis available; treated only as a secondary question-text cross-check,https://www.unlockias.in/upsc-prelims-pyq/2026,NOT DISCLOSED BY UPSC,Question text/answer reproduction is not evidence of setter-source attribution. Primary institutional source must be independently located and proposition-matched.,,Question inventory created; forensic source verification pending,BLOCKED_UNTIL_SOURCE_QA
UPSC-2026-GS1-Q050,2026,50,,,,,,,,,,93,4,,,,,,UPSC official previous-question-paper archive,2026 source date <= PYQ year,,,,,UNVERIFIED,UnlockIAS reproduction/analysis available; treated only as a secondary question-text cross-check,https://www.unlockias.in/upsc-prelims-pyq/2026,NOT DISCLOSED BY UPSC,Question text/answer reproduction is not evidence of setter-source attribution. Primary institutional source must be independently located and proposition-matched.,,Question inventory created; forensic source verification pending,BLOCKED_UNTIL_SOURCE_QA
UPSC-2026-GS1-Q051,2026,51,,,,,,,,,,109,4,,,,,,UPSC official previous-question-paper archive,2026 source date <= PYQ year,,,,,UNVERIFIED,UnlockIAS reproduction/analysis available; treated only as a secondary question-text cross-check,https://www.unlockias.in/upsc-prelims-pyq/2026,NOT DISCLOSED BY UPSC,Question text/answer reproduction is not evidence of setter-source attribution. Primary institutional source must be independently located and proposition-matched.,,Question inventory created; forensic source verification pending,BLOCKED_UNTIL_SOURCE_QA
UPSC-2026-GS1-Q052,2026,52,,,,,,,,,,59,4,,,,,,UPSC official previous-question-paper archive,2026 source date <= PYQ year,,,,,UNVERIFIED,UnlockIAS reproduction/analysis available; treated only as a secondary question-text cross-check,https://www.unlockias.in/upsc-prelims-pyq/2026,NOT DISCLOSED BY UPSC,Question text/answer reproduction is not evidence of setter-source attribution. Primary institutional source must be independently located and proposition-matched.,,Question inventory created; forensic source verification pending,BLOCKED_UNTIL_SOURCE_QA
UPSC-2026-GS1-Q053,2026,53,,,,,,,,,,56,4,,,,,,UPSC official previous-question-paper archive,2026 source date <= PYQ year,,,,,UNVERIFIED,UnlockIAS reproduction/analysis available; treated only as a secondary question-text cross-check,https://www.unlockias.in/upsc-prelims-pyq/2026,NOT DISCLOSED BY UPSC,Question text/answer reproduction is not evidence of setter-source attribution. Primary institutional source must be independently located and proposition-matched.,,Question inventory created; forensic source verification pending,BLOCKED_UNTIL_SOURCE_QA
UPSC-2026-GS1-Q054,2026,54,,,,,,,,,,61,4,,,,,,UPSC official previous-question-paper archive,2026 source date <= PYQ year,,,,,UNVERIFIED,UnlockIAS reproduction/analysis available; treated only as a secondary question-text cross-check,https://www.unlockias.in/upsc-prelims-pyq/2026,NOT DISCLOSED BY UPSC,Question text/answer reproduction is not evidence of setter-source attribution. Primary institutional source must be independently located and proposition-matched.,,Question inventory created; forensic source verification pending,BLOCKED_UNTIL_SOURCE_QA
UPSC-2026-GS1-Q055,2026,55,,,,,,,,,,130,4,,,,,,UPSC official previous-question-paper archive,2026 source date <= PYQ year,,,,,UNVERIFIED,UnlockIAS reproduction/analysis available; treated only as a secondary question-text cross-check,https://www.unlockias.in/upsc-prelims-pyq/2026,NOT DISCLOSED BY UPSC,Question text/answer reproduction is not evidence of setter-source attribution. Primary institutional source must be independently located and proposition-matched.,,Question inventory created; forensic source verification pending,BLOCKED_UNTIL_SOURCE_QA
UPSC-2026-GS1-Q056,2026,56,,,,,,,,,,96,4,,,,,,UPSC official previous-question-paper archive,2026 source date <= PYQ year,,,,,UNVERIFIED,UnlockIAS reproduction/analysis available; treated only as a secondary question-text cross-check,https://www.unlockias.in/upsc-prelims-pyq/2026,NOT DISCLOSED BY UPSC,Question text/answer reproduction is not evidence of setter-source attribution. Primary institutional source must be independently located and proposition-matched.,,Question inventory created; forensic source verification pending,BLOCKED_UNTIL_SOURCE_QA
UPSC-2026-GS1-Q057,2026,57,,,,,,,,,,36,4,,,,,,UPSC official previous-question-paper archive,2026 source date <= PYQ year,,,,,UNVERIFIED,UnlockIAS reproduction/analysis available; treated only as a secondary question-text cross-check,https://www.unlockias.in/upsc-prelims-pyq/2026,NOT DISCLOSED BY UPSC,Question text/answer reproduction is not evidence of setter-source attribution. Primary institutional source must be independently located and proposition-matched.,,Question inventory created; forensic source verification pending,BLOCKED_UNTIL_SOURCE_QA
UPSC-2026-GS1-Q058,2026,58,,,,,,,,,,76,4,,,,,,UPSC official previous-question-paper archive,2026 source date <= PYQ year,,,,,UNVERIFIED,UnlockIAS reproduction/analysis available; treated only as a secondary question-text cross-check,https://www.unlockias.in/upsc-prelims-pyq/2026,NOT DISCLOSED BY UPSC,Question text/answer reproduction is not evidence of setter-source attribution. Primary institutional source must be independently located and proposition-matched.,,Question inventory created; forensic source verification pending,BLOCKED_UNTIL_SOURCE_QA
UPSC-2026-GS1-Q059,2026,59,,,,,,,,,,76,4,,,,,,UPSC official previous-question-paper archive,2026 source date <= PYQ year,,,,,UNVERIFIED,UnlockIAS reproduction/analysis available; treated only as a secondary question-text cross-check,https://www.unlockias.in/upsc-prelims-pyq/2026,NOT DISCLOSED BY UPSC,Question text/answer reproduction is not evidence of setter-source attribution. Primary institutional source must be independently located and proposition-matched.,,Question inventory created; forensic source verification pending,BLOCKED_UNTIL_SOURCE_QA
UPSC-2026-GS1-Q060,2026,60,,,,,,,,,,112,4,,,,,,UPSC official previous-question-paper archive,2026 source date <= PYQ year,,,,,UNVERIFIED,UnlockIAS reproduction/analysis available; treated only as a secondary question-text cross-check,https://www.unlockias.in/upsc-prelims-pyq/2026,NOT DISCLOSED BY UPSC,Question text/answer reproduction is not evidence of setter-source attribution. Primary institutional source must be independently located and proposition-matched.,,Question inventory created; forensic source verification pending,BLOCKED_UNTIL_SOURCE_QA
UPSC-2026-GS1-Q061,2026,61,,,,,,,,,,90,4,,,,,,UPSC official previous-question-paper archive,2026 source date <= PYQ year,,,,,UNVERIFIED,UnlockIAS reproduction/analysis available; treated only as a secondary question-text cross-check,https://www.unlockias.in/upsc-prelims-pyq/2026,NOT DISCLOSED BY UPSC,Question text/answer reproduction is not evidence of setter-source attribution. Primary institutional source must be independently located and proposition-matched.,,Question inventory created; forensic source verification pending,BLOCKED_UNTIL_SOURCE_QA
UPSC-2026-GS1-Q062,2026,62,,,,,,,,,,83,4,,,,,,UPSC official previous-question-paper archive,2026 source date <= PYQ year,,,,,UNVERIFIED,UnlockIAS reproduction/analysis available; treated only as a secondary question-text cross-check,https://www.unlockias.in/upsc-prelims-pyq/2026,NOT DISCLOSED BY UPSC,Question text/answer reproduction is not evidence of setter-source attribution. Primary institutional source must be independently located and proposition-matched.,,Question inventory created; forensic source verification pending,BLOCKED_UNTIL_SOURCE_QA
UPSC-2026-GS1-Q063,2026,63,,,,,,,,,,145,4,,,,,,UPSC official previous-question-paper archive,2026 source date <= PYQ year,,,,,UNVERIFIED,UnlockIAS reproduction/analysis available; treated only as a secondary question-text cross-check,https://www.unlockias.in/upsc-prelims-pyq/2026,NOT DISCLOSED BY UPSC,Question text/answer reproduction is not evidence of setter-source attribution. Primary institutional source must be independently located and proposition-matched.,,Question inventory created; forensic source verification pending,BLOCKED_UNTIL_SOURCE_QA
UPSC-2026-GS1-Q064,2026,64,,,,,,,,,,100,4,,,,,,UPSC official previous-question-paper archive,2026 source date <= PYQ year,,,,,UNVERIFIED,UnlockIAS reproduction/analysis available; treated only as a secondary question-text cross-check,https://www.unlockias.in/upsc-prelims-pyq/2026,NOT DISCLOSED BY UPSC,Question text/answer reproduction is not evidence of setter-source attribution. Primary institutional source must be independently located and proposition-matched.,,Question inventory created; forensic source verification pending,BLOCKED_UNTIL_SOURCE_QA
UPSC-2026-GS1-Q065,2026,65,,,,,,,,,,84,4,,,,,,UPSC official previous-question-paper archive,2026 source date <= PYQ year,,,,,UNVERIFIED,UnlockIAS reproduction/analysis available; treated only as a secondary question-text cross-check,https://www.unlockias.in/upsc-prelims-pyq/2026,NOT DISCLOSED BY UPSC,Question text/answer reproduction is not evidence of setter-source attribution. Primary institutional source must be independently located and proposition-matched.,,Question inventory created; forensic source verification pending,BLOCKED_UNTIL_SOURCE_QA
UPSC-2026-GS1-Q066,2026,66,,,,,,,,,,75,4,,,,,,UPSC official previous-question-paper archive,2026 source date <= PYQ year,,,,,UNVERIFIED,UnlockIAS reproduction/analysis available; treated only as a secondary question-text cross-check,https://www.unlockias.in/upsc-prelims-pyq/2026,NOT DISCLOSED BY UPSC,Question text/answer reproduction is not evidence of setter-source attribution. Primary institutional source must be independently located and proposition-matched.,,Question inventory created; forensic source verification pending,BLOCKED_UNTIL_SOURCE_QA
UPSC-2026-GS1-Q067,2026,67,,,,,,,,,,82,4,,,,,,UPSC official previous-question-paper archive,2026 source date <= PYQ year,,,,,UNVERIFIED,UnlockIAS reproduction/analysis available; treated only as a secondary question-text cross-check,https://www.unlockias.in/upsc-prelims-pyq/2026,NOT DISCLOSED BY UPSC,Question text/answer reproduction is not evidence of setter-source attribution. Primary institutional source must be independently located and proposition-matched.,,Question inventory created; forensic source verification pending,BLOCKED_UNTIL_SOURCE_QA
UPSC-2026-GS1-Q068,2026,68,,,,,,,,,,84,4,,,,,,UPSC official previous-question-paper archive,2026 source date <= PYQ year,,,,,UNVERIFIED,UnlockIAS reproduction/analysis available; treated only as a secondary question-text cross-check,https://www.unlockias.in/upsc-prelims-pyq/2026,NOT DISCLOSED BY UPSC,Question text/answer reproduction is not evidence of setter-source attribution. Primary institutional source must be independently located and proposition-matched.,,Question inventory created; forensic source verification pending,BLOCKED_UNTIL_SOURCE_QA
UPSC-2026-GS1-Q069,2026,69,,,,,,,,,,81,4,,,,,,UPSC official previous-question-paper archive,2026 source date <= PYQ year,,,,,UNVERIFIED,UnlockIAS reproduction/analysis available; treated only as a secondary question-text cross-check,https://www.unlockias.in/upsc-prelims-pyq/2026,NOT DISCLOSED BY UPSC,Question text/answer reproduction is not evidence of setter-source attribution. Primary institutional source must be independently located and proposition-matched.,,Question inventory created; forensic source verification pending,BLOCKED_UNTIL_SOURCE_QA
UPSC-2026-GS1-Q070,2026,70,,,,,,,,,,92,4,,,,,,UPSC official previous-question-paper archive,2026 source date <= PYQ year,,,,,UNVERIFIED,UnlockIAS reproduction/analysis available; treated only as a secondary question-text cross-check,https://www.unlockias.in/upsc-prelims-pyq/2026,NOT DISCLOSED BY UPSC,Question text/answer reproduction is not evidence of setter-source attribution. Primary institutional source must be independently located and proposition-matched.,,Question inventory created; forensic source verification pending,BLOCKED_UNTIL_SOURCE_QA
UPSC-2026-GS1-Q071,2026,71,,,,,,,,,,90,4,,,,,,UPSC official previous-question-paper archive,2026 source date <= PYQ year,,,,,UNVERIFIED,UnlockIAS reproduction/analysis available; treated only as a secondary question-text cross-check,https://www.unlockias.in/upsc-prelims-pyq/2026,NOT DISCLOSED BY UPSC,Question text/answer reproduction is not evidence of setter-source attribution. Primary institutional source must be independently located and proposition-matched.,,Question inventory created; forensic source verification pending,BLOCKED_UNTIL_SOURCE_QA
UPSC-2026-GS1-Q072,2026,72,,,,,,,,,,82,4,,,,,,UPSC official previous-question-paper archive,2026 source date <= PYQ year,,,,,UNVERIFIED,UnlockIAS reproduction/analysis available; treated only as a secondary question-text cross-check,https://www.unlockias.in/upsc-prelims-pyq/2026,NOT DISCLOSED BY UPSC,Question text/answer reproduction is not evidence of setter-source attribution. Primary institutional source must be independently located and proposition-matched.,,Question inventory created; forensic source verification pending,BLOCKED_UNTIL_SOURCE_QA
UPSC-2026-GS1-Q073,2026,73,,,,,,,,,,82,4,,,,,,UPSC official previous-question-paper archive,2026 source date <= PYQ year,,,,,UNVERIFIED,UnlockIAS reproduction/analysis available; treated only as a secondary question-text cross-check,https://www.unlockias.in/upsc-prelims-pyq/2026,NOT DISCLOSED BY UPSC,Question text/answer reproduction is not evidence of setter-source attribution. Primary institutional source must be independently located and proposition-matched.,,Question inventory created; forensic source verification pending,BLOCKED_UNTIL_SOURCE_QA
UPSC-2026-GS1-Q074,2026,74,,,,,,,,,,79,4,,,,,,UPSC official previous-question-paper archive,2026 source date <= PYQ year,,,,,UNVERIFIED,UnlockIAS reproduction/analysis available; treated only as a secondary question-text cross-check,https://www.unlockias.in/upsc-prelims-pyq/2026,NOT DISCLOSED BY UPSC,Question text/answer reproduction is not evidence of setter-source attribution. Primary institutional source must be independently located and proposition-matched.,,Question inventory created; forensic source verification pending,BLOCKED_UNTIL_SOURCE_QA
UPSC-2026-GS1-Q075,2026,75,,,,,,,,,,80,4,,,,,,UPSC official previous-question-paper archive,2026 source date <= PYQ year,,,,,UNVERIFIED,UnlockIAS reproduction/analysis available; treated only as a secondary question-text cross-check,https://www.unlockias.in/upsc-prelims-pyq/2026,NOT DISCLOSED BY UPSC,Question text/answer reproduction is not evidence of setter-source attribution. Primary institutional source must be independently located and proposition-matched.,,Question inventory created; forensic source verification pending,BLOCKED_UNTIL_SOURCE_QA
UPSC-2026-GS1-Q076,2026,76,,,,,,,,,,115,4,,,,,,UPSC official previous-question-paper archive,2026 source date <= PYQ year,,,,,UNVERIFIED,UnlockIAS reproduction/analysis available; treated only as a secondary question-text cross-check,https://www.unlockias.in/upsc-prelims-pyq/2026,NOT DISCLOSED BY UPSC,Question text/answer reproduction is not evidence of setter-source attribution. Primary institutional source must be independently located and proposition-matched.,,Question inventory created; forensic source verification pending,BLOCKED_UNTIL_SOURCE_QA
UPSC-2026-GS1-Q077,2026,77,,,,,,,,,,175,4,,,,,,UPSC official previous-question-paper archive,2026 source date <= PYQ year,,,,,UNVERIFIED,UnlockIAS reproduction/analysis available; treated only as a secondary question-text cross-check,https://www.unlockias.in/upsc-prelims-pyq/2026,NOT DISCLOSED BY UPSC,Question text/answer reproduction is not evidence of setter-source attribution. Primary institutional source must be independently located and proposition-matched.,,Question inventory created; forensic source verification pending,BLOCKED_UNTIL_SOURCE_QA
UPSC-2026-GS1-Q078,2026,78,,,,,,,,,,195,4,,,,,,UPSC official previous-question-paper archive,2026 source date <= PYQ year,,,,,UNVERIFIED,UnlockIAS reproduction/analysis available; treated only as a secondary question-text cross-check,https://www.unlockias.in/upsc-prelims-pyq/2026,NOT DISCLOSED BY UPSC,Question text/answer reproduction is not evidence of setter-source attribution. Primary institutional source must be independently located and proposition-matched.,,Question inventory created; forensic source verification pending,BLOCKED_UNTIL_SOURCE_QA
UPSC-2026-GS1-Q079,2026,79,,,,,,,,,,143,4,,,,,,UPSC official previous-question-paper archive,2026 source date <= PYQ year,,,,,UNVERIFIED,UnlockIAS reproduction/analysis available; treated only as a secondary question-text cross-check,https://www.unlockias.in/upsc-prelims-pyq/2026,NOT DISCLOSED BY UPSC,Question text/answer reproduction is not evidence of setter-source attribution. Primary institutional source must be independently located and proposition-matched.,,Question inventory created; forensic source verification pending,BLOCKED_UNTIL_SOURCE_QA
UPSC-2026-GS1-Q080,2026,80,,,,,,,,,,135,4,,,,,,UPSC official previous-question-paper archive,2026 source date <= PYQ year,,,,,UNVERIFIED,UnlockIAS reproduction/analysis available; treated only as a secondary question-text cross-check,https://www.unlockias.in/upsc-prelims-pyq/2026,NOT DISCLOSED BY UPSC,Question text/answer reproduction is not evidence of setter-source attribution. Primary institutional source must be independently located and proposition-matched.,,Question inventory created; forensic source verification pending,BLOCKED_UNTIL_SOURCE_QA
UPSC-2026-GS1-Q081,2026,81,,,,,,,,,,142,4,,,,,,UPSC official previous-question-paper archive,2026 source date <= PYQ year,,,,,UNVERIFIED,UnlockIAS reproduction/analysis available; treated only as a secondary question-text cross-check,https://www.unlockias.in/upsc-prelims-pyq/2026,NOT DISCLOSED BY UPSC,Question text/answer reproduction is not evidence of setter-source attribution. Primary institutional source must be independently located and proposition-matched.,,Question inventory created; forensic source verification pending,BLOCKED_UNTIL_SOURCE_QA
UPSC-2026-GS1-Q082,2026,82,,,,,,,,,,138,4,,,,,,UPSC official previous-question-paper archive,2026 source date <= PYQ year,,,,,UNVERIFIED,UnlockIAS reproduction/analysis available; treated only as a secondary question-text cross-check,https://www.unlockias.in/upsc-prelims-pyq/2026,NOT DISCLOSED BY UPSC,Question text/answer reproduction is not evidence of setter-source attribution. Primary institutional source must be independently located and proposition-matched.,,Question inventory created; forensic source verification pending,BLOCKED_UNTIL_SOURCE_QA
UPSC-2026-GS1-Q083,2026,83,,,,,,,,,,104,4,,,,,,UPSC official previous-question-paper archive,2026 source date <= PYQ year,,,,,UNVERIFIED,UnlockIAS reproduction/analysis available; treated only as a secondary question-text cross-check,https://www.unlockias.in/upsc-prelims-pyq/2026,NOT DISCLOSED BY UPSC,Question text/answer reproduction is not evidence of setter-source attribution. Primary institutional source must be independently located and proposition-matched.,,Question inventory created; forensic source verification pending,BLOCKED_UNTIL_SOURCE_QA
UPSC-2026-GS1-Q084,2026,84,,,,,,,,,,157,4,,,,,,UPSC official previous-question-paper archive,2026 source date <= PYQ year,,,,,UNVERIFIED,UnlockIAS reproduction/analysis available; treated only as a secondary question-text cross-check,https://www.unlockias.in/upsc-prelims-pyq/2026,NOT DISCLOSED BY UPSC,Question text/answer reproduction is not evidence of setter-source attribution. Primary institutional source must be independently located and proposition-matched.,,Question inventory created; forensic source verification pending,BLOCKED_UNTIL_SOURCE_QA
UPSC-2026-GS1-Q085,2026,85,,,,,,,,,,97,4,,,,,,UPSC official previous-question-paper archive,2026 source date <= PYQ year,,,,,UNVERIFIED,UnlockIAS reproduction/analysis available; treated only as a secondary question-text cross-check,https://www.unlockias.in/upsc-prelims-pyq/2026,NOT DISCLOSED BY UPSC,Question text/answer reproduction is not evidence of setter-source attribution. Primary institutional source must be independently located and proposition-matched.,,Question inventory created; forensic source verification pending,BLOCKED_UNTIL_SOURCE_QA
UPSC-2026-GS1-Q086,2026,86,,,,,,,,,,76,4,,,,,,UPSC official previous-question-paper archive,2026 source date <= PYQ year,,,,,UNVERIFIED,UnlockIAS reproduction/analysis available; treated only as a secondary question-text cross-check,https://www.unlockias.in/upsc-prelims-pyq/2026,NOT DISCLOSED BY UPSC,Question text/answer reproduction is not evidence of setter-source attribution. Primary institutional source must be independently located and proposition-matched.,,Question inventory created; forensic source verification pending,BLOCKED_UNTIL_SOURCE_QA
UPSC-2026-GS1-Q087,2026,87,,,,,,,,,,124,4,,,,,,UPSC official previous-question-paper archive,2026 source date <= PYQ year,,,,,UNVERIFIED,UnlockIAS reproduction/analysis available; treated only as a secondary question-text cross-check,https://www.unlockias.in/upsc-prelims-pyq/2026,NOT DISCLOSED BY UPSC,Question text/answer reproduction is not evidence of setter-source attribution. Primary institutional source must be independently located and proposition-matched.,,Question inventory created; forensic source verification pending,BLOCKED_UNTIL_SOURCE_QA
UPSC-2026-GS1-Q088,2026,88,,,,,,,,,,116,4,,,,,,UPSC official previous-question-paper archive,2026 source date <= PYQ year,,,,,UNVERIFIED,UnlockIAS reproduction/analysis available; treated only as a secondary question-text cross-check,https://www.unlockias.in/upsc-prelims-pyq/2026,NOT DISCLOSED BY UPSC,Question text/answer reproduction is not evidence of setter-source attribution. Primary institutional source must be independently located and proposition-matched.,,Question inventory created; forensic source verification pending,BLOCKED_UNTIL_SOURCE_QA
UPSC-2026-GS1-Q089,2026,89,,,,,,,,,,98,4,,,,,,UPSC official previous-question-paper archive,2026 source date <= PYQ year,,,,,UNVERIFIED,UnlockIAS reproduction/analysis available; treated only as a secondary question-text cross-check,https://www.unlockias.in/upsc-prelims-pyq/2026,NOT DISCLOSED BY UPSC,Question text/answer reproduction is not evidence of setter-source attribution. Primary institutional source must be independently located and proposition-matched.,,Question inventory created; forensic source verification pending,BLOCKED_UNTIL_SOURCE_QA
UPSC-2026-GS1-Q090,2026,90,,,,,,,,,,130,4,,,,,,UPSC official previous-question-paper archive,2026 source date <= PYQ year,,,,,UNVERIFIED,UnlockIAS reproduction/analysis available; treated only as a secondary question-text cross-check,https://www.unlockias.in/upsc-prelims-pyq/2026,NOT DISCLOSED BY UPSC,Question text/answer reproduction is not evidence of setter-source attribution. Primary institutional source must be independently located and proposition-matched.,,Question inventory created; forensic source verification pending,BLOCKED_UNTIL_SOURCE_QA
UPSC-2026-GS1-Q091,2026,91,,,,,,,,,,59,4,,,,,,UPSC official previous-question-paper archive,2026 source date <= PYQ year,,,,,UNVERIFIED,UnlockIAS reproduction/analysis available; treated only as a secondary question-text cross-check,https://www.unlockias.in/upsc-prelims-pyq/2026,NOT DISCLOSED BY UPSC,Question text/answer reproduction is not evidence of setter-source attribution. Primary institutional source must be independently located and proposition-matched.,,Question inventory created; forensic source verification pending,BLOCKED_UNTIL_SOURCE_QA
UPSC-2026-GS1-Q092,2026,92,,,,,,,,,,86,4,,,,,,UPSC official previous-question-paper archive,2026 source date <= PYQ year,,,,,UNVERIFIED,UnlockIAS reproduction/analysis available; treated only as a secondary question-text cross-check,https://www.unlockias.in/upsc-prelims-pyq/2026,NOT DISCLOSED BY UPSC,Question text/answer reproduction is not evidence of setter-source attribution. Primary institutional source must be independently located and proposition-matched.,,Question inventory created; forensic source verification pending,BLOCKED_UNTIL_SOURCE_QA
UPSC-2026-GS1-Q093,2026,93,,,,,,,,,,54,4,,,,,,UPSC official previous-question-paper archive,2026 source date <= PYQ year,,,,,UNVERIFIED,UnlockIAS reproduction/analysis available; treated only as a secondary question-text cross-check,https://www.unlockias.in/upsc-prelims-pyq/2026,NOT DISCLOSED BY UPSC,Question text/answer reproduction is not evidence of setter-source attribution. Primary institutional source must be independently located and proposition-matched.,,Question inventory created; forensic source verification pending,BLOCKED_UNTIL_SOURCE_QA
UPSC-2026-GS1-Q094,2026,94,,,,,,,,,,112,4,,,,,,UPSC official previous-question-paper archive,2026 source date <= PYQ year,,,,,UNVERIFIED,UnlockIAS reproduction/analysis available; treated only as a secondary question-text cross-check,https://www.unlockias.in/upsc-prelims-pyq/2026,NOT DISCLOSED BY UPSC,Question text/answer reproduction is not evidence of setter-source attribution. Primary institutional source must be independently located and proposition-matched.,,Question inventory created; forensic source verification pending,BLOCKED_UNTIL_SOURCE_QA
UPSC-2026-GS1-Q095,2026,95,,,,,,,,,,49,4,,,,,,UPSC official previous-question-paper archive,2026 source date <= PYQ year,,,,,UNVERIFIED,UnlockIAS reproduction/analysis available; treated only as a secondary question-text cross-check,https://www.unlockias.in/upsc-prelims-pyq/2026,NOT DISCLOSED BY UPSC,Question text/answer reproduction is not evidence of setter-source attribution. Primary institutional source must be independently located and proposition-matched.,,Question inventory created; forensic source verification pending,BLOCKED_UNTIL_SOURCE_QA
UPSC-2026-GS1-Q096,2026,96,,,,,,,,,,83,4,,,,,,UPSC official previous-question-paper archive,2026 source date <= PYQ year,,,,,UNVERIFIED,UnlockIAS reproduction/analysis available; treated only as a secondary question-text cross-check,https://www.unlockias.in/upsc-prelims-pyq/2026,NOT DISCLOSED BY UPSC,Question text/answer reproduction is not evidence of setter-source attribution. Primary institutional source must be independently located and proposition-matched.,,Question inventory created; forensic source verification pending,BLOCKED_UNTIL_SOURCE_QA
UPSC-2026-GS1-Q097,2026,97,,,,,,,,,,84,4,,,,,,UPSC official previous-question-paper archive,2026 source date <= PYQ year,,,,,UNVERIFIED,UnlockIAS reproduction/analysis available; treated only as a secondary question-text cross-check,https://www.unlockias.in/upsc-prelims-pyq/2026,NOT DISCLOSED BY UPSC,Question text/answer reproduction is not evidence of setter-source attribution. Primary institutional source must be independently located and proposition-matched.,,Question inventory created; forensic source verification pending,BLOCKED_UNTIL_SOURCE_QA
UPSC-2026-GS1-Q098,2026,98,,,,,,,,,,38,4,,,,,,UPSC official previous-question-paper archive,2026 source date <= PYQ year,,,,,UNVERIFIED,UnlockIAS reproduction/analysis available; treated only as a secondary question-text cross-check,https://www.unlockias.in/upsc-prelims-pyq/2026,NOT DISCLOSED BY UPSC,Question text/answer reproduction is not evidence of setter-source attribution. Primary institutional source must be independently located and proposition-matched.,,Question inventory created; forensic source verification pending,BLOCKED_UNTIL_SOURCE_QA
UPSC-2026-GS1-Q099,2026,99,,,,,,,,,,106,4,,,,,,UPSC official previous-question-paper archive,2026 source date <= PYQ year,,,,,UNVERIFIED,UnlockIAS reproduction/analysis available; treated only as a secondary question-text cross-check,https://www.unlockias.in/upsc-prelims-pyq/2026,NOT DISCLOSED BY UPSC,Question text/answer reproduction is not evidence of setter-source attribution. Primary institutional source must be independently located and proposition-matched.,,Question inventory created; forensic source verification pending,BLOCKED_UNTIL_SOURCE_QA
UPSC-2026-GS1-Q100,2026,100,,,,,,,,,,50,4,,,,,,UPSC official previous-question-paper archive,2026 source date <= PYQ year,,,,,UNVERIFIED,UnlockIAS reproduction/analysis available; treated only as a secondary question-text cross-check,https://www.unlockias.in/upsc-prelims-pyq/2026,NOT DISCLOSED BY UPSC,Question text/answer reproduction is not evidence of setter-source attribution. Primary institutional source must be independently located and proposition-matched.,,Question inventory created; forensic source verification pending,BLOCKED_UNTIL_SOURCE_QA
